,company,CIN,Constituency,state,district,Party,Winning Candidate,LokSabha_Ministry,LokSabha_MinCode,rs_min_name,rs_min_ministry,ministriesInfluenced,buss_sector,amount
0,UNITED BREWERIES LIMITED,L36999KA1999PLC025195,VIZIANAGARAM,ANDHRA PRADESH,SRIKAKULAM,Telugu Desam,Ashok Gajapathi Raju Pusapati,['Civil Aviation'],[36.0],[],[],"[4, 9, 11, 13, 16, 20, 21, 24, 27, 31, 32, 33, 36, 50]",Manufacturing (Others),"2,100,000.00"
1,NTPC LIMITED,L40101DL1975GOI007966,PATALIPUTRA,BIHAR,PATNA,Bharatiya Janta Party,Ram Kripal Yadav,['Drinking Water and Sanitation'],[51.0],"['Ravi Shankar Prasad', 'Dharmendra Pradhan']","[32, 30]","[3, 10, 15, 16, 18, 20, 21, 24, 38, 51]","Electricity, Gas & Water companies","17,400,000.00"
2,HSBC INVESTDIRECT FINANCIAL SERVICES (INDIA) LIMITED,U67190MH1996PLC097473,MUNGER,BIHAR,PATNA,Lok Jan Shakti Party,Veena Devi,[],[],"['Ravi Shankar Prasad', 'Dharmendra Pradhan']","[32, 30]","[16, 20, 21, 24, 32]",Finance,"4,100,000.00"
3,HSBC INVESTDIRECT FINANCIAL SERVICES (INDIA) LIMITED,U67190MH1996PLC097473,PATALIPUTRA,BIHAR,PATNA,Bharatiya Janta Party,Ram Kripal Yadav,['Drinking Water and Sanitation'],[51.0],"['Ravi Shankar Prasad', 'Dharmendra Pradhan']","[32, 30]","[16, 20, 21, 24, 32]",Finance,"4,100,000.00"
4,HSBC INVESTDIRECT FINANCIAL SERVICES (INDIA) LIMITED,U67190MH1996PLC097473,PATNA SAHIB,BIHAR,PATNA,Bharatiya Janta Party,Shatrughana Sinha,[],[],"['Ravi Shankar Prasad', 'Dharmendra Pradhan']","[32, 30]","[16, 20, 21, 24, 32]",Finance,"4,100,000.00"
5,POWER GRID CORPORATION OF INDIA LIMITED,L40101DL1989GOI038121,PATALIPUTRA,BIHAR,PATNA,Bharatiya Janta Party,Ram Kripal Yadav,['Drinking Water and Sanitation'],[51.0],"['Ravi Shankar Prasad', 'Dharmendra Pradhan']","[32, 30]","[3, 10, 15, 16, 18, 20, 21, 24, 38, 51]","Electricity, Gas & Water companies","1,000,000.00"
6,CANARA HSBC ORIENTAL BANK OF COMMERCE LIFE INSURANCE COMPANY LIMITED,U66010DL2007PLC248825,MUNGER,BIHAR,PATNA,Lok Jan Shakti Party,Veena Devi,[],[],"['Ravi Shankar Prasad', 'Dharmendra Pradhan']","[32, 30]","[1, 8, 16, 20, 21, 24, 32]",Insurance,"500,000.00"
7,CANARA HSBC ORIENTAL BANK OF COMMERCE LIFE INSURANCE COMPANY LIMITED,U66010DL2007PLC248825,PATALIPUTRA,BIHAR,PATNA,Bharatiya Janta Party,Ram Kripal Yadav,['Drinking Water and Sanitation'],[51.0],"['Ravi Shankar Prasad', 'Dharmendra Pradhan']","[32, 30]","[1, 8, 16, 20, 21, 24, 32]",Insurance,"500,000.00"
8,CANARA HSBC ORIENTAL BANK OF COMMERCE LIFE INSURANCE COMPANY LIMITED,U66010DL2007PLC248825,PATNA SAHIB,BIHAR,PATNA,Bharatiya Janta Party,Shatrughana Sinha,[],[],"['Ravi Shankar Prasad', 'Dharmendra Pradhan']","[32, 30]","[1, 8, 16, 20, 21, 24, 32]",Insurance,"500,000.00"
9,IDBI BANK LIMITED,L65190MH2004GOI148838,MUNGER,BIHAR,PATNA,Lok Jan Shakti Party,Veena Devi,[],[],"['Ravi Shankar Prasad', 'Dharmendra Pradhan']","[32, 30]","[16, 20, 21, 24, 32]",Finance,"400,000.00"
10,IDBI BANK LIMITED,L65190MH2004GOI148838,PATALIPUTRA,BIHAR,PATNA,Bharatiya Janta Party,Ram Kripal Yadav,['Drinking Water and Sanitation'],[51.0],"['Ravi Shankar Prasad', 'Dharmendra Pradhan']","[32, 30]","[16, 20, 21, 24, 32]",Finance,"400,000.00"
11,IDBI BANK LIMITED,L65190MH2004GOI148838,PATNA SAHIB,BIHAR,PATNA,Bharatiya Janta Party,Shatrughana Sinha,[],[],"['Ravi Shankar Prasad', 'Dharmendra Pradhan']","[32, 30]","[16, 20, 21, 24, 32]",Finance,"400,000.00"
12,NATIONAL INSURANCE CO LTD,U10200WB1906GOI001713,MUNGER,BIHAR,PATNA,Lok Jan Shakti Party,Veena Devi,[],[],"['Ravi Shankar Prasad', 'Dharmendra Pradhan']","[32, 30]","[16, 17, 20, 21, 24, 30, 38]",Mining & Quarrying,"200,000.00"
13,NATIONAL INSURANCE CO LTD,U10200WB1906GOI001713,PATALIPUTRA,BIHAR,PATNA,Bharatiya Janta Party,Ram Kripal Yadav,['Drinking Water and Sanitation'],[51.0],"['Ravi Shankar Prasad', 'Dharmendra Pradhan']","[32, 30]","[16, 17, 20, 21, 24, 30, 38]",Mining & Quarrying,"200,000.00"
14,NATIONAL INSURANCE CO LTD,U10200WB1906GOI001713,PATNA SAHIB,BIHAR,PATNA,Bharatiya Janta Party,Shatrughana Sinha,[],[],"['Ravi Shankar Prasad', 'Dharmendra Pradhan']","[32, 30]","[16, 17, 20, 21, 24, 30, 38]",Mining & Quarrying,"200,000.00"
15,BIHAR STATE POWER TRANSMISSION COMPANY LIMITED,U40102BR2012SGC018889,PATALIPUTRA,BIHAR,PATNA,Bharatiya Janta Party,Ram Kripal Yadav,['Drinking Water and Sanitation'],[51.0],"['Ravi Shankar Prasad', 'Dharmendra Pradhan']","[32, 30]","[3, 10, 15, 16, 18, 20, 21, 24, 38, 51]","Electricity, Gas & Water companies","200,000.00"
16,WAPCOS LIMITED,U74899DL1969GOI005070,MUNGER,BIHAR,PATNA,Lok Jan Shakti Party,Veena Devi,[],[],"['Ravi Shankar Prasad', 'Dharmendra Pradhan']","[32, 30]","[8, 9, 11, 13, 14, 16, 19, 20, 21, 24, 27, 31, 32, 33, 35, 40, 44]",Business Services,0.00
17,WAPCOS LIMITED,U74899DL1969GOI005070,PATALIPUTRA,BIHAR,PATNA,Bharatiya Janta Party,Ram Kripal Yadav,['Drinking Water and Sanitation'],[51.0],"['Ravi Shankar Prasad', 'Dharmendra Pradhan']","[32, 30]","[8, 9, 11, 13, 14, 16, 19, 20, 21, 24, 27, 31, 32, 33, 35, 40, 44]",Business Services,0.00
18,WAPCOS LIMITED,U74899DL1969GOI005070,PATNA SAHIB,BIHAR,PATNA,Bharatiya Janta Party,Shatrughana Sinha,[],[],"['Ravi Shankar Prasad', 'Dharmendra Pradhan']","[32, 30]","[8, 9, 11, 13, 14, 16, 19, 20, 21, 24, 27, 31, 32, 33, 35, 40, 44]",Business Services,0.00
19,SYNGENTA INDIA LIMITED,U24210PN2000PLC135336,NORTH GOA,GOA,NORTH GOA,Bharatiya Janta Party,Shripad Yesso Naik,"['Ayurveda, Yoga & Naturopathy, Unani, Siddha and Homoeopathy (AYUSH), (Independent Charge)', 'Health and Family Welfare']","[42.0, 46.0]",[],[],"[4, 9, 16, 20, 21, 24, 33, 34, 37, 41, 42, 46]","Manufacturing (Metals & Chemicals, and products thereof)","2,800,000.00"
20,CREST VENTURES LIMITED,L99999MH1982PLC102697,NORTH GOA,GOA,NORTH GOA,Bharatiya Janta Party,Shripad Yesso Naik,"['Ayurveda, Yoga & Naturopathy, Unani, Siddha and Homoeopathy (AYUSH), (Independent Charge)', 'Health and Family Welfare']","[42.0, 46.0]",[],[],"[1, 2, 6, 8, 9, 11, 16, 19, 20, 21, 23, 24, 27, 28, 32, 33, 37, 40, 46]",Others,"200,000.00"
21,SAT KAIVAL HOSPITAL PRIVATE LIMITED,U85110GJ2009PTC056671,ANAND,GUJARAT,ANAND,Bharatiya Janta Party,Dilip Patel,[],[],['Smriti Irani'],[7],"[1, 2, 3, 5, 7, 8, 16, 20, 21, 24, 28, 33, 39, 42, 46, 48, 49]","Community, personal & Social Services","1,400,000.00"
22,TORRENT PHARMACEUTICALS LTD,L24230GJ1972PLC002126,BANASKANTHA,GUJARAT,BANASKANTHA,Bharatiya Janta Party,Chaudhary Haribhai Parthibhai,['Home Affairs'],[33.0],[],[],"[4, 9, 16, 20, 21, 24, 33, 34, 37, 41, 42, 46]","Manufacturing (Metals & Chemicals, and products thereof)","10,000,000.00"
23,CD EQUIFINANCE PRIVATE LIMITED,U65999WB1985PTC039880,KHEDA,GUJARAT,KHEDA,Bharatiya Janta Party,Chauhan Devusinh Jesingbhai (CHAUHAN DEVUSINH),[],[],['Arun Jaitley'],"[21, 16, 19]","[16, 20, 21, 24, 32]",Finance,"4,000,000.00"
24,CD EQUIFINANCE PRIVATE LIMITED,U65999WB1985PTC039880,PANCHMAHAL,GUJARAT,KHEDA,Bharatiya Janta Party,Chauhan Prabhatsinh Pratapsinh,[],[],['Arun Jaitley'],"[21, 16, 19]","[16, 20, 21, 24, 32]",Finance,"4,000,000.00"
25,ABC BEARINGS LIMITED,L29130MH1961PLC012028,KHEDA,GUJARAT,KHEDA,Bharatiya Janta Party,Chauhan Devusinh Jesingbhai (CHAUHAN DEVUSINH),[],[],['Arun Jaitley'],"[21, 16, 19]","[4, 12, 13, 16, 20, 21, 24, 37]",Manufacturing (Machinery & Equipments),"2,500,000.00"
26,ABC BEARINGS LIMITED,L29130MH1961PLC012028,PANCHMAHAL,GUJARAT,KHEDA,Bharatiya Janta Party,Chauhan Prabhatsinh Pratapsinh,[],[],['Arun Jaitley'],"[21, 16, 19]","[4, 12, 13, 16, 20, 21, 24, 37]",Manufacturing (Machinery & Equipments),"2,500,000.00"
27,RELIANCE VENTURES LIMITED,U24120MH1999PLC121009,KHEDA,GUJARAT,KHEDA,Bharatiya Janta Party,Chauhan Devusinh Jesingbhai (CHAUHAN DEVUSINH),[],[],['Arun Jaitley'],"[21, 16, 19]","[4, 9, 16, 20, 21, 24, 33, 34, 37, 41, 42, 46]","Manufacturing (Metals & Chemicals, and products thereof)","200,000.00"
28,RELIANCE VENTURES LIMITED,U24120MH1999PLC121009,PANCHMAHAL,GUJARAT,KHEDA,Bharatiya Janta Party,Chauhan Prabhatsinh Pratapsinh,[],[],['Arun Jaitley'],"[21, 16, 19]","[4, 9, 16, 20, 21, 24, 33, 34, 37, 41, 42, 46]","Manufacturing (Metals & Chemicals, and products thereof)","200,000.00"
29,UNIVERSAL MEDICAP LIMITED,U24230GJ1992PLC018009,KHEDA,GUJARAT,KHEDA,Bharatiya Janta Party,Chauhan Devusinh Jesingbhai (CHAUHAN DEVUSINH),[],[],['Arun Jaitley'],"[21, 16, 19]","[4, 9, 16, 20, 21, 24, 33, 34, 37, 41, 42, 46]","Manufacturing (Metals & Chemicals, and products thereof)","100,000.00"
30,UNIVERSAL MEDICAP LIMITED,U24230GJ1992PLC018009,PANCHMAHAL,GUJARAT,KHEDA,Bharatiya Janta Party,Chauhan Prabhatsinh Pratapsinh,[],[],['Arun Jaitley'],"[21, 16, 19]","[4, 9, 16, 20, 21, 24, 33, 34, 37, 41, 42, 46]","Manufacturing (Metals & Chemicals, and products thereof)","100,000.00"
31,AJANTA PRIVATE LIMITED,U33300GJ1989PTC013081,RAJKOT,GUJARAT,MORBI,Bharatiya Janta Party,Kundariya Mohanbhai Kalyanjibhai,['Agriculture'],[37.0],[],[],"[4, 12, 13, 16, 20, 21, 24, 37]",Manufacturing (Machinery & Equipments),"14,400,000.00"
32,NIRMA LIMITED,U24240GJ1980PLC003670,RAJKOT,GUJARAT,RAJKOT,Bharatiya Janta Party,Kundariya Mohanbhai Kalyanjibhai,['Agriculture'],[37.0],[],[],"[4, 9, 16, 20, 21, 24, 33, 34, 37, 41, 42, 46]","Manufacturing (Metals & Chemicals, and products thereof)","15,100,000.00"
33,NIRMA CHEMICAL WORKS PRIVATE LIMITED,U24231GJ1994PTC023482,RAJKOT,GUJARAT,RAJKOT,Bharatiya Janta Party,Kundariya Mohanbhai Kalyanjibhai,['Agriculture'],[37.0],[],[],"[4, 9, 16, 20, 21, 24, 33, 34, 37, 41, 42, 46]","Manufacturing (Metals & Chemicals, and products thereof)","12,500,000.00"
34,DISHMAN PHARMACEUTICALS AND CHEMICALS LIMITED,L24230GJ1983PLC006329,RAJKOT,GUJARAT,RAJKOT,Bharatiya Janta Party,Kundariya Mohanbhai Kalyanjibhai,['Agriculture'],[37.0],[],[],"[4, 9, 16, 20, 21, 24, 33, 34, 37, 41, 42, 46]","Manufacturing (Metals & Chemicals, and products thereof)","10,000,000.00"
35,FM PBW BEARINGS PRIVATE LIMITED,U27101GJ2014PTC078162,RAJKOT,GUJARAT,RAJKOT,Bharatiya Janta Party,Kundariya Mohanbhai Kalyanjibhai,['Agriculture'],[37.0],[],[],"[4, 9, 16, 20, 21, 24, 33, 34, 37, 41, 42, 46]","Manufacturing (Metals & Chemicals, and products thereof)","3,700,000.00"
36,FORGE AND FORGE PRIVATE LIMITED,U28910GJ1974PTC002548,RAJKOT,GUJARAT,RAJKOT,Bharatiya Janta Party,Kundariya Mohanbhai Kalyanjibhai,['Agriculture'],[37.0],[],[],"[4, 9, 16, 20, 21, 24, 33, 34, 37, 41, 42, 46]","Manufacturing (Metals & Chemicals, and products thereof)","2,000,000.00"
37,GUJARAT INTRUX LIMITED,L24129GJ1992PLC016917,RAJKOT,GUJARAT,RAJKOT,Bharatiya Janta Party,Kundariya Mohanbhai Kalyanjibhai,['Agriculture'],[37.0],[],[],"[4, 9, 16, 20, 21, 24, 33, 34, 37, 41, 42, 46]","Manufacturing (Metals & Chemicals, and products thereof)","1,400,000.00"
38,PRASHANT CASTECH PRIVATE LIMITED,U27310GJ2009PTC056501,RAJKOT,GUJARAT,RAJKOT,Bharatiya Janta Party,Kundariya Mohanbhai Kalyanjibhai,['Agriculture'],[37.0],[],[],"[4, 9, 16, 20, 21, 24, 33, 34, 37, 41, 42, 46]","Manufacturing (Metals & Chemicals, and products thereof)","1,300,000.00"
39,RAJOO ENGINEERS LIMITED,L27100GJ1986PLC009212,RAJKOT,GUJARAT,RAJKOT,Bharatiya Janta Party,Kundariya Mohanbhai Kalyanjibhai,['Agriculture'],[37.0],[],[],"[4, 9, 16, 20, 21, 24, 33, 34, 37, 41, 42, 46]","Manufacturing (Metals & Chemicals, and products thereof)","1,200,000.00"
40,INTRICAST PRIVATE LIMITED,U27310GJ1987PTC010182,RAJKOT,GUJARAT,RAJKOT,Bharatiya Janta Party,Kundariya Mohanbhai Kalyanjibhai,['Agriculture'],[37.0],[],[],"[4, 9, 16, 20, 21, 24, 33, 34, 37, 41, 42, 46]","Manufacturing (Metals & Chemicals, and products thereof)","1,000,000.00"
41,ESSEN MULTIPACK LIMITED,U25209GJ1994PLC022139,RAJKOT,GUJARAT,RAJKOT,Bharatiya Janta Party,Kundariya Mohanbhai Kalyanjibhai,['Agriculture'],[37.0],[],[],"[4, 9, 16, 20, 21, 24, 33, 34, 37, 41, 42, 46]","Manufacturing (Metals & Chemicals, and products thereof)","300,000.00"
42,RELIANCE VENTURES LIMITED,U24120MH1999PLC121009,RAJKOT,GUJARAT,RAJKOT,Bharatiya Janta Party,Kundariya Mohanbhai Kalyanjibhai,['Agriculture'],[37.0],[],[],"[4, 9, 16, 20, 21, 24, 33, 34, 37, 41, 42, 46]","Manufacturing (Metals & Chemicals, and products thereof)",0.00
43,BHARAT HEAVY ELECTRICALS LIMITED,L74899DL1964GOI004281,GURGAON,HARYANA,GURUGRAM,Bharatiya Janta Party,Inderjit Singh Rao,"['Planning (Independent Charge)', 'Defence']",[9.0],[],[],"[8, 9, 11, 13, 14, 16, 19, 20, 21, 24, 27, 31, 32, 33, 35, 40, 44]",Business Services,"247,000,000.00"
44,ESSEL MINING & INDUSTRIES LTD.,U51109WB1950PLC018728,GURGAON,HARYANA,GURUGRAM,Bharatiya Janta Party,Inderjit Singh Rao,"['Planning (Independent Charge)', 'Defence']",[9.0],[],[],"[9, 11, 12, 16, 20, 21, 24, 26, 27, 28, 30, 31, 32, 34, 37, 41]",Trading,"22,500,000.00"
45,CARRIER AIRCONDITIONING & REFRIGERATION LIMITED,U74999HR1992FLC036104,GURGAON,HARYANA,GURUGRAM,Bharatiya Janta Party,Inderjit Singh Rao,"['Planning (Independent Charge)', 'Defence']",[9.0],[],[],"[8, 9, 11, 13, 14, 16, 19, 20, 21, 24, 27, 31, 32, 33, 35, 40, 44]",Business Services,"18,200,000.00"
46,RITES LIMITED,U74899DL1974GOI007227,GURGAON,HARYANA,GURUGRAM,Bharatiya Janta Party,Inderjit Singh Rao,"['Planning (Independent Charge)', 'Defence']",[9.0],[],[],"[8, 9, 11, 13, 14, 16, 19, 20, 21, 24, 27, 31, 32, 33, 35, 40, 44]",Business Services,"12,300,000.00"
47,AMBIENCE PRIVATE LIMITED,U51503DL1986PTC023886,GURGAON,HARYANA,GURUGRAM,Bharatiya Janta Party,Inderjit Singh Rao,"['Planning (Independent Charge)', 'Defence']",[9.0],[],[],"[9, 11, 12, 16, 20, 21, 24, 26, 27, 28, 30, 31, 32, 34, 37, 41]",Trading,"9,700,000.00"
48,KPMG GLOBAL SERVICES PRIVATE LIMITED,U74140HR2010PTC041413,GURGAON,HARYANA,GURUGRAM,Bharatiya Janta Party,Inderjit Singh Rao,"['Planning (Independent Charge)', 'Defence']",[9.0],[],[],"[8, 9, 11, 13, 14, 16, 19, 20, 21, 24, 27, 31, 32, 33, 35, 40, 44]",Business Services,"8,600,000.00"
49,SANDHAR TECHNOLOGIES LIMITED,U74999DL1987PLC029553,GURGAON,HARYANA,GURUGRAM,Bharatiya Janta Party,Inderjit Singh Rao,"['Planning (Independent Charge)', 'Defence']",[9.0],[],[],"[8, 9, 11, 13, 14, 16, 19, 20, 21, 24, 27, 31, 32, 33, 35, 40, 44]",Business Services,"5,800,000.00"
50,SUBROS LIMITED,L74899DL1985PLC020134,GURGAON,HARYANA,GURUGRAM,Bharatiya Janta Party,Inderjit Singh Rao,"['Planning (Independent Charge)', 'Defence']",[9.0],[],[],"[8, 9, 11, 13, 14, 16, 19, 20, 21, 24, 27, 31, 32, 33, 35, 40, 44]",Business Services,"5,300,000.00"
51,BOEING INTERNATIONAL CORPORATION INDIA PRIVATE LIMITED,U72900DL2003PTC123398,GURGAON,HARYANA,GURUGRAM,Bharatiya Janta Party,Inderjit Singh Rao,"['Planning (Independent Charge)', 'Defence']",[9.0],[],[],"[8, 9, 11, 13, 14, 16, 19, 20, 21, 24, 27, 31, 32, 33, 35, 40, 44]",Business Services,"5,000,000.00"
52,COMVIVA TECHNOLOGIES LIMITED,U72200HR1999PLC041214,GURGAON,HARYANA,GURUGRAM,Bharatiya Janta Party,Inderjit Singh Rao,"['Planning (Independent Charge)', 'Defence']",[9.0],[],[],"[8, 9, 11, 13, 14, 16, 19, 20, 21, 24, 27, 31, 32, 33, 35, 40, 44]",Business Services,"4,700,000.00"
53,DEVYANI FOOD INDUSTRIES LIMITED,U74899DL1991PLC046403,GURGAON,HARYANA,GURUGRAM,Bharatiya Janta Party,Inderjit Singh Rao,"['Planning (Independent Charge)', 'Defence']",[9.0],[],[],"[8, 9, 11, 13, 14, 16, 19, 20, 21, 24, 27, 31, 32, 33, 35, 40, 44]",Business Services,"2,600,000.00"
54,AMBIENCE DEVELOPERS & INFRASTRUCTURE PRIVATE LIMITED.,U74899DL1991PTC046129,GURGAON,HARYANA,GURUGRAM,Bharatiya Janta Party,Inderjit Singh Rao,"['Planning (Independent Charge)', 'Defence']",[9.0],[],[],"[8, 9, 11, 13, 14, 16, 19, 20, 21, 24, 27, 31, 32, 33, 35, 40, 44]",Business Services,"2,500,000.00"
55,MINDARIKA PRIVATE LIMITED,U74899DL1995PTC073692,GURGAON,HARYANA,GURUGRAM,Bharatiya Janta Party,Inderjit Singh Rao,"['Planning (Independent Charge)', 'Defence']",[9.0],[],[],"[8, 9, 11, 13, 14, 16, 19, 20, 21, 24, 27, 31, 32, 33, 35, 40, 44]",Business Services,"1,900,000.00"
56,NIKON INDIA PRIVATE LIMITED,U74999HR2007FTC036820,GURGAON,HARYANA,GURUGRAM,Bharatiya Janta Party,Inderjit Singh Rao,"['Planning (Independent Charge)', 'Defence']",[9.0],[],[],"[8, 9, 11, 13, 14, 16, 19, 20, 21, 24, 27, 31, 32, 33, 35, 40, 44]",Business Services,"1,800,000.00"
57,OZONE OVERSEAS PRIVATE LIMITED,U51101DL1999PTC102039,GURGAON,HARYANA,GURUGRAM,Bharatiya Janta Party,Inderjit Singh Rao,"['Planning (Independent Charge)', 'Defence']",[9.0],[],[],"[9, 11, 12, 16, 20, 21, 24, 26, 27, 28, 30, 31, 32, 34, 37, 41]",Trading,"1,500,000.00"
58,CARGILL GLOBAL TRADING INDIA PRIVATE LIMITED,U51909DL2002PTC118226,GURGAON,HARYANA,GURUGRAM,Bharatiya Janta Party,Inderjit Singh Rao,"['Planning (Independent Charge)', 'Defence']",[9.0],[],[],"[9, 11, 12, 16, 20, 21, 24, 26, 27, 28, 30, 31, 32, 34, 37, 41]",Trading,"1,500,000.00"
59,ASIAN HOTELS (NORTH) LIMITED,L55101DL1980PLC011037,GURGAON,HARYANA,GURUGRAM,Bharatiya Janta Party,Inderjit Singh Rao,"['Planning (Independent Charge)', 'Defence']",[9.0],[],[],"[9, 11, 12, 16, 20, 21, 24, 26, 27, 28, 30, 31, 32, 34, 37, 41]",Trading,"1,500,000.00"
60,CHANG YUN INDIA PRIVATE LIMITED,U51909DL1992PTC049978,GURGAON,HARYANA,GURUGRAM,Bharatiya Janta Party,Inderjit Singh Rao,"['Planning (Independent Charge)', 'Defence']",[9.0],[],[],"[9, 11, 12, 16, 20, 21, 24, 26, 27, 28, 30, 31, 32, 34, 37, 41]",Trading,"1,500,000.00"
61,ERICSSON INDIA PRIVATE LIMITED,U74120DL2008FTC180337,GURGAON,HARYANA,GURUGRAM,Bharatiya Janta Party,Inderjit Singh Rao,"['Planning (Independent Charge)', 'Defence']",[9.0],[],[],"[8, 9, 11, 13, 14, 16, 19, 20, 21, 24, 27, 31, 32, 33, 35, 40, 44]",Business Services,"1,300,000.00"
62,DESICCANT ROTORS INTERNATIONAL PRIVATE LIMITED,U74899DL1984PTC017497,GURGAON,HARYANA,GURUGRAM,Bharatiya Janta Party,Inderjit Singh Rao,"['Planning (Independent Charge)', 'Defence']",[9.0],[],[],"[8, 9, 11, 13, 14, 16, 19, 20, 21, 24, 27, 31, 32, 33, 35, 40, 44]",Business Services,"1,200,000.00"
63,FRESENIUS KABI ONCOLOGY LIMITED,U24231DL2003PLC119441,GURGAON,HARYANA,GURUGRAM,Bharatiya Janta Party,Inderjit Singh Rao,"['Planning (Independent Charge)', 'Defence']",[9.0],[],[],"[4, 9, 16, 20, 21, 24, 33, 34, 37, 41, 42, 46]","Manufacturing (Metals & Chemicals, and products thereof)","1,000,000.00"
64,CEB INDIA PRIVATE LIMITED,U74140HR2004PTC035324,GURGAON,HARYANA,GURUGRAM,Bharatiya Janta Party,Inderjit Singh Rao,"['Planning (Independent Charge)', 'Defence']",[9.0],[],[],"[8, 9, 11, 13, 14, 16, 19, 20, 21, 24, 27, 31, 32, 33, 35, 40, 44]",Business Services,"1,000,000.00"
65,LEASE PLAN INDIA PRIVATE LIMITED,U74899DL1983PTC015230,GURGAON,HARYANA,GURUGRAM,Bharatiya Janta Party,Inderjit Singh Rao,"['Planning (Independent Charge)', 'Defence']",[9.0],[],[],"[8, 9, 11, 13, 14, 16, 19, 20, 21, 24, 27, 31, 32, 33, 35, 40, 44]",Business Services,"800,000.00"
66,E I DUPONT INDIA PRIVATE LIMITED,U24299HR1998PTC034086,GURGAON,HARYANA,GURUGRAM,Bharatiya Janta Party,Inderjit Singh Rao,"['Planning (Independent Charge)', 'Defence']",[9.0],[],[],"[4, 9, 16, 20, 21, 24, 33, 34, 37, 41, 42, 46]","Manufacturing (Metals & Chemicals, and products thereof)","600,000.00"
67,KPMG RESOURCE CENTRE PRIVATE LIMITED,U74140MH2005PTC153503,GURGAON,HARYANA,GURUGRAM,Bharatiya Janta Party,Inderjit Singh Rao,"['Planning (Independent Charge)', 'Defence']",[9.0],[],[],"[8, 9, 11, 13, 14, 16, 19, 20, 21, 24, 27, 31, 32, 33, 35, 40, 44]",Business Services,"600,000.00"
68,PANCHSHEEL INVESTMENT COMPANY (A PVT.CO.WITH UNLIMITED LIABILITY),U72100DL1973ULT006898,GURGAON,HARYANA,GURUGRAM,Bharatiya Janta Party,Inderjit Singh Rao,"['Planning (Independent Charge)', 'Defence']",[9.0],[],[],"[8, 9, 11, 13, 14, 16, 19, 20, 21, 24, 27, 31, 32, 33, 35, 40, 44]",Business Services,"400,000.00"
69,UNITECH LIMITED,L74899DL1971PLC009720,GURGAON,HARYANA,GURUGRAM,Bharatiya Janta Party,Inderjit Singh Rao,"['Planning (Independent Charge)', 'Defence']",[9.0],[],[],"[8, 9, 11, 13, 14, 16, 19, 20, 21, 24, 27, 31, 32, 33, 35, 40, 44]",Business Services,"300,000.00"
70,HONDA TRADING CORPORATION INDIA PRIVATE LIMITED,U51909DL2005PTC135750,GURGAON,HARYANA,GURUGRAM,Bharatiya Janta Party,Inderjit Singh Rao,"['Planning (Independent Charge)', 'Defence']",[9.0],[],[],"[9, 11, 12, 16, 20, 21, 24, 26, 27, 28, 30, 31, 32, 34, 37, 41]",Trading,"100,000.00"
71,CLIFFORD CHANCE BUSINESS SERVICES PRIVATE LIMITED,U52392HR2006PTC038407,GURGAON,HARYANA,GURUGRAM,Bharatiya Janta Party,Inderjit Singh Rao,"['Planning (Independent Charge)', 'Defence']",[9.0],[],[],"[9, 11, 12, 16, 20, 21, 24, 26, 27, 28, 30, 31, 32, 34, 37, 41]",Trading,"100,000.00"
72,ANAND AUTOMOTIVE PRIVATE LIMITED,U74999MH1975PTC206199,GURGAON,HARYANA,GURUGRAM,Bharatiya Janta Party,Inderjit Singh Rao,"['Planning (Independent Charge)', 'Defence']",[9.0],[],[],"[8, 9, 11, 13, 14, 16, 19, 20, 21, 24, 27, 31, 32, 33, 35, 40, 44]",Business Services,"100,000.00"
73,COVIDIEN HEALTHCARE INDIA PRIVATE LIMITED,U51397HR2002FTC040216,GURGAON,HARYANA,GURUGRAM,Bharatiya Janta Party,Inderjit Singh Rao,"['Planning (Independent Charge)', 'Defence']",[9.0],[],[],"[9, 11, 12, 16, 20, 21, 24, 26, 27, 28, 30, 31, 32, 34, 37, 41]",Trading,0.00
74,RITES LIMITED,U74899DL1974GOI007227,GURGAON,HARYANA,MEWAT,Bharatiya Janta Party,Inderjit Singh Rao,"['Planning (Independent Charge)', 'Defence']",[9.0],[],[],"[8, 9, 11, 13, 14, 16, 19, 20, 21, 24, 27, 31, 32, 33, 35, 40, 44]",Business Services,"6,800,000.00"
75,MMTC - PAMP INDIA PRIVATE LIMITED,U27310HR2008PTC042218,GURGAON,HARYANA,MEWAT,Bharatiya Janta Party,Inderjit Singh Rao,"['Planning (Independent Charge)', 'Defence']",[9.0],[],[],"[4, 9, 16, 20, 21, 24, 33, 34, 37, 41, 42, 46]","Manufacturing (Metals & Chemicals, and products thereof)","4,400,000.00"
76,RELIANCE VENTURES LIMITED,U24120MH1999PLC121009,HAMIRPUR,HIMACHAL PRADESH,BILASPUR,Bharatiya Janta Party,Anurag Singh Thakur,[],[],['Jagat Prakash Nadda'],[46],"[4, 9, 16, 20, 21, 24, 33, 34, 37, 41, 42, 46]","Manufacturing (Metals & Chemicals, and products thereof)",0.00
77,POWER GRID CORPORATION OF INDIA LIMITED,L40101DL1989GOI038121,UDHAMPUR,JAMMU AND KASHMIR,DODA,Bharatiya Janta Party,Dr. Jitendra Singh,"['Development of North Eastern Region (Independent Charge)', 'Minister of State (Independent Charge) of the Ministry of Youth Affairs & Sports', 'Prime Minister’s Office', 'Personnel, Public Grievances & Pensions;', 'Department of Atomic Energy', 'Department of Space']","[20.0, 39.0, 8.0]",[],[],"[3, 10, 15, 16, 18, 20, 21, 24, 38, 51]","Electricity, Gas & Water companies",0.0
78,INFRASTRUCTURE LEASING AND FINANCIAL SERVICES LIMITED,U65990MH1987PLC044571,UDHAMPUR,JAMMU AND KASHMIR,UDHAMPUR,Bharatiya Janta Party,Dr. Jitendra Singh,"['Development of North Eastern Region (Independent Charge)', 'Minister of State (Independent Charge) of the Ministry of Youth Affairs & Sports', 'Prime Minister’s Office', 'Personnel, Public Grievances & Pensions;', 'Department of Atomic Energy', 'Department of Space']","[20.0, 39.0, 8.0]",[],[],"[16, 20, 21, 24, 32]",Finance,"700,000.00"
79,BIRLA SUN LIFE INSURANCE COMPANY LIMITED,U99999MH2000PLC128110,HAZARIBAGH,JHARKHAND,HAZARIBAG,Bharatiya Janta Party,Jayant Sinha,['Finance'],[21.0],[],[],"[1, 2, 6, 8, 9, 11, 16, 19, 20, 21, 23, 24, 27, 28, 32, 33, 37, 40, 46]",Others,"3,800,000.00"
80,INDIA INFOLINE HOUSING FINANCE LIMITED,U65993MH2006PLC166475,HAZARIBAGH,JHARKHAND,HAZARIBAG,Bharatiya Janta Party,Jayant Sinha,['Finance'],[21.0],[],[],"[16, 20, 21, 24, 32]",Finance,"3,200,000.00"
81,INFOSOFT GLOBAL PRIVATE LIMITED,U72200WB2005PTC101108,HAZARIBAGH,JHARKHAND,HAZARIBAG,Bharatiya Janta Party,Jayant Sinha,['Finance'],[21.0],[],[],"[8, 9, 11, 13, 14, 16, 19, 20, 21, 24, 27, 31, 32, 33, 35, 40, 44]",Business Services,"1,000,000.00"
82,TATA AIG GENERAL INSURANCE COMPANY LIMITED,U85110MH2000PLC128425,LOHARDAGA,JHARKHAND,RANCHI,Bharatiya Janta Party,Sudarshan Bhagat,['Rural Development'],[3.0],[],[],"[1, 2, 3, 5, 7, 8, 16, 20, 21, 24, 28, 33, 39, 42, 46, 48, 49]","Community, personal & Social Services","1,400,000.00"
83,RODIC CONSULTANTS PRIVATE LIMITED,U40300BR2000PTC009328,LOHARDAGA,JHARKHAND,RANCHI,Bharatiya Janta Party,Sudarshan Bhagat,['Rural Development'],[3.0],[],[],"[3, 10, 15, 16, 18, 20, 21, 24, 38, 51]","Electricity, Gas & Water companies","300,000.00"
84,GOLDMAN SACHS SERVICES PRIVATE LIMITED,U72400KA2003PTC032606,BANGALORE CENTRAL,KARNATAKA,BANGALORE URBAN,Bharatiya Janta Party,P.C. Mohan,[],[],['Venkaiah Naidu'],"[35, 45]","[8, 9, 11, 13, 14, 16, 19, 20, 21, 24, 27, 31, 32, 33, 35, 40, 44]",Business Services,"30,500,000.00"
85,GOLDMAN SACHS SERVICES PRIVATE LIMITED,U72400KA2003PTC032606,BANGALORE NORTH,KARNATAKA,BANGALORE URBAN,Bharatiya Janta Party,D.V Sadananda Gowda,['Law and Justice'],[40.0],['Venkaiah Naidu'],"[35, 45]","[8, 9, 11, 13, 14, 16, 19, 20, 21, 24, 27, 31, 32, 33, 35, 40, 44]",Business Services,"30,500,000.00"
86,GOLDMAN SACHS SERVICES PRIVATE LIMITED,U72400KA2003PTC032606,BANGALORE RURAL,KARNATAKA,BANGALORE URBAN,Indian National Congress,D K Suresh,[],[],['Venkaiah Naidu'],"[35, 45]","[8, 9, 11, 13, 14, 16, 19, 20, 21, 24, 27, 31, 32, 33, 35, 40, 44]",Business Services,"30,500,000.00"
87,GOLDMAN SACHS SERVICES PRIVATE LIMITED,U72400KA2003PTC032606,BANGALORE SOUTH,KARNATAKA,BANGALORE URBAN,Bharatiya Janta Party,Ananth Kumar,['Chemicals and Fertilizers'],[34.0],['Venkaiah Naidu'],"[35, 45]","[8, 9, 11, 13, 14, 16, 19, 20, 21, 24, 27, 31, 32, 33, 35, 40, 44]",Business Services,"30,500,000.00"
88,BIOCON LIMITED,L24234KA1978PLC003417,BANGALORE SOUTH,KARNATAKA,BANGALORE URBAN,Bharatiya Janta Party,Ananth Kumar,['Chemicals and Fertilizers'],[34.0],['Venkaiah Naidu'],"[35, 45]","[4, 9, 16, 20, 21, 24, 33, 34, 37, 41, 42, 46]","Manufacturing (Metals & Chemicals, and products thereof)","21,300,000.00"
89,STRIDES SHASUN LIMITED,L24230MH1990PLC057062,BANGALORE SOUTH,KARNATAKA,BANGALORE URBAN,Bharatiya Janta Party,Ananth Kumar,['Chemicals and Fertilizers'],[34.0],['Venkaiah Naidu'],"[35, 45]","[4, 9, 16, 20, 21, 24, 33, 34, 37, 41, 42, 46]","Manufacturing (Metals & Chemicals, and products thereof)","19,400,000.00"
90,PURAVANKARA PROJECTS LIMITED,L45200KA1986PLC051571,BANGALORE CENTRAL,KARNATAKA,BANGALORE URBAN,Bharatiya Janta Party,P.C. Mohan,[],[],['Venkaiah Naidu'],"[35, 45]","[3, 13, 16, 20, 21, 24, 31, 35, 50]",Construction,"11,500,000.00"
91,PURAVANKARA PROJECTS LIMITED,L45200KA1986PLC051571,BANGALORE NORTH,KARNATAKA,BANGALORE URBAN,Bharatiya Janta Party,D.V Sadananda Gowda,['Law and Justice'],[40.0],['Venkaiah Naidu'],"[35, 45]","[3, 13, 16, 20, 21, 24, 31, 35, 50]",Construction,"11,500,000.00"
92,PURAVANKARA PROJECTS LIMITED,L45200KA1986PLC051571,BANGALORE RURAL,KARNATAKA,BANGALORE URBAN,Indian National Congress,D K Suresh,[],[],['Venkaiah Naidu'],"[35, 45]","[3, 13, 16, 20, 21, 24, 31, 35, 50]",Construction,"11,500,000.00"
93,PURAVANKARA PROJECTS LIMITED,L45200KA1986PLC051571,BANGALORE SOUTH,KARNATAKA,BANGALORE URBAN,Bharatiya Janta Party,Ananth Kumar,['Chemicals and Fertilizers'],[34.0],['Venkaiah Naidu'],"[35, 45]","[3, 13, 16, 20, 21, 24, 31, 35, 50]",Construction,"11,500,000.00"
94,NOVARTIS INDIA LIMITED,L24200MH1947PLC006104,BANGALORE SOUTH,KARNATAKA,BANGALORE URBAN,Bharatiya Janta Party,Ananth Kumar,['Chemicals and Fertilizers'],[34.0],['Venkaiah Naidu'],"[35, 45]","[4, 9, 16, 20, 21, 24, 33, 34, 37, 41, 42, 46]","Manufacturing (Metals & Chemicals, and products thereof)","6,200,000.00"
95,CENTURYLINK TECHNOLOGIES INDIA PRIVATE LIMITED,U72200KA2003PTC032613,BANGALORE CENTRAL,KARNATAKA,BANGALORE URBAN,Bharatiya Janta Party,P.C. Mohan,[],[],['Venkaiah Naidu'],"[35, 45]","[8, 9, 11, 13, 14, 16, 19, 20, 21, 24, 27, 31, 32, 33, 35, 40, 44]",Business Services,"5,400,000.00"
96,CENTURYLINK TECHNOLOGIES INDIA PRIVATE LIMITED,U72200KA2003PTC032613,BANGALORE NORTH,KARNATAKA,BANGALORE URBAN,Bharatiya Janta Party,D.V Sadananda Gowda,['Law and Justice'],[40.0],['Venkaiah Naidu'],"[35, 45]","[8, 9, 11, 13, 14, 16, 19, 20, 21, 24, 27, 31, 32, 33, 35, 40, 44]",Business Services,"5,400,000.00"
97,CENTURYLINK TECHNOLOGIES INDIA PRIVATE LIMITED,U72200KA2003PTC032613,BANGALORE RURAL,KARNATAKA,BANGALORE URBAN,Indian National Congress,D K Suresh,[],[],['Venkaiah Naidu'],"[35, 45]","[8, 9, 11, 13, 14, 16, 19, 20, 21, 24, 27, 31, 32, 33, 35, 40, 44]",Business Services,"5,400,000.00"
98,CENTURYLINK TECHNOLOGIES INDIA PRIVATE LIMITED,U72200KA2003PTC032613,BANGALORE SOUTH,KARNATAKA,BANGALORE URBAN,Bharatiya Janta Party,Ananth Kumar,['Chemicals and Fertilizers'],[34.0],['Venkaiah Naidu'],"[35, 45]","[8, 9, 11, 13, 14, 16, 19, 20, 21, 24, 27, 31, 32, 33, 35, 40, 44]",Business Services,"5,400,000.00"
99,SOCIETE GENERALE GLOBAL SOLUTION CENTRE PRIVATE LI,U72200KA2000PTC027232,BANGALORE CENTRAL,KARNATAKA,BANGALORE URBAN,Bharatiya Janta Party,P.C. Mohan,[],[],['Venkaiah Naidu'],"[35, 45]","[8, 9, 11, 13, 14, 16, 19, 20, 21, 24, 27, 31, 32, 33, 35, 40, 44]",Business Services,"2,900,000.00"
100,SOCIETE GENERALE GLOBAL SOLUTION CENTRE PRIVATE LI,U72200KA2000PTC027232,BANGALORE NORTH,KARNATAKA,BANGALORE URBAN,Bharatiya Janta Party,D.V Sadananda Gowda,['Law and Justice'],[40.0],['Venkaiah Naidu'],"[35, 45]","[8, 9, 11, 13, 14, 16, 19, 20, 21, 24, 27, 31, 32, 33, 35, 40, 44]",Business Services,"2,900,000.00"
101,SOCIETE GENERALE GLOBAL SOLUTION CENTRE PRIVATE LI,U72200KA2000PTC027232,BANGALORE RURAL,KARNATAKA,BANGALORE URBAN,Indian National Congress,D K Suresh,[],[],['Venkaiah Naidu'],"[35, 45]","[8, 9, 11, 13, 14, 16, 19, 20, 21, 24, 27, 31, 32, 33, 35, 40, 44]",Business Services,"2,900,000.00"
102,SOCIETE GENERALE GLOBAL SOLUTION CENTRE PRIVATE LI,U72200KA2000PTC027232,BANGALORE SOUTH,KARNATAKA,BANGALORE URBAN,Bharatiya Janta Party,Ananth Kumar,['Chemicals and Fertilizers'],[34.0],['Venkaiah Naidu'],"[35, 45]","[8, 9, 11, 13, 14, 16, 19, 20, 21, 24, 27, 31, 32, 33, 35, 40, 44]",Business Services,"2,900,000.00"
103,WELLS FARGO INDIA SOLUTIONS PRIVATE LIMITED,U72200TG2006PTC051001,BANGALORE CENTRAL,KARNATAKA,BANGALORE URBAN,Bharatiya Janta Party,P.C. Mohan,[],[],['Venkaiah Naidu'],"[35, 45]","[8, 9, 11, 13, 14, 16, 19, 20, 21, 24, 27, 31, 32, 33, 35, 40, 44]",Business Services,"2,600,000.00"
104,WELLS FARGO INDIA SOLUTIONS PRIVATE LIMITED,U72200TG2006PTC051001,BANGALORE NORTH,KARNATAKA,BANGALORE URBAN,Bharatiya Janta Party,D.V Sadananda Gowda,['Law and Justice'],[40.0],['Venkaiah Naidu'],"[35, 45]","[8, 9, 11, 13, 14, 16, 19, 20, 21, 24, 27, 31, 32, 33, 35, 40, 44]",Business Services,"2,600,000.00"
105,WELLS FARGO INDIA SOLUTIONS PRIVATE LIMITED,U72200TG2006PTC051001,BANGALORE RURAL,KARNATAKA,BANGALORE URBAN,Indian National Congress,D K Suresh,[],[],['Venkaiah Naidu'],"[35, 45]","[8, 9, 11, 13, 14, 16, 19, 20, 21, 24, 27, 31, 32, 33, 35, 40, 44]",Business Services,"2,600,000.00"
106,WELLS FARGO INDIA SOLUTIONS PRIVATE LIMITED,U72200TG2006PTC051001,BANGALORE SOUTH,KARNATAKA,BANGALORE URBAN,Bharatiya Janta Party,Ananth Kumar,['Chemicals and Fertilizers'],[34.0],['Venkaiah Naidu'],"[35, 45]","[8, 9, 11, 13, 14, 16, 19, 20, 21, 24, 27, 31, 32, 33, 35, 40, 44]",Business Services,"2,600,000.00"
107,CIBERSITES INDIA PRIVATE LIMITED,U72200KA2000PTC026214,BANGALORE CENTRAL,KARNATAKA,BANGALORE URBAN,Bharatiya Janta Party,P.C. Mohan,[],[],['Venkaiah Naidu'],"[35, 45]","[8, 9, 11, 13, 14, 16, 19, 20, 21, 24, 27, 31, 32, 33, 35, 40, 44]",Business Services,"2,300,000.00"
108,CIBERSITES INDIA PRIVATE LIMITED,U72200KA2000PTC026214,BANGALORE NORTH,KARNATAKA,BANGALORE URBAN,Bharatiya Janta Party,D.V Sadananda Gowda,['Law and Justice'],[40.0],['Venkaiah Naidu'],"[35, 45]","[8, 9, 11, 13, 14, 16, 19, 20, 21, 24, 27, 31, 32, 33, 35, 40, 44]",Business Services,"2,300,000.00"
109,CIBERSITES INDIA PRIVATE LIMITED,U72200KA2000PTC026214,BANGALORE RURAL,KARNATAKA,BANGALORE URBAN,Indian National Congress,D K Suresh,[],[],['Venkaiah Naidu'],"[35, 45]","[8, 9, 11, 13, 14, 16, 19, 20, 21, 24, 27, 31, 32, 33, 35, 40, 44]",Business Services,"2,300,000.00"
110,CIBERSITES INDIA PRIVATE LIMITED,U72200KA2000PTC026214,BANGALORE SOUTH,KARNATAKA,BANGALORE URBAN,Bharatiya Janta Party,Ananth Kumar,['Chemicals and Fertilizers'],[34.0],['Venkaiah Naidu'],"[35, 45]","[8, 9, 11, 13, 14, 16, 19, 20, 21, 24, 27, 31, 32, 33, 35, 40, 44]",Business Services,"2,300,000.00"
111,AMRUT DISTILLERIES PRIVATE LIMITED,U51101KA1972PTC002246,BANGALORE SOUTH,KARNATAKA,BANGALORE URBAN,Bharatiya Janta Party,Ananth Kumar,['Chemicals and Fertilizers'],[34.0],['Venkaiah Naidu'],"[35, 45]","[9, 11, 12, 16, 20, 21, 24, 26, 27, 28, 30, 31, 32, 34, 37, 41]",Trading,"2,200,000.00"
112,TATA CONSULTING ENGINEERS LIMITED,U74210MH1999PLC123010,BANGALORE CENTRAL,KARNATAKA,BANGALORE URBAN,Bharatiya Janta Party,P.C. Mohan,[],[],['Venkaiah Naidu'],"[35, 45]","[8, 9, 11, 13, 14, 16, 19, 20, 21, 24, 27, 31, 32, 33, 35, 40, 44]",Business Services,"2,000,000.00"
113,TATA CONSULTING ENGINEERS LIMITED,U74210MH1999PLC123010,BANGALORE NORTH,KARNATAKA,BANGALORE URBAN,Bharatiya Janta Party,D.V Sadananda Gowda,['Law and Justice'],[40.0],['Venkaiah Naidu'],"[35, 45]","[8, 9, 11, 13, 14, 16, 19, 20, 21, 24, 27, 31, 32, 33, 35, 40, 44]",Business Services,"2,000,000.00"
114,TATA CONSULTING ENGINEERS LIMITED,U74210MH1999PLC123010,BANGALORE RURAL,KARNATAKA,BANGALORE URBAN,Indian National Congress,D K Suresh,[],[],['Venkaiah Naidu'],"[35, 45]","[8, 9, 11, 13, 14, 16, 19, 20, 21, 24, 27, 31, 32, 33, 35, 40, 44]",Business Services,"2,000,000.00"
115,TATA CONSULTING ENGINEERS LIMITED,U74210MH1999PLC123010,BANGALORE SOUTH,KARNATAKA,BANGALORE URBAN,Bharatiya Janta Party,Ananth Kumar,['Chemicals and Fertilizers'],[34.0],['Venkaiah Naidu'],"[35, 45]","[8, 9, 11, 13, 14, 16, 19, 20, 21, 24, 27, 31, 32, 33, 35, 40, 44]",Business Services,"2,000,000.00"
116,INFINERA INDIA PRIVATE LIMITED,U72900KA2002PTC030982,BANGALORE CENTRAL,KARNATAKA,BANGALORE URBAN,Bharatiya Janta Party,P.C. Mohan,[],[],['Venkaiah Naidu'],"[35, 45]","[8, 9, 11, 13, 14, 16, 19, 20, 21, 24, 27, 31, 32, 33, 35, 40, 44]",Business Services,"1,900,000.00"
117,INFINERA INDIA PRIVATE LIMITED,U72900KA2002PTC030982,BANGALORE NORTH,KARNATAKA,BANGALORE URBAN,Bharatiya Janta Party,D.V Sadananda Gowda,['Law and Justice'],[40.0],['Venkaiah Naidu'],"[35, 45]","[8, 9, 11, 13, 14, 16, 19, 20, 21, 24, 27, 31, 32, 33, 35, 40, 44]",Business Services,"1,900,000.00"
118,INFINERA INDIA PRIVATE LIMITED,U72900KA2002PTC030982,BANGALORE RURAL,KARNATAKA,BANGALORE URBAN,Indian National Congress,D K Suresh,[],[],['Venkaiah Naidu'],"[35, 45]","[8, 9, 11, 13, 14, 16, 19, 20, 21, 24, 27, 31, 32, 33, 35, 40, 44]",Business Services,"1,900,000.00"
119,INFINERA INDIA PRIVATE LIMITED,U72900KA2002PTC030982,BANGALORE SOUTH,KARNATAKA,BANGALORE URBAN,Bharatiya Janta Party,Ananth Kumar,['Chemicals and Fertilizers'],[34.0],['Venkaiah Naidu'],"[35, 45]","[8, 9, 11, 13, 14, 16, 19, 20, 21, 24, 27, 31, 32, 33, 35, 40, 44]",Business Services,"1,900,000.00"
120,ARIBA TECHNOLOGIES INDIA PRIVATE LIMITED,U72900KA2000PTC027540,BANGALORE CENTRAL,KARNATAKA,BANGALORE URBAN,Bharatiya Janta Party,P.C. Mohan,[],[],['Venkaiah Naidu'],"[35, 45]","[8, 9, 11, 13, 14, 16, 19, 20, 21, 24, 27, 31, 32, 33, 35, 40, 44]",Business Services,"1,400,000.00"
121,ARIBA TECHNOLOGIES INDIA PRIVATE LIMITED,U72900KA2000PTC027540,BANGALORE NORTH,KARNATAKA,BANGALORE URBAN,Bharatiya Janta Party,D.V Sadananda Gowda,['Law and Justice'],[40.0],['Venkaiah Naidu'],"[35, 45]","[8, 9, 11, 13, 14, 16, 19, 20, 21, 24, 27, 31, 32, 33, 35, 40, 44]",Business Services,"1,400,000.00"
122,ARIBA TECHNOLOGIES INDIA PRIVATE LIMITED,U72900KA2000PTC027540,BANGALORE RURAL,KARNATAKA,BANGALORE URBAN,Indian National Congress,D K Suresh,[],[],['Venkaiah Naidu'],"[35, 45]","[8, 9, 11, 13, 14, 16, 19, 20, 21, 24, 27, 31, 32, 33, 35, 40, 44]",Business Services,"1,400,000.00"
123,ARIBA TECHNOLOGIES INDIA PRIVATE LIMITED,U72900KA2000PTC027540,BANGALORE SOUTH,KARNATAKA,BANGALORE URBAN,Bharatiya Janta Party,Ananth Kumar,['Chemicals and Fertilizers'],[34.0],['Venkaiah Naidu'],"[35, 45]","[8, 9, 11, 13, 14, 16, 19, 20, 21, 24, 27, 31, 32, 33, 35, 40, 44]",Business Services,"1,400,000.00"
124,AXISCADES ENGINEERING TECHNOLOGIES LIMITED,L72200KA1990PLC084435,BANGALORE CENTRAL,KARNATAKA,BANGALORE URBAN,Bharatiya Janta Party,P.C. Mohan,[],[],['Venkaiah Naidu'],"[35, 45]","[8, 9, 11, 13, 14, 16, 19, 20, 21, 24, 27, 31, 32, 33, 35, 40, 44]",Business Services,"1,200,000.00"
125,AXISCADES ENGINEERING TECHNOLOGIES LIMITED,L72200KA1990PLC084435,BANGALORE NORTH,KARNATAKA,BANGALORE URBAN,Bharatiya Janta Party,D.V Sadananda Gowda,['Law and Justice'],[40.0],['Venkaiah Naidu'],"[35, 45]","[8, 9, 11, 13, 14, 16, 19, 20, 21, 24, 27, 31, 32, 33, 35, 40, 44]",Business Services,"1,200,000.00"
126,AXISCADES ENGINEERING TECHNOLOGIES LIMITED,L72200KA1990PLC084435,BANGALORE RURAL,KARNATAKA,BANGALORE URBAN,Indian National Congress,D K Suresh,[],[],['Venkaiah Naidu'],"[35, 45]","[8, 9, 11, 13, 14, 16, 19, 20, 21, 24, 27, 31, 32, 33, 35, 40, 44]",Business Services,"1,200,000.00"
127,AXISCADES ENGINEERING TECHNOLOGIES LIMITED,L72200KA1990PLC084435,BANGALORE SOUTH,KARNATAKA,BANGALORE URBAN,Bharatiya Janta Party,Ananth Kumar,['Chemicals and Fertilizers'],[34.0],['Venkaiah Naidu'],"[35, 45]","[8, 9, 11, 13, 14, 16, 19, 20, 21, 24, 27, 31, 32, 33, 35, 40, 44]",Business Services,"1,200,000.00"
128,MAC CHARLES (INDIA) LIMITED,L55101KA1979PLC003620,BANGALORE SOUTH,KARNATAKA,BANGALORE URBAN,Bharatiya Janta Party,Ananth Kumar,['Chemicals and Fertilizers'],[34.0],['Venkaiah Naidu'],"[35, 45]","[9, 11, 12, 16, 20, 21, 24, 26, 27, 28, 30, 31, 32, 34, 37, 41]",Trading,"1,200,000.00"
129,BAE SYSTEMS INDIA (SERVICES) PRIVATE LIMITED,U74900DL2009PTC188515,BANGALORE CENTRAL,KARNATAKA,BANGALORE URBAN,Bharatiya Janta Party,P.C. Mohan,[],[],['Venkaiah Naidu'],"[35, 45]","[8, 9, 11, 13, 14, 16, 19, 20, 21, 24, 27, 31, 32, 33, 35, 40, 44]",Business Services,"1,200,000.00"
130,BAE SYSTEMS INDIA (SERVICES) PRIVATE LIMITED,U74900DL2009PTC188515,BANGALORE NORTH,KARNATAKA,BANGALORE URBAN,Bharatiya Janta Party,D.V Sadananda Gowda,['Law and Justice'],[40.0],['Venkaiah Naidu'],"[35, 45]","[8, 9, 11, 13, 14, 16, 19, 20, 21, 24, 27, 31, 32, 33, 35, 40, 44]",Business Services,"1,200,000.00"
131,BAE SYSTEMS INDIA (SERVICES) PRIVATE LIMITED,U74900DL2009PTC188515,BANGALORE RURAL,KARNATAKA,BANGALORE URBAN,Indian National Congress,D K Suresh,[],[],['Venkaiah Naidu'],"[35, 45]","[8, 9, 11, 13, 14, 16, 19, 20, 21, 24, 27, 31, 32, 33, 35, 40, 44]",Business Services,"1,200,000.00"
132,BAE SYSTEMS INDIA (SERVICES) PRIVATE LIMITED,U74900DL2009PTC188515,BANGALORE SOUTH,KARNATAKA,BANGALORE URBAN,Bharatiya Janta Party,Ananth Kumar,['Chemicals and Fertilizers'],[34.0],['Venkaiah Naidu'],"[35, 45]","[8, 9, 11, 13, 14, 16, 19, 20, 21, 24, 27, 31, 32, 33, 35, 40, 44]",Business Services,"1,200,000.00"
133,REDDY STRUCTURES PRIVATE LIMITED,U07010KA2002PTC031181,BANGALORE NORTH,KARNATAKA,BANGALORE URBAN,Bharatiya Janta Party,D.V Sadananda Gowda,['Law and Justice'],[40.0],['Venkaiah Naidu'],"[35, 45]","[1, 2, 6, 8, 9, 11, 16, 19, 20, 21, 23, 24, 27, 28, 32, 33, 37, 40, 46]",OTHERS,"1,100,000.00"
134,HIKAL LIMITED,L24200MH1988PTC048028,BANGALORE SOUTH,KARNATAKA,BANGALORE URBAN,Bharatiya Janta Party,Ananth Kumar,['Chemicals and Fertilizers'],[34.0],['Venkaiah Naidu'],"[35, 45]","[4, 9, 16, 20, 21, 24, 33, 34, 37, 41, 42, 46]","Manufacturing (Metals & Chemicals, and products thereof)","900,000.00"
135,I G PETROCHEMICALS LIMITED,L51496GA1988PLC000915,BANGALORE SOUTH,KARNATAKA,BANGALORE URBAN,Bharatiya Janta Party,Ananth Kumar,['Chemicals and Fertilizers'],[34.0],['Venkaiah Naidu'],"[35, 45]","[9, 11, 12, 16, 20, 21, 24, 26, 27, 28, 30, 31, 32, 34, 37, 41]",Trading,"300,000.00"
136,CARL BECHEM LUBRICANTS (INDIA) PRIVATE LIMITED,U23201KA2003PTC032976,BANGALORE SOUTH,KARNATAKA,BANGALORE URBAN,Bharatiya Janta Party,Ananth Kumar,['Chemicals and Fertilizers'],[34.0],['Venkaiah Naidu'],"[35, 45]","[4, 9, 16, 20, 21, 24, 33, 34, 37, 41, 42, 46]","Manufacturing (Metals & Chemicals, and products thereof)","300,000.00"
137,MARKETING COMMUNICATION & ADVERTISING LIMITED,U51101KA1972PLC002242,BANGALORE SOUTH,KARNATAKA,BANGALORE URBAN,Bharatiya Janta Party,Ananth Kumar,['Chemicals and Fertilizers'],[34.0],['Venkaiah Naidu'],"[35, 45]","[9, 11, 12, 16, 20, 21, 24, 26, 27, 28, 30, 31, 32, 34, 37, 41]",Trading,"300,000.00"
138,ANSYS SOFTWARE PRIVATE LIMITED,U72200PN2001PTC153069,BANGALORE CENTRAL,KARNATAKA,BANGALORE URBAN,Bharatiya Janta Party,P.C. Mohan,[],[],['Venkaiah Naidu'],"[35, 45]","[8, 9, 11, 13, 14, 16, 19, 20, 21, 24, 27, 31, 32, 33, 35, 40, 44]",Business Services,"300,000.00"
139,ANSYS SOFTWARE PRIVATE LIMITED,U72200PN2001PTC153069,BANGALORE NORTH,KARNATAKA,BANGALORE URBAN,Bharatiya Janta Party,D.V Sadananda Gowda,['Law and Justice'],[40.0],['Venkaiah Naidu'],"[35, 45]","[8, 9, 11, 13, 14, 16, 19, 20, 21, 24, 27, 31, 32, 33, 35, 40, 44]",Business Services,"300,000.00"
140,ANSYS SOFTWARE PRIVATE LIMITED,U72200PN2001PTC153069,BANGALORE RURAL,KARNATAKA,BANGALORE URBAN,Indian National Congress,D K Suresh,[],[],['Venkaiah Naidu'],"[35, 45]","[8, 9, 11, 13, 14, 16, 19, 20, 21, 24, 27, 31, 32, 33, 35, 40, 44]",Business Services,"300,000.00"
141,ANSYS SOFTWARE PRIVATE LIMITED,U72200PN2001PTC153069,BANGALORE SOUTH,KARNATAKA,BANGALORE URBAN,Bharatiya Janta Party,Ananth Kumar,['Chemicals and Fertilizers'],[34.0],['Venkaiah Naidu'],"[35, 45]","[8, 9, 11, 13, 14, 16, 19, 20, 21, 24, 27, 31, 32, 33, 35, 40, 44]",Business Services,"300,000.00"
142,TATA HOUSING DEVELOPMENT COMPANY LIMITED,U45300MH1942PLC003573,BANGALORE CENTRAL,KARNATAKA,BANGALORE URBAN,Bharatiya Janta Party,P.C. Mohan,[],[],['Venkaiah Naidu'],"[35, 45]","[3, 13, 16, 20, 21, 24, 31, 35, 50]",Construction,0.00
143,TATA HOUSING DEVELOPMENT COMPANY LIMITED,U45300MH1942PLC003573,BANGALORE NORTH,KARNATAKA,BANGALORE URBAN,Bharatiya Janta Party,D.V Sadananda Gowda,['Law and Justice'],[40.0],['Venkaiah Naidu'],"[35, 45]","[3, 13, 16, 20, 21, 24, 31, 35, 50]",Construction,0.00
144,TATA HOUSING DEVELOPMENT COMPANY LIMITED,U45300MH1942PLC003573,BANGALORE RURAL,KARNATAKA,BANGALORE URBAN,Indian National Congress,D K Suresh,[],[],['Venkaiah Naidu'],"[35, 45]","[3, 13, 16, 20, 21, 24, 31, 35, 50]",Construction,0.00
145,TATA HOUSING DEVELOPMENT COMPANY LIMITED,U45300MH1942PLC003573,BANGALORE SOUTH,KARNATAKA,BANGALORE URBAN,Bharatiya Janta Party,Ananth Kumar,['Chemicals and Fertilizers'],[34.0],['Venkaiah Naidu'],"[35, 45]","[3, 13, 16, 20, 21, 24, 31, 35, 50]",Construction,0.00
146,ROLTA INDIA LIMITED,L74999MH1989PLC052384,BANGALORE CENTRAL,KARNATAKA,BANGALORE URBAN,Bharatiya Janta Party,P.C. Mohan,[],[],['Venkaiah Naidu'],"[35, 45]","[8, 9, 11, 13, 14, 16, 19, 20, 21, 24, 27, 31, 32, 33, 35, 40, 44]",Business Services,0.00
147,ROLTA INDIA LIMITED,L74999MH1989PLC052384,BANGALORE NORTH,KARNATAKA,BANGALORE URBAN,Bharatiya Janta Party,D.V Sadananda Gowda,['Law and Justice'],[40.0],['Venkaiah Naidu'],"[35, 45]","[8, 9, 11, 13, 14, 16, 19, 20, 21, 24, 27, 31, 32, 33, 35, 40, 44]",Business Services,0.00
148,ROLTA INDIA LIMITED,L74999MH1989PLC052384,BANGALORE RURAL,KARNATAKA,BANGALORE URBAN,Indian National Congress,D K Suresh,[],[],['Venkaiah Naidu'],"[35, 45]","[8, 9, 11, 13, 14, 16, 19, 20, 21, 24, 27, 31, 32, 33, 35, 40, 44]",Business Services,0.00
149,ROLTA INDIA LIMITED,L74999MH1989PLC052384,BANGALORE SOUTH,KARNATAKA,BANGALORE URBAN,Bharatiya Janta Party,Ananth Kumar,['Chemicals and Fertilizers'],[34.0],['Venkaiah Naidu'],"[35, 45]","[8, 9, 11, 13, 14, 16, 19, 20, 21, 24, 27, 31, 32, 33, 35, 40, 44]",Business Services,0.00
150,AIMIL LIMITED,U74899DL1972PLC006093,BANGALORE CENTRAL,KARNATAKA,BANGALORE URBAN,Bharatiya Janta Party,P.C. Mohan,[],[],['Venkaiah Naidu'],"[35, 45]","[8, 9, 11, 13, 14, 16, 19, 20, 21, 24, 27, 31, 32, 33, 35, 40, 44]",Business Services,0.00
151,AIMIL LIMITED,U74899DL1972PLC006093,BANGALORE NORTH,KARNATAKA,BANGALORE URBAN,Bharatiya Janta Party,D.V Sadananda Gowda,['Law and Justice'],[40.0],['Venkaiah Naidu'],"[35, 45]","[8, 9, 11, 13, 14, 16, 19, 20, 21, 24, 27, 31, 32, 33, 35, 40, 44]",Business Services,0.00
152,AIMIL LIMITED,U74899DL1972PLC006093,BANGALORE RURAL,KARNATAKA,BANGALORE URBAN,Indian National Congress,D K Suresh,[],[],['Venkaiah Naidu'],"[35, 45]","[8, 9, 11, 13, 14, 16, 19, 20, 21, 24, 27, 31, 32, 33, 35, 40, 44]",Business Services,0.00
153,AIMIL LIMITED,U74899DL1972PLC006093,BANGALORE SOUTH,KARNATAKA,BANGALORE URBAN,Bharatiya Janta Party,Ananth Kumar,['Chemicals and Fertilizers'],[34.0],['Venkaiah Naidu'],"[35, 45]","[8, 9, 11, 13, 14, 16, 19, 20, 21, 24, 27, 31, 32, 33, 35, 40, 44]",Business Services,0.00
154,AMADEUS SOFTWARE LABS INDIA PRIVATE LIMITED,U72200KA2012FTC062617,BANGALORE CENTRAL,KARNATAKA,BANGALORE URBAN,Bharatiya Janta Party,P.C. Mohan,[],[],['Venkaiah Naidu'],"[35, 45]","[8, 9, 11, 13, 14, 16, 19, 20, 21, 24, 27, 31, 32, 33, 35, 40, 44]",Business Services,0.00
155,AMADEUS SOFTWARE LABS INDIA PRIVATE LIMITED,U72200KA2012FTC062617,BANGALORE NORTH,KARNATAKA,BANGALORE URBAN,Bharatiya Janta Party,D.V Sadananda Gowda,['Law and Justice'],[40.0],['Venkaiah Naidu'],"[35, 45]","[8, 9, 11, 13, 14, 16, 19, 20, 21, 24, 27, 31, 32, 33, 35, 40, 44]",Business Services,0.00
156,AMADEUS SOFTWARE LABS INDIA PRIVATE LIMITED,U72200KA2012FTC062617,BANGALORE RURAL,KARNATAKA,BANGALORE URBAN,Indian National Congress,D K Suresh,[],[],['Venkaiah Naidu'],"[35, 45]","[8, 9, 11, 13, 14, 16, 19, 20, 21, 24, 27, 31, 32, 33, 35, 40, 44]",Business Services,0.00
157,AMADEUS SOFTWARE LABS INDIA PRIVATE LIMITED,U72200KA2012FTC062617,BANGALORE SOUTH,KARNATAKA,BANGALORE URBAN,Bharatiya Janta Party,Ananth Kumar,['Chemicals and Fertilizers'],[34.0],['Venkaiah Naidu'],"[35, 45]","[8, 9, 11, 13, 14, 16, 19, 20, 21, 24, 27, 31, 32, 33, 35, 40, 44]",Business Services,0.00
158,TRIDENT LIMITED,L99999PB1990PLC010307,VIDISHA,MADHYA PRADESH,SEHORE,Bharatiya Janta Party,Sushma Swaraj,['External Affairs'],[28.0],[],[],"[1, 2, 6, 8, 9, 11, 16, 19, 20, 21, 23, 24, 27, 28, 32, 33, 37, 40, 46]",Others,"2,100,000.00"
159,UNIFRAX INDIA PRIVATE LIMITED,U26993MH1983PTC205758,CHANDRAPUR,MAHARASHTRA,CHANDRAPUR,Bharatiya Janta Party,Ahir Hansraj Gangaram,['Chemicals and Fertilizers'],[34.0],[],[],"[4, 9, 16, 20, 21, 24, 33, 34, 37, 41, 42, 46]","Manufacturing (Metals & Chemicals, and products thereof)","1,200,000.00"
160,POWERLINKS TRANSMISSION LIMITED,U40105DL2001PLC110714,MUMBAI SOUTH,MAHARASHTRA,MUMBAI CITY,Shiv Sena,Arvind Sawant,[],[],['Piyush Goyal'],"[18, 38, 10]","[3, 10, 15, 16, 18, 20, 21, 24, 38, 51]","Electricity, Gas & Water companies","5,300,000.00"
161,POWERLINKS TRANSMISSION LIMITED,U40105DL2001PLC110714,MUMBAI SOUTH CENTRAL,MAHARASHTRA,MUMBAI CITY,Shiv Sena,Rahul Ramesh Shewale,[],[],['Piyush Goyal'],"[18, 38, 10]","[3, 10, 15, 16, 18, 20, 21, 24, 38, 51]","Electricity, Gas & Water companies","5,300,000.00"
162,T-3 ENERGY SERVICES INDIA PRIVATE LIMITED,U40200PN2008FTC135459,MUMBAI SOUTH,MAHARASHTRA,MUMBAI CITY,Shiv Sena,Arvind Sawant,[],[],['Piyush Goyal'],"[18, 38, 10]","[3, 10, 15, 16, 18, 20, 21, 24, 38, 51]","Electricity, Gas & Water companies","2,500,000.00"
163,T-3 ENERGY SERVICES INDIA PRIVATE LIMITED,U40200PN2008FTC135459,MUMBAI SOUTH CENTRAL,MAHARASHTRA,MUMBAI CITY,Shiv Sena,Rahul Ramesh Shewale,[],[],['Piyush Goyal'],"[18, 38, 10]","[3, 10, 15, 16, 18, 20, 21, 24, 38, 51]","Electricity, Gas & Water companies","2,500,000.00"
164,TATA POWER TRADING COMPANY LIMITED,U40100MH2003PLC143770,MUMBAI SOUTH,MAHARASHTRA,MUMBAI CITY,Shiv Sena,Arvind Sawant,[],[],['Piyush Goyal'],"[18, 38, 10]","[3, 10, 15, 16, 18, 20, 21, 24, 38, 51]","Electricity, Gas & Water companies","700,000.00"
165,TATA POWER TRADING COMPANY LIMITED,U40100MH2003PLC143770,MUMBAI SOUTH CENTRAL,MAHARASHTRA,MUMBAI CITY,Shiv Sena,Rahul Ramesh Shewale,[],[],['Piyush Goyal'],"[18, 38, 10]","[3, 10, 15, 16, 18, 20, 21, 24, 38, 51]","Electricity, Gas & Water companies","700,000.00"
166,IGOPL OFFSHORE PRIVATE LIMITED,U11101MH2008PTC183100,MUMBAI SOUTH,MAHARASHTRA,MUMBAI CITY,Shiv Sena,Arvind Sawant,[],[],['Piyush Goyal'],"[18, 38, 10]","[16, 17, 20, 21, 24, 30, 38]",Mining & Quarrying,"200,000.00"
167,IGOPL OFFSHORE PRIVATE LIMITED,U11101MH2008PTC183100,MUMBAI SOUTH CENTRAL,MAHARASHTRA,MUMBAI CITY,Shiv Sena,Rahul Ramesh Shewale,[],[],['Piyush Goyal'],"[18, 38, 10]","[16, 17, 20, 21, 24, 30, 38]",Mining & Quarrying,"200,000.00"
168,SOLAR INDUSTRIES INDIA LIMITED,L74999MH1995PLC085878,NAGPUR,MAHARASHTRA,NAGPUR,Bharatiya Janta Party,Gadkari Nitin Jairam,"['Road Transport and Highways', 'Shipping']","[31.0, 13.0]",[],[],"[8, 9, 11, 13, 14, 16, 19, 20, 21, 24, 27, 31, 32, 33, 35, 40, 44]",Business Services,"17,800,000.00"
169,MORARJEE TEXTILES LIMITED,L52322MH1995PLC090643,NAGPUR,MAHARASHTRA,NAGPUR,Bharatiya Janta Party,Gadkari Nitin Jairam,"['Road Transport and Highways', 'Shipping']","[31.0, 13.0]",[],[],"[9, 11, 12, 16, 20, 21, 24, 26, 27, 28, 30, 31, 32, 34, 37, 41]",Trading,"3,300,000.00"
170,ABHIJIT REALTORS & INFRAVENTURES PRIVATE LIMITED,U45208MH2007PTC174132,NAGPUR,MAHARASHTRA,NAGPUR,Bharatiya Janta Party,Gadkari Nitin Jairam,"['Road Transport and Highways', 'Shipping']","[31.0, 13.0]",[],[],"[3, 13, 16, 20, 21, 24, 31, 35, 50]",Construction,"1,300,000.00"
171,KEC INTERNATIONAL LIMITED,L45200MH2005PLC152061,NAGPUR,MAHARASHTRA,NAGPUR,Bharatiya Janta Party,Gadkari Nitin Jairam,"['Road Transport and Highways', 'Shipping']","[31.0, 13.0]",[],[],"[3, 13, 16, 20, 21, 24, 31, 35, 50]",Construction,"1,300,000.00"
172,MECGALE PNEUMATICS PRIVATE LIMITED,U74999MH2003PTC139205,NAGPUR,MAHARASHTRA,NAGPUR,Bharatiya Janta Party,Gadkari Nitin Jairam,"['Road Transport and Highways', 'Shipping']","[31.0, 13.0]",[],[],"[8, 9, 11, 13, 14, 16, 19, 20, 21, 24, 27, 31, 32, 33, 35, 40, 44]",Business Services,"600,000.00"
173,CDET EXPLOSIVE INDUSTRIES PRIVATE LIMITED,U29193MH1998PTC113548,NAGPUR,MAHARASHTRA,NAGPUR,Bharatiya Janta Party,Gadkari Nitin Jairam,"['Road Transport and Highways', 'Shipping']","[31.0, 13.0]",[],[],"[4, 12, 13, 16, 20, 21, 24, 37]",Manufacturing (Machinery & Equipments),"500,000.00"
174,EXCEL CONTROLINKAGE PRIVATE LIMITED,U29130MH1994PTC077836,NAGPUR,MAHARASHTRA,NAGPUR,Bharatiya Janta Party,Gadkari Nitin Jairam,"['Road Transport and Highways', 'Shipping']","[31.0, 13.0]",[],[],"[4, 12, 13, 16, 20, 21, 24, 37]",Manufacturing (Machinery & Equipments),"300,000.00"
175,D P JAIN AND CO INFRASTRUCTURE PRIVATE LIMITED,U45200MH2004PTC150149,NAGPUR,MAHARASHTRA,NAGPUR,Bharatiya Janta Party,Gadkari Nitin Jairam,"['Road Transport and Highways', 'Shipping']","[31.0, 13.0]",[],[],"[3, 13, 16, 20, 21, 24, 31, 35, 50]",Construction,"200,000.00"
176,VAST INTEGRATED SERVICES LIMITED,U74999MH2001PLC243957,NAGPUR,MAHARASHTRA,NAGPUR,Bharatiya Janta Party,Gadkari Nitin Jairam,"['Road Transport and Highways', 'Shipping']","[31.0, 13.0]",[],[],"[8, 9, 11, 13, 14, 16, 19, 20, 21, 24, 27, 31, 32, 33, 35, 40, 44]",Business Services,0.00
177,AQUAPHARM CHEMICALS PRIVATE LIMITED,U24231MH1974PTC017243,RAIGAD,MAHARASHTRA,RAIGAD,Shiv Sena,Anant Geete,['Heavy Industries and Public Enterprises'],[4.0],[],[],"[4, 9, 16, 20, 21, 24, 33, 34, 37, 41, 42, 46]","Manufacturing (Metals & Chemicals, and products thereof)","2,700,000.00"
178,CENTURY ENKA LIMITED,L24304PN1965PLC139075,RAIGAD,MAHARASHTRA,RAIGAD,Shiv Sena,Anant Geete,['Heavy Industries and Public Enterprises'],[4.0],[],[],"[4, 9, 16, 20, 21, 24, 33, 34, 37, 41, 42, 46]","Manufacturing (Metals & Chemicals, and products thereof)","2,000,000.00"
179,EXCEL INDUSTRIES LIMITED,L24200MH1960PLC011807,RAIGAD,MAHARASHTRA,RAIGAD,Shiv Sena,Anant Geete,['Heavy Industries and Public Enterprises'],[4.0],[],[],"[4, 9, 16, 20, 21, 24, 33, 34, 37, 41, 42, 46]","Manufacturing (Metals & Chemicals, and products thereof)","600,000.00"
180,RASHTRIYA CHEMICALS AND FERTILIZERS LIMITED,L24110MH1978GOI020185,RAIGAD,MAHARASHTRA,RAIGAD,Shiv Sena,Anant Geete,['Heavy Industries and Public Enterprises'],[4.0],[],[],"[4, 9, 16, 20, 21, 24, 33, 34, 37, 41, 42, 46]","Manufacturing (Metals & Chemicals, and products thereof)","400,000.00"
181,AKZO NOBEL INDIA LIMITED,L24292WB1954PLC021516,RAIGAD,MAHARASHTRA,RAIGAD,Shiv Sena,Anant Geete,['Heavy Industries and Public Enterprises'],[4.0],[],[],"[4, 9, 16, 20, 21, 24, 33, 34, 37, 41, 42, 46]","Manufacturing (Metals & Chemicals, and products thereof)","400,000.00"
182,GARWARE WALL ROPES LIMITED,L25209MH1976PLC018939,RAIGAD,MAHARASHTRA,RAIGAD,Shiv Sena,Anant Geete,['Heavy Industries and Public Enterprises'],[4.0],[],[],"[4, 9, 16, 20, 21, 24, 33, 34, 37, 41, 42, 46]","Manufacturing (Metals & Chemicals, and products thereof)","400,000.00"
183,CHT (INDIA) PRIVATE LIMITED,U24297MH1996PTC149192,RAIGAD,MAHARASHTRA,RAIGAD,Shiv Sena,Anant Geete,['Heavy Industries and Public Enterprises'],[4.0],[],[],"[4, 9, 16, 20, 21, 24, 33, 34, 37, 41, 42, 46]","Manufacturing (Metals & Chemicals, and products thereof)","300,000.00"
184,GULF OIL LUBRICANTS INDIA LIMITED,L23203MH2008PLC267060,RAIGAD,MAHARASHTRA,RATNAGIRI,Shiv Sena,Anant Geete,['Heavy Industries and Public Enterprises'],[4.0],[],[],"[4, 9, 16, 20, 21, 24, 33, 34, 37, 41, 42, 46]","Manufacturing (Metals & Chemicals, and products thereof)","1,000,000.00"
185,EXCEL INDUSTRIES LIMITED,L24200MH1960PLC011807,RAIGAD,MAHARASHTRA,RATNAGIRI,Shiv Sena,Anant Geete,['Heavy Industries and Public Enterprises'],[4.0],[],[],"[4, 9, 16, 20, 21, 24, 33, 34, 37, 41, 42, 46]","Manufacturing (Metals & Chemicals, and products thereof)","600,000.00"
186,SIRMAXO CHEMICALS PVT LTD,U24239MH2006PTC164733,RAIGAD,MAHARASHTRA,RATNAGIRI,Shiv Sena,Anant Geete,['Heavy Industries and Public Enterprises'],[4.0],[],[],"[4, 9, 16, 20, 21, 24, 33, 34, 37, 41, 42, 46]","Manufacturing (Metals & Chemicals, and products thereof)","500,000.00"
187,GARWARE WALL ROPES LIMITED,L25209MH1976PLC018939,RAIGAD,MAHARASHTRA,RATNAGIRI,Shiv Sena,Anant Geete,['Heavy Industries and Public Enterprises'],[4.0],[],[],"[4, 9, 16, 20, 21, 24, 33, 34, 37, 41, 42, 46]","Manufacturing (Metals & Chemicals, and products thereof)","400,000.00"
188,PRAJ INDUSTRIES LIMITED,L27101PN1985PLC038031,RAIGAD,MAHARASHTRA,RATNAGIRI,Shiv Sena,Anant Geete,['Heavy Industries and Public Enterprises'],[4.0],[],[],"[4, 9, 16, 20, 21, 24, 33, 34, 37, 41, 42, 46]","Manufacturing (Metals & Chemicals, and products thereof)","100,000.00"
189,HINDUSTAN COLAS PRIVATE LIMITED,U23200MH1995PTC090671,RAIGAD,MAHARASHTRA,RATNAGIRI,Shiv Sena,Anant Geete,['Heavy Industries and Public Enterprises'],[4.0],[],[],"[4, 9, 16, 20, 21, 24, 33, 34, 37, 41, 42, 46]","Manufacturing (Metals & Chemicals, and products thereof)","100,000.00"
190,MEPCO INDUSTRIES LIMITED,U36911TN1987PLC014168,PONDICHERRY,PUDUCHERRY,KARAIKAL,All India N.R. Congress,R. Radhakrishnan,"['Road Transport and Highways', 'Shipping']","[31.0, 13.0]",[],[],"[4, 9, 11, 13, 16, 20, 21, 24, 27, 31, 32, 33, 36, 50]",Manufacturing (Others),0.0
191,RAHEJA UNIVERSAL (PVT) LIMITED,U45200MH1980PTC023430,PONDICHERRY,PUDUCHERRY,PUDUCHERRY,All India N.R. Congress,R. Radhakrishnan,"['Road Transport and Highways', 'Shipping']","[31.0, 13.0]",[],[],"[3, 13, 16, 20, 21, 24, 31, 35, 50]",Construction,"1,000,000.00"
192,NIRMAL BANG SECURITIES PRIVATE LIMITED,U99999MH1997PTC110659,HOSHIARPUR,PUNJAB,HOSHIARPUR,Bharatiya Janta Party,Vijay Sampla,['Social Justice and Empowerment'],[1.0],[],[],"[1, 2, 6, 8, 9, 11, 16, 19, 20, 21, 23, 24, 27, 28, 32, 33, 37, 40, 46]",Others,"200,000.00"
193,CONTAINER CORPORATION OF INDIA LIMITED,L63011DL1988GOI030915,AJMER,RAJASTHAN,AJMER,Bharatiya Janta Party,Sanwar Lal Jat,"['Water Resources, River Development and Ganga Rejuvenation']",[15.0],[],[],"[15, 16, 20, 21, 24, 32, 33, 35, 36, 37, 50]","Transport, storage and Communications","11,600,000.00"
194,WAPCOS LIMITED,U74899DL1969GOI005070,JAIPUR RURAL,RAJASTHAN,ALWAR,Bharatiya Janta Party,Rajyavardhan Singh Rathore,['Information and Broadcasting'],[19.0],[],[],"[8, 9, 11, 13, 14, 16, 19, 20, 21, 24, 27, 31, 32, 33, 35, 40, 44]",Business Services,"2,900,000.00"
195,I P SUPPORT SERVICES (INDIA) PVT LTD,U74210DL1967PTC016861,JAIPUR RURAL,RAJASTHAN,ALWAR,Bharatiya Janta Party,Rajyavardhan Singh Rathore,['Information and Broadcasting'],[19.0],[],[],"[8, 9, 11, 13, 14, 16, 19, 20, 21, 24, 27, 31, 32, 33, 35, 40, 44]",Business Services,"1,700,000.00"
196,TRIANZ HOLDINGS PRIVATE LIMITED,U72200KA2006PTC040015,JAIPUR RURAL,RAJASTHAN,ALWAR,Bharatiya Janta Party,Rajyavardhan Singh Rathore,['Information and Broadcasting'],[19.0],[],[],"[8, 9, 11, 13, 14, 16, 19, 20, 21, 24, 27, 31, 32, 33, 35, 40, 44]",Business Services,"700,000.00"
197,DESICCANT ROTORS INTERNATIONAL PRIVATE LIMITED,U74899DL1984PTC017497,JAIPUR RURAL,RAJASTHAN,ALWAR,Bharatiya Janta Party,Rajyavardhan Singh Rathore,['Information and Broadcasting'],[19.0],[],[],"[8, 9, 11, 13, 14, 16, 19, 20, 21, 24, 27, 31, 32, 33, 35, 40, 44]",Business Services,"600,000.00"
198,IDFC SECURITIES LIMITED,U99999MH1993PLC071865,JAIPUR RURAL,RAJASTHAN,ALWAR,Bharatiya Janta Party,Rajyavardhan Singh Rathore,['Information and Broadcasting'],[19.0],[],[],"[1, 2, 6, 8, 9, 11, 16, 19, 20, 21, 23, 24, 27, 28, 32, 33, 37, 40, 46]",Others,0.00
199,KALPATARU POWER TRANSMISSION LIMITED,L40100GJ1981PLC004281,AJMER,RAJASTHAN,JAIPUR,Bharatiya Janta Party,Sanwar Lal Jat,"['Water Resources, River Development and Ganga Rejuvenation']",[15.0],[],[],"[3, 10, 15, 16, 18, 20, 21, 24, 38, 51]","Electricity, Gas & Water companies","7,500,000.00"
200,IFCI LIMITED,L74899DL1993GOI053677,JAIPUR RURAL,RAJASTHAN,JAIPUR,Bharatiya Janta Party,Rajyavardhan Singh Rathore,['Information and Broadcasting'],[19.0],[],[],"[8, 9, 11, 13, 14, 16, 19, 20, 21, 24, 27, 31, 32, 33, 35, 40, 44]",Business Services,"2,600,000.00"
201,COMPUCOM SOFTWARE LIMITED,L72200RJ1995PLC009798,JAIPUR RURAL,RAJASTHAN,JAIPUR,Bharatiya Janta Party,Rajyavardhan Singh Rathore,['Information and Broadcasting'],[19.0],[],[],"[8, 9, 11, 13, 14, 16, 19, 20, 21, 24, 27, 31, 32, 33, 35, 40, 44]",Business Services,"2,200,000.00"
202,METACUBE SOFTWARE PRIVATE LIMITED,U72200RJ2004PTC019247,JAIPUR RURAL,RAJASTHAN,JAIPUR,Bharatiya Janta Party,Rajyavardhan Singh Rathore,['Information and Broadcasting'],[19.0],[],[],"[8, 9, 11, 13, 14, 16, 19, 20, 21, 24, 27, 31, 32, 33, 35, 40, 44]",Business Services,"1,800,000.00"
203,CONSULTING ENGINEERS GROUP LIMITED .,U74140RJ1991PLC006329,JAIPUR RURAL,RAJASTHAN,JAIPUR,Bharatiya Janta Party,Rajyavardhan Singh Rathore,['Information and Broadcasting'],[19.0],[],[],"[8, 9, 11, 13, 14, 16, 19, 20, 21, 24, 27, 31, 32, 33, 35, 40, 44]",Business Services,"1,100,000.00"
204,CONTAINER CORPORATION OF INDIA LIMITED,L63011DL1988GOI030915,AJMER,RAJASTHAN,JAIPUR,Bharatiya Janta Party,Sanwar Lal Jat,"['Water Resources, River Development and Ganga Rejuvenation']",[15.0],[],[],"[15, 16, 20, 21, 24, 32, 33, 35, 36, 37, 50]","Transport, storage and Communications","900,000.00"
205,ORIX LEASING & FINANCIAL SERVICES INDIA LIMITED,U74900MH2006PLC163937,JAIPUR RURAL,RAJASTHAN,JAIPUR,Bharatiya Janta Party,Rajyavardhan Singh Rathore,['Information and Broadcasting'],[19.0],[],[],"[8, 9, 11, 13, 14, 16, 19, 20, 21, 24, 27, 31, 32, 33, 35, 40, 44]",Business Services,"600,000.00"
206,NOCIL LIMITED,L99999MH1961PLC012003,JAIPUR RURAL,RAJASTHAN,JAIPUR,Bharatiya Janta Party,Rajyavardhan Singh Rathore,['Information and Broadcasting'],[19.0],[],[],"[1, 2, 6, 8, 9, 11, 16, 19, 20, 21, 23, 24, 27, 28, 32, 33, 37, 40, 46]",Others,"500,000.00"
207,IMPETUS INFOTECH (INDIA) PRIVATE LIMITED,U72100MP2000PTC014455,JAIPUR RURAL,RAJASTHAN,JAIPUR,Bharatiya Janta Party,Rajyavardhan Singh Rathore,['Information and Broadcasting'],[19.0],[],[],"[8, 9, 11, 13, 14, 16, 19, 20, 21, 24, 27, 31, 32, 33, 35, 40, 44]",Business Services,"500,000.00"
208,PC SOLUTIONS PRIVATE LIMITED,U74899DL1995PTC072980,JAIPUR RURAL,RAJASTHAN,JAIPUR,Bharatiya Janta Party,Rajyavardhan Singh Rathore,['Information and Broadcasting'],[19.0],[],[],"[8, 9, 11, 13, 14, 16, 19, 20, 21, 24, 27, 31, 32, 33, 35, 40, 44]",Business Services,"300,000.00"
209,METALLIZING EQUIPMENT COMPANY PRIVATE LIMITED,U40100RJ1975PTC001631,AJMER,RAJASTHAN,JAIPUR,Bharatiya Janta Party,Sanwar Lal Jat,"['Water Resources, River Development and Ganga Rejuvenation']",[15.0],[],[],"[3, 10, 15, 16, 18, 20, 21, 24, 38, 51]","Electricity, Gas & Water companies","200,000.00"
210,RAMKUMAR MORARKA AND SONS PRIVATE LIMITED,U99999MH1946PTC004824,JAIPUR RURAL,RAJASTHAN,JAIPUR,Bharatiya Janta Party,Rajyavardhan Singh Rathore,['Information and Broadcasting'],[19.0],[],[],"[1, 2, 6, 8, 9, 11, 16, 19, 20, 21, 23, 24, 27, 28, 32, 33, 37, 40, 46]",Others,"200,000.00"
211,HYDERABAD RACE CLUB,U92411TG1971NPL001403,SECUNDERABAD,TELANGANA,HYDERABAD,Bharatiya Janta Party,Bandaru Dattatreya,['Labour and Employment (Independent Charge)'],[49.0],[],[],"[1, 2, 3, 5, 7, 8, 16, 20, 21, 24, 28, 33, 39, 42, 46, 48, 49]","Community, personal & Social Services","5,800,000.00"
212,SIPRA LABS LIMITED,U85195TG1994PLC016912,SECUNDERABAD,TELANGANA,HYDERABAD,Bharatiya Janta Party,Bandaru Dattatreya,['Labour and Employment (Independent Charge)'],[49.0],[],[],"[1, 2, 3, 5, 7, 8, 16, 20, 21, 24, 28, 33, 39, 42, 46, 48, 49]","Community, personal & Social Services","2,700,000.00"
213,SYNGENE INTERNATIONAL LIMITED,L85110KA1993PLC014937,SECUNDERABAD,TELANGANA,HYDERABAD,Bharatiya Janta Party,Bandaru Dattatreya,['Labour and Employment (Independent Charge)'],[49.0],[],[],"[1, 2, 3, 5, 7, 8, 16, 20, 21, 24, 28, 33, 39, 42, 46, 48, 49]","Community, personal & Social Services","1,100,000.00"
214,CHIREC INTERNATIONAL SCHOOLS PRIVATE LIMITED,U80212TG2013PTC090749,SECUNDERABAD,TELANGANA,HYDERABAD,Bharatiya Janta Party,Bandaru Dattatreya,['Labour and Employment (Independent Charge)'],[49.0],[],[],"[1, 2, 3, 5, 7, 8, 16, 20, 21, 24, 28, 33, 39, 42, 46, 48, 49]","Community, personal & Social Services","100,000.00"
215,K-12 EDUCATION MANAGEMENT PRIVATE LIMITED,U80901TG2009PTC065079,SECUNDERABAD,TELANGANA,HYDERABAD,Bharatiya Janta Party,Bandaru Dattatreya,['Labour and Employment (Independent Charge)'],[49.0],[],[],"[1, 2, 3, 5, 7, 8, 16, 20, 21, 24, 28, 33, 39, 42, 46, 48, 49]","Community, personal & Social Services",0.00
216,DELHI MSW SOLUTIONS LIMITED,U90001TG2009PLC063708,SECUNDERABAD,TELANGANA,HYDERABAD,Bharatiya Janta Party,Bandaru Dattatreya,['Labour and Employment (Independent Charge)'],[49.0],[],[],"[1, 2, 3, 5, 7, 8, 16, 20, 21, 24, 28, 33, 39, 42, 46, 48, 49]","Community, personal & Social Services",0.00
217,UNIMED HEALTH CARE PRIVATE LIMITED,U85110TG2006PTC051751,SECUNDERABAD,TELANGANA,HYDERABAD,Bharatiya Janta Party,Bandaru Dattatreya,['Labour and Employment (Independent Charge)'],[49.0],[],[],"[1, 2, 3, 5, 7, 8, 16, 20, 21, 24, 28, 33, 39, 42, 46, 48, 49]","Community, personal & Social Services",0.00
218,HCL CORPORATION PRIVATE LIMITED,U74120DL2008PTC183849,GAUTAM BUDHHA NAGAR,UTTAR PRADESH,BULANDSHAHR,Bharatiya Janta Party,Dr.Mahesh Sharma,"['Tourism (Independent Charge)', 'Culture (Independent Charge)', 'Civil Aviation']","[14.0, 2.0, 36.0]",[],[],"[8, 9, 11, 13, 14, 16, 19, 20, 21, 24, 27, 31, 32, 33, 35, 40, 44]",Business Services,"200,000.00"
219,HCL TALENTCARE PRIVATE LIMITED,U74140DL2011PTC214659,GAUTAM BUDHHA NAGAR,UTTAR PRADESH,BULANDSHAHR,Bharatiya Janta Party,Dr.Mahesh Sharma,"['Tourism (Independent Charge)', 'Culture (Independent Charge)', 'Civil Aviation']","[14.0, 2.0, 36.0]",[],[],"[8, 9, 11, 13, 14, 16, 19, 20, 21, 24, 27, 31, 32, 33, 35, 40, 44]",Business Services,"100,000.00"
220,INTERRA SYSTEMS (INDIA) PRIVATE LIMITED,U72900DL2000PTC104326,GAUTAM BUDHHA NAGAR,UTTAR PRADESH,GAUTAM BUDDHA NAGAR,Bharatiya Janta Party,Dr.Mahesh Sharma,"['Tourism (Independent Charge)', 'Culture (Independent Charge)', 'Civil Aviation']","[14.0, 2.0, 36.0]",[],[],"[8, 9, 11, 13, 14, 16, 19, 20, 21, 24, 27, 31, 32, 33, 35, 40, 44]",Business Services,"2,100,000.00"
221,VERSATILE STRATEGICS PRIVATE LIMITED,U74140DL2011PTC227997,GAUTAM BUDHHA NAGAR,UTTAR PRADESH,GAUTAM BUDDHA NAGAR,Bharatiya Janta Party,Dr.Mahesh Sharma,"['Tourism (Independent Charge)', 'Culture (Independent Charge)', 'Civil Aviation']","[14.0, 2.0, 36.0]",[],[],"[8, 9, 11, 13, 14, 16, 19, 20, 21, 24, 27, 31, 32, 33, 35, 40, 44]",Business Services,"800,000.00"
222,CMA CGM LOGISTICS PARK (DADRI) PRIVATE LIMITED,U63000UP2005PTC036441,GAUTAM BUDHHA NAGAR,UTTAR PRADESH,GAUTAM BUDDHA NAGAR,Bharatiya Janta Party,Dr.Mahesh Sharma,"['Tourism (Independent Charge)', 'Culture (Independent Charge)', 'Civil Aviation']","[14.0, 2.0, 36.0]",[],[],"[15, 16, 20, 21, 24, 32, 33, 35, 36, 37, 50]","Transport, storage and Communications","700,000.00"
223,AJAY INDUSTRIAL CORPORATION LIMITED.,U51909DL2008PLC180573,GHAZIABAD,UTTAR PRADESH,GHAZIABAD,Bharatiya Janta Party,Vijay Kumar Singh,"['Statistics and Programme Implementation (Independent Charge)', 'External Affairs', 'Overseas Indian Affairs']","[44.0, 28.0, 28.0]",[],[],"[9, 11, 12, 16, 20, 21, 24, 26, 27, 28, 30, 31, 32, 34, 37, 41]",Trading,"1,600,000.00"
224,COMPRO TECHNOLOGIES PRIVATE LIMITED,U74899DL2000PTC108219,GHAZIABAD,UTTAR PRADESH,GHAZIABAD,Bharatiya Janta Party,Vijay Kumar Singh,"['Statistics and Programme Implementation (Independent Charge)', 'External Affairs', 'Overseas Indian Affairs']","[44.0, 28.0, 28.0]",[],[],"[8, 9, 11, 13, 14, 16, 19, 20, 21, 24, 27, 31, 32, 33, 35, 40, 44]",Business Services,"1,300,000.00"
225,D B ENGINEERING PRIVATE LTD,U74899DL1986PTC026541,GHAZIABAD,UTTAR PRADESH,GHAZIABAD,Bharatiya Janta Party,Vijay Kumar Singh,"['Statistics and Programme Implementation (Independent Charge)', 'External Affairs', 'Overseas Indian Affairs']","[44.0, 28.0, 28.0]",[],[],"[8, 9, 11, 13, 14, 16, 19, 20, 21, 24, 27, 31, 32, 33, 35, 40, 44]",Business Services,"1,000,000.00"
226,GAURSONS INDIA LIMITED,U74899DL1995PLC064555,GHAZIABAD,UTTAR PRADESH,GHAZIABAD,Bharatiya Janta Party,Vijay Kumar Singh,"['Statistics and Programme Implementation (Independent Charge)', 'External Affairs', 'Overseas Indian Affairs']","[44.0, 28.0, 28.0]",[],[],"[8, 9, 11, 13, 14, 16, 19, 20, 21, 24, 27, 31, 32, 33, 35, 40, 44]",Business Services,"800,000.00"
227,UNITED DECORATIVES PVT LTD,U74899DL1984PTC019362,GHAZIABAD,UTTAR PRADESH,GHAZIABAD,Bharatiya Janta Party,Vijay Kumar Singh,"['Statistics and Programme Implementation (Independent Charge)', 'External Affairs', 'Overseas Indian Affairs']","[44.0, 28.0, 28.0]",[],[],"[8, 9, 11, 13, 14, 16, 19, 20, 21, 24, 27, 31, 32, 33, 35, 40, 44]",Business Services,"800,000.00"
228,SPECTRA PRODUCTS PRIVATE LIMITED,U74899DL1991PTC046647,GHAZIABAD,UTTAR PRADESH,GHAZIABAD,Bharatiya Janta Party,Vijay Kumar Singh,"['Statistics and Programme Implementation (Independent Charge)', 'External Affairs', 'Overseas Indian Affairs']","[44.0, 28.0, 28.0]",[],[],"[8, 9, 11, 13, 14, 16, 19, 20, 21, 24, 27, 31, 32, 33, 35, 40, 44]",Business Services,"600,000.00"
229,ULTRA INTERNATIONAL LIMITED,U74899DL1978PLC008854,GHAZIABAD,UTTAR PRADESH,GHAZIABAD,Bharatiya Janta Party,Vijay Kumar Singh,"['Statistics and Programme Implementation (Independent Charge)', 'External Affairs', 'Overseas Indian Affairs']","[44.0, 28.0, 28.0]",[],[],"[8, 9, 11, 13, 14, 16, 19, 20, 21, 24, 27, 31, 32, 33, 35, 40, 44]",Business Services,"200,000.00"
230,FAST MOVERS LOGISTICS PRIVATE LIMITED,U63090DL2011PTC218011,GHAZIPUR,UTTAR PRADESH,GHAZIPUR,Bharatiya Janta Party,Manoj Sinha,['Railways'],[50.0],[],[],"[15, 16, 20, 21, 24, 32, 33, 35, 36, 37, 50]","Transport, storage and Communications","700,000.00"
231,PTC INDUSTRIES LIMITED,L27109UP1963PLC002931,LUCKNOW,UTTAR PRADESH,LUCKNOW,Bharatiya Janta Party,Raj Nath Singh,['Home Affairs'],[33.0],[],[],"[4, 9, 16, 20, 21, 24, 33, 34, 37, 41, 42, 46]","Manufacturing (Metals & Chemicals, and products thereof)","1,400,000.00"
232,IKM INVESTORS PRIVATE LIMITED,U74899HR1995PTC041680,LUCKNOW,UTTAR PRADESH,LUCKNOW,Bharatiya Janta Party,Raj Nath Singh,['Home Affairs'],[33.0],[],[],"[8, 9, 11, 13, 14, 16, 19, 20, 21, 24, 27, 31, 32, 33, 35, 40, 44]",Business Services,"1,100,000.00"
233,DSP BLACKROCK INVESTMENT MANAGERS PRIVATE LIMITED,U74140MH1996PTC099483,LUCKNOW,UTTAR PRADESH,LUCKNOW,Bharatiya Janta Party,Raj Nath Singh,['Home Affairs'],[33.0],[],[],"[8, 9, 11, 13, 14, 16, 19, 20, 21, 24, 27, 31, 32, 33, 35, 40, 44]",Business Services,"1,000,000.00"
234,OMIDYAR NETWORK INDIA ADVISORS PRIVATE LIMITED,U93000MH2009PTC196403,LUCKNOW,UTTAR PRADESH,LUCKNOW,Bharatiya Janta Party,Raj Nath Singh,['Home Affairs'],[33.0],[],[],"[1, 2, 3, 5, 7, 8, 16, 20, 21, 24, 28, 33, 39, 42, 46, 48, 49]","Community, personal & Social Services","300,000.00"
235,RADICO KHAITAN LIMITED,L26941UP1983PLC027278,LUCKNOW,UTTAR PRADESH,LUCKNOW,Bharatiya Janta Party,Raj Nath Singh,['Home Affairs'],[33.0],[],[],"[4, 9, 16, 20, 21, 24, 33, 34, 37, 41, 42, 46]","Manufacturing (Metals & Chemicals, and products thereof)","200,000.00"
236,BRIJWASI BULLIONS AND JEWELLERS PRIVATE LIMITED (TRANSFERED FROM UP),U92199DL2002PTC148186,LUCKNOW,UTTAR PRADESH,LUCKNOW,Bharatiya Janta Party,Raj Nath Singh,['Home Affairs'],[33.0],[],[],"[1, 2, 3, 5, 7, 8, 16, 20, 21, 24, 28, 33, 39, 42, 46, 48, 49]","Community, personal & Social Services","200,000.00"
237,HOUSING AND URBAN DEVELOPMENT CORPORATION LIMITED,U74899DL1970GOI005276,LUCKNOW,UTTAR PRADESH,LUCKNOW,Bharatiya Janta Party,Raj Nath Singh,['Home Affairs'],[33.0],[],[],"[8, 9, 11, 13, 14, 16, 19, 20, 21, 24, 27, 31, 32, 33, 35, 40, 44]",Business Services,0.00
238,TATA TOYO RADIATOR LIMITED,U99999PN1997PLC110139,LUCKNOW,UTTAR PRADESH,LUCKNOW,Bharatiya Janta Party,Raj Nath Singh,['Home Affairs'],[33.0],[],[],"[1, 2, 6, 8, 9, 11, 16, 19, 20, 21, 23, 24, 27, 28, 32, 33, 37, 40, 46]",Others,0.00
239,PODDAR HOUSING AND DEVELOPMENT LIMITED,L51909MH1982PLC143066,MUZAFFARNAGAR,UTTAR PRADESH,MEERUT,Bharatiya Janta Party,(DR.) SANJEEV KUMAR BALYAN,['Agriculture'],[37.0],[],[],"[9, 11, 12, 16, 20, 21, 24, 26, 27, 28, 30, 31, 32, 34, 37, 41]",Trading,"1,800,000.00"
240,J K TECHNOSOFT LIMITED,U64202DL1988PLC030870,MUZAFFARNAGAR,UTTAR PRADESH,MEERUT,Bharatiya Janta Party,(DR.) SANJEEV KUMAR BALYAN,['Agriculture'],[37.0],[],[],"[15, 16, 20, 21, 24, 32, 33, 35, 36, 37, 50]","Transport, storage and Communications","1,500,000.00"
241,KANGAROO KIDS EDUCATION LIMITED,U99999MH2001PLC134339,MUZAFFARNAGAR,UTTAR PRADESH,MEERUT,Bharatiya Janta Party,(DR.) SANJEEV KUMAR BALYAN,['Agriculture'],[37.0],[],[],"[1, 2, 6, 8, 9, 11, 16, 19, 20, 21, 23, 24, 27, 28, 32, 33, 37, 40, 46]",Others,"500,000.00"
242,DISTANT HORIZON ORCHARD PVT LTD,U74899WB1991PTC117430,VARANASI,UTTAR PRADESH,VARANASI,Bharatiya Janta Party,Narendra Modi,"['Personnel, Public Grievances and Pensions', 'Department of Atomic Energy', 'Department of Space']",[8.0],[],[],"[8, 9, 11, 13, 14, 16, 19, 20, 21, 24, 27, 31, 32, 33, 35, 40, 44]",Business Services,"700,000.00"
243,THE PEERLESS GENERAL FINANCE & INVESTMENT CO LTD,U66010WB1932PLC007490,VARANASI,UTTAR PRADESH,VARANASI,Bharatiya Janta Party,Narendra Modi,"['Personnel, Public Grievances and Pensions', 'Department of Atomic Energy', 'Department of Space']",[8.0],[],[],"[1, 8, 16, 20, 21, 24, 32]",Insurance,"100,000.00"
