,Constituency,state,Type,Margin %,isMPMinister,centerAlignment,stateAlignment,rs_min_mplad_district,is_backward,ministry_comp_intersection,amount,non_backward,not_aligned
0,ADILABAD,TELANGANA,ST,16.4,0.0,0,1,0,1,0,150000000,0,0
1,AGRA,UTTAR PRADESH,SC,28.1,1.0,1,0,0,0,0,1090000000,1,0
2,AHMEDABAD EAST,GUJARAT,GEN,33.1,0.0,1,1,0,0,0,90030000000,1,0
3,AHMEDABAD WEST,GUJARAT,SC,33.2,0.0,1,1,0,0,0,88400000000,1,0
4,AHMEDNAGAR,MAHARASHTRA,GEN,19.7,0.0,1,1,0,0,0,1370000000,1,0
5,AJMER,RAJASTHAN,GEN,14.9,1.0,1,1,0,0,1,45260000000,1,0
6,AKBARPUR,UTTAR PRADESH,GEN,28.7,0.0,1,0,0,0,0,4440000000,1,0
7,AKOLA,MAHARASHTRA,GEN,20.8,0.0,1,1,0,0,0,80000000,1,0
8,ALAPPUZHA,KERALA,GEN,1.9,0.0,0,1,0,0,0,3480000000,1,0
9,ALATHUR,KERALA,SC,4.0,0.0,0,0,0,0,0,6860000000,1,1
10,ALIGARH,UTTAR PRADESH,GEN,26.9,0.0,1,0,0,0,0,800000000,1,0
11,ALIPURDUARS,WEST BENGAL,ST,1.7,0.0,0,1,0,0,0,950000000,1,0
12,ALLAHABAD,UTTAR PRADESH,GEN,7.0,0.0,1,0,0,0,0,630000000,1,0
13,ALMORA,UTTARAKHAND,SC,14.6,0.0,1,0,0,0,0,200000000,1,0
14,ALWAR,RAJASTHAN,GEN,26.7,0.0,1,1,0,0,0,9160000000,1,0
15,AMALAPURAM,ANDHRA PRADESH,SC,10.8,0.0,1,1,0,0,0,2350000000,1,0
16,AMBALA,HARYANA,SC,27.9,0.0,1,1,0,0,0,2030000000,1,0
17,AMBEDKAR NAGAR,UTTAR PRADESH,GEN,13.5,0.0,1,0,0,0,0,1840000000,1,0
18,AMETHI,UTTAR PRADESH,GEN,12.3,0.0,0,0,0,0,0,5060000000,1,1
19,AMRAVATI,MAHARASHTRA,SC,13.7,0.0,1,1,0,0,0,1300000000,1,0
20,AMRELI,GUJARAT,GEN,19.3,0.0,1,1,0,0,0,2990000000,1,0
21,AMRITSAR,PUNJAB,GEN,10.2,0.0,0,0,0,0,0,1320000000,1,1
22,AMROHA,UTTAR PRADESH,GEN,14.4,0.0,1,0,1,0,0,840000000,1,0
23,ANAKAPALLE,ANDHRA PRADESH,GEN,4.2,0.0,1,1,0,1,0,30420000000,0,0
24,ANAND,GUJARAT,GEN,6.5,0.0,1,1,1,0,1,3070000000,1,0
25,ANANDPUR SAHIB,PUNJAB,GEN,2.2,0.0,1,1,0,0,0,3300000000,1,0
26,ANANTAPUR,ANDHRA PRADESH,GEN,5.1,0.0,1,1,0,0,0,19390000000,1,0
27,ANANTNAG,JAMMU AND KASHMIR,GEN,17.4,0.0,0,0,0,0,0,1030000000,1,1
28,ANDAMAN AND NICOBAR,ANDAMAN AND NICOBAR,GEN,4.1,0.0,1,0,0,0,0,0,1,0
29,AONLA,UTTAR PRADESH,GEN,13.9,0.0,1,0,0,0,0,250000000,1,0
30,ARAKKONAM,TAMIL NADU,GEN,22.1,0.0,0,1,0,0,0,216100000000,1,0
31,ARAKU,ANDHRA PRADESH,ST,10.0,0.0,0,0,0,1,0,38740000000,0,1
32,ARAMBAG,WEST BENGAL,SC,25.5,0.0,0,1,0,0,0,760000000,1,0
33,ARANI,TAMIL NADU,GEN,22.2,0.0,0,1,0,0,0,350000000,1,0
34,ARARIA,BIHAR,GEN,15.0,0.0,0,0,0,1,0,0,0,1
35,ARRAH,BIHAR,GEN,15.2,0.0,1,1,0,0,0,0,1,0
36,ARUNACHAL EAST,ARUNACHAL PRADESH,GEN,4.8,0.0,0,0,0,1,0,80000000,0,1
37,ARUNACHAL WEST,ARUNACHAL PRADESH,GEN,12.4,1.0,1,1,0,0,0,780000000,1,0
38,ASANSOL,WEST BENGAL,GEN,6.2,1.0,1,0,0,0,0,0,1,0
39,ASKA,ODISHA,GEN,34.8,0.0,0,1,0,0,0,600000000,1,0
40,ATTINGAL,KERALA,GEN,8.1,0.0,0,0,0,0,0,2640000000,1,1
41,AURANGABAD,BIHAR,GEN,8.4,0.0,1,1,0,1,0,710000000,0,0
42,AURANGABAD,MAHARASHTRA,GEN,16.5,0.0,1,1,0,0,0,24350000000,1,0
43,AUTONOMOUS DISTRICT,ASSAM,ST,4.4,0.0,0,1,0,0,0,0,1,0
44,AZAMGARH,UTTAR PRADESH,GEN,6.6,0.0,0,1,0,0,0,0,1,0
45,BADAUN,UTTAR PRADESH,GEN,16.2,0.0,0,1,0,0,0,50000000,1,0
46,BAGALKOT,KARNATAKA,GEN,10.8,0.0,1,0,0,1,0,490000000,0,0
47,BAGHPAT,UTTAR PRADESH,GEN,20.9,0.0,1,0,0,0,0,1450000000,1,0
48,BAHARAMPUR,WEST BENGAL,GEN,30.9,0.0,0,0,0,1,0,470000000,0,1
49,BAHRAICH,UTTAR PRADESH,SC,10.2,0.0,1,0,0,1,0,0,0,0
50,BALAGHAT,MADHYA PRADESH,GEN,8.6,0.0,1,1,0,0,0,2780000000,1,0
51,BALASORE,ODISHA,GEN,13.5,0.0,0,1,0,0,0,1420000000,1,0
52,BALLIA,UTTAR PRADESH,GEN,14.8,0.0,1,0,0,0,0,400000000,1,0
53,BALURGHAT,WEST BENGAL,GEN,10.1,0.0,0,1,0,1,0,0,0,0
54,BANASKANTHA,GUJARAT,GEN,22.8,1.0,1,1,0,0,1,1000000000,1,0
55,BANDA,UTTAR PRADESH,GEN,13.5,0.0,1,0,0,1,0,0,0,0
56,BANGALORE CENTRAL,KARNATAKA,GEN,12.8,0.0,1,0,1,0,1,75230000000,1,0
57,BANGALORE NORTH,KARNATAKA,GEN,16.9,1.0,1,0,1,0,1,75230000000,1,0
58,BANGALORE RURAL,KARNATAKA,GEN,15.9,0.0,0,1,1,0,1,124440000000,1,0
59,BANGALORE SOUTH,KARNATAKA,GEN,20.5,1.0,1,0,1,0,1,75230000000,1,0
60,BANGAON,WEST BENGAL,SC,11.4,0.0,0,1,0,1,0,1910000000,0,0
61,BANKA,BIHAR,GEN,1.1,0.0,0,0,0,1,0,90000000,0,1
62,BANKURA,WEST BENGAL,GEN,8.0,0.0,0,1,0,0,0,4040000000,1,0
63,BANSGAON,UTTAR PRADESH,SC,21.6,0.0,1,0,0,0,0,700000000,1,0
64,BANSWARA,RAJASTHAN,ST,7.8,0.0,1,1,0,0,0,210000000,1,0
65,BAPATLA,ANDHRA PRADESH,SC,2.8,0.0,1,1,0,0,0,6080000000,1,0
66,BARABANKI,UTTAR PRADESH,SC,19.8,0.0,1,0,0,0,0,340000000,1,0
67,BARAMATI,MAHARASHTRA,GEN,6.5,0.0,0,0,0,0,0,176290000000,1,1
68,BARAMULLA,JAMMU AND KASHMIR,GEN,6.3,0.0,0,0,0,1,0,0,0,1
69,BARASAT,WEST BENGAL,GEN,13.6,0.0,0,1,0,0,0,240000000,1,0
70,BARDHAMAN PURBA,WEST BENGAL,SC,8.7,0.0,0,1,0,0,0,0,1,0
71,BARDHAMAN-DURGAPUR,WEST BENGAL,GEN,8.1,0.0,0,1,0,0,0,0,1,0
72,BARDOLI,GUJARAT,ST,10.3,0.0,1,1,0,0,0,22600000000,1,0
73,BAREILLY,UTTAR PRADESH,GEN,23.6,1.0,1,0,0,0,0,250000000,1,0
74,BARGARH,ODISHA,GEN,1.0,0.0,0,1,0,0,0,1550000000,1,0
75,BARMER,RAJASTHAN,GEN,7.2,0.0,1,1,0,1,0,12360000000,0,0
76,BARPETA,ASSAM,GEN,3.5,0.0,0,0,0,1,0,190000000,0,1
77,BARRACKPUR,WEST BENGAL,GEN,19.7,0.0,0,1,0,0,0,240000000,1,0
78,BASIRHAT,WEST BENGAL,GEN,8.6,0.0,0,1,0,0,0,240000000,1,0
79,BASTAR,CHHATTISGARH,ST,16.2,0.0,1,1,0,1,0,360000000,0,0
80,BASTI,UTTAR PRADESH,GEN,3.2,0.0,1,0,0,0,0,0,1,0
81,BATHINDA,PUNJAB,GEN,1.6,1.0,1,1,0,0,0,2600000000,1,0
82,BEED,MAHARASHTRA,GEN,11.1,0.0,1,1,0,0,0,0,1,0
83,BEGUSARAI,BIHAR,GEN,5.4,0.0,1,1,0,1,0,100000000,0,0
84,BELGAUM,KARNATAKA,GEN,7.0,0.0,1,0,0,0,0,380000000,1,0
85,BELLARY,KARNATAKA,ST,8.1,0.0,1,0,0,0,0,2010000000,1,0
86,BERHAMPUR,ODISHA,GEN,14.1,0.0,0,1,0,1,0,600000000,0,0
87,BETUL,MADHYA PRADESH,ST,31.4,0.0,1,1,0,1,0,4090000000,0,0
88,BHADOHI,UTTAR PRADESH,GEN,16.1,0.0,1,0,0,0,0,630000000,1,0
89,BHADRAK,ODISHA,SC,16.6,0.0,0,1,0,0,0,1020000000,1,0
90,BHAGALPUR,BIHAR,GEN,1.0,0.0,0,0,0,0,0,0,1,1
91,BHANDARA-GONDIYA,MAHARASHTRA,GEN,12.5,0.0,1,1,0,0,0,530000000,1,0
92,BHARATPUR,RAJASTHAN,SC,25.5,0.0,1,1,0,0,0,9680000000,1,0
93,BHARUCH,GUJARAT,GEN,14.5,1.0,1,1,0,1,0,19830000000,0,0
94,BHAVNAGAR,GUJARAT,GEN,32.2,0.0,1,1,0,0,0,2070000000,1,0
95,BHILWARA,RAJASTHAN,GEN,22.3,0.0,1,1,0,0,0,8120000000,1,0
96,BHIND,MADHYA PRADESH,SC,21.9,0.0,1,1,0,0,0,9810000000,1,0
97,BHIWANDI,MAHARASHTRA,GEN,12.5,0.0,1,1,0,0,0,18690000000,1,0
98,BHIWANI-MAHENDRAGARH,HARYANA,GEN,12.6,0.0,1,1,0,0,0,1600000000,1,0
99,BHONGIR,TELANGANA,GEN,2.5,0.0,0,1,0,0,0,5600000000,1,0
100,BHOPAL,MADHYA PRADESH,GEN,32.8,0.0,1,1,1,0,0,8820000000,1,0
101,BHUBANESWAR,ODISHA,GEN,21.2,0.0,0,1,0,0,0,850000000,1,0
102,BIDAR,KARNATAKA,GEN,9.6,0.0,1,0,0,1,0,1550000000,0,0
103,BIJAPUR,KARNATAKA,SC,7.2,0.0,1,0,0,0,0,1650000000,1,0
104,BIJNOR,UTTAR PRADESH,GEN,19.4,0.0,1,0,0,0,0,690000000,1,0
105,BIKANER,RAJASTHAN,SC,33.1,0.0,1,1,0,0,0,1220000000,1,0
106,BILASPUR,CHHATTISGARH,GEN,16.2,0.0,1,1,0,0,0,11290000000,1,0
107,BIRBHUM,WEST BENGAL,GEN,5.3,0.0,0,1,0,1,0,110000000,0,0
108,BISHNUPUR,WEST BENGAL,SC,11.8,0.0,0,1,0,0,0,310000000,1,0
109,BOLANGIR,ODISHA,GEN,8.9,0.0,0,1,0,1,0,0,0,0
110,BOLPUR,WEST BENGAL,SC,18.1,0.0,0,1,0,1,0,110000000,0,0
111,BULANDSHAHR,UTTAR PRADESH,SC,41.8,0.0,1,0,0,0,0,910000000,1,0
112,BULDHANA,MAHARASHTRA,GEN,16.3,0.0,1,1,0,0,0,400000000,1,0
113,BUXAR,BIHAR,GEN,14.9,0.0,1,1,0,0,0,0,1,0
114,CHALAKUDY,KERALA,GEN,1.6,0.0,0,0,0,0,0,25450000000,1,1
115,CHAMARAJANAGAR,KARNATAKA,SC,12.5,0.0,0,1,0,0,0,810000000,1,0
116,CHANDAULI,UTTAR PRADESH,GEN,16.0,0.0,1,0,0,1,0,4350000000,0,0
117,CHANDIGARH,CHANDIGARH,GEN,15.4,0.0,1,0,0,0,0,510000000,1,0
118,CHANDNI CHOWK,DELHI,GEN,13.9,1.0,1,0,0,0,0,3260000000,1,0
119,CHANDRAPUR,MAHARASHTRA,GEN,21.3,1.0,1,1,0,0,1,1690000000,1,0
120,CHATRA,JHARKHAND,GEN,25.0,0.0,1,1,0,1,0,0,0,0
121,CHENNAI CENTRAL,TAMIL NADU,GEN,5.6,0.0,0,1,0,0,0,116960000000,1,0
122,CHENNAI NORTH,TAMIL NADU,GEN,11.0,0.0,0,1,0,0,0,117020000000,1,0
123,CHENNAI SOUTH,TAMIL NADU,GEN,12.6,0.0,0,1,0,0,0,117700000000,1,0
124,CHEVELLA,TELANGANA,GEN,5.5,0.0,0,1,0,0,0,3740000000,1,0
125,CHHINDWARA,MADHYA PRADESH,GEN,10.5,0.0,0,0,1,0,0,160000000,1,1
126,CHHOTA UDAIPUR,GUJARAT,ST,16.3,0.0,1,1,0,1,0,9280000000,0,0
127,CHIDAMBARAM,TAMIL NADU,SC,11.8,0.0,0,1,0,0,0,11820000000,1,0
128,CHIKKBALLAPUR,KARNATAKA,GEN,0.8,0.0,0,1,0,0,0,47750000000,1,0
129,CHIKKODI,KARNATAKA,GEN,0.3,0.0,0,1,0,0,0,380000000,1,0
130,CHITRADURGA,KARNATAKA,SC,9.2,0.0,0,1,0,0,0,2110000000,1,0
131,CHITTOOR,ANDHRA PRADESH,SC,3.7,0.0,1,1,0,0,0,7470000000,1,0
132,CHITTORGARH,RAJASTHAN,GEN,27.0,0.0,1,1,0,0,0,8470000000,1,0
133,CHURU,RAJASTHAN,GEN,26.1,0.0,1,1,0,0,0,200000000,1,0
134,COIMBATORE,TAMIL NADU,GEN,3.6,0.0,0,1,0,0,0,16560000000,1,0
135,COOCHBEHAR,WEST BENGAL,SC,6.5,0.0,0,1,0,0,0,0,1,0
136,CUDDALORE,TAMIL NADU,GEN,20.6,0.0,0,1,0,0,0,11790000000,1,0
137,CUTTACK,ODISHA,GEN,31.3,0.0,0,1,0,0,0,3400000000,1,0
138,DADRA & NAGAR HAVELI,DADRA AND NAGAR HAVELI,GEN,3.8,0.0,1,0,0,0,0,0,1,0
139,DAHOD,GUJARAT,ST,25.6,0.0,1,1,0,0,0,30000000,1,0
140,DAKSHINA KANNADA,KARNATAKA,GEN,11.9,0.0,1,0,0,0,0,340000000,1,0
141,DAMAN & DIU,DAMAN AND DIU,GEN,10.6,0.0,1,0,0,0,0,0,1,0
142,DAMOH,MADHYA PRADESH,GEN,23.4,0.0,1,1,0,1,0,750000000,0,0
143,DARBHANGA,BIHAR,GEN,4.2,0.0,1,1,0,0,0,0,1,0
144,DARJEELING,WEST BENGAL,GEN,17.3,0.0,1,0,0,0,0,1440000000,1,0
145,DAUSA,RAJASTHAN,ST,4.9,0.0,1,1,0,0,0,23580000000,1,0
146,DAVANAGERE,KARNATAKA,GEN,1.6,1.0,1,0,0,0,0,0,1,0
147,DEORIA,UTTAR PRADESH,GEN,27.3,1.0,1,0,0,0,0,0,1,0
148,DEWAS,MADHYA PRADESH,SC,22.8,0.0,1,1,0,0,0,7480000000,1,0
149,DHANBAD,JHARKHAND,GEN,25.6,0.0,1,1,0,1,0,2280000000,0,0
150,DHAR,MADHYA PRADESH,ST,9.7,0.0,1,1,0,0,0,3940000000,1,0
151,DHARMAPURI,TAMIL NADU,GEN,7.0,0.0,1,0,0,0,0,2130000000,1,0
152,DHARWAD,KARNATAKA,GEN,10.9,0.0,1,0,0,0,0,540000000,1,0
153,DHAURAHRA,UTTAR PRADESH,GEN,11.9,0.0,1,0,0,0,0,630000000,1,0
154,DHENKANAL,ODISHA,GEN,13.2,0.0,0,1,0,1,0,26500000000,0,0
155,DHUBRI,ASSAM,GEN,16.8,0.0,0,0,0,1,0,0,0,1
156,DHULE,MAHARASHTRA,GEN,13.3,0.0,1,1,0,0,0,12500000000,1,0
157,DIAMOND HARBOUR,WEST BENGAL,GEN,5.7,0.0,0,1,0,0,0,1090000000,1,0
158,DIBRUGARH,ASSAM,GEN,20.8,0.0,1,0,0,0,0,4800000000,1,0
159,DINDIGUL,TAMIL NADU,GEN,11.8,0.0,0,1,0,0,0,1390000000,1,0
160,DINDORI,MAHARASHTRA,ST,25.5,0.0,1,1,0,0,0,11470000000,1,0
161,DOMARIYAGANJ,UTTAR PRADESH,GEN,11.1,0.0,1,0,0,1,0,0,0,0
162,DUM DUM,WEST BENGAL,GEN,13.7,0.0,0,1,0,0,0,240000000,1,0
163,DUMKA,JHARKHAND,ST,4.3,0.0,0,0,0,1,0,0,0,1
164,DURG,CHHATTISGARH,GEN,1.3,0.0,0,0,0,0,0,5740000000,1,1
165,EAST DELHI,DELHI,GEN,15.9,0.0,1,0,0,0,0,16090000000,1,0
166,ELURU,ANDHRA PRADESH,GEN,8.5,0.0,1,1,1,0,0,11030000000,1,0
167,ERNAKULAM,KERALA,GEN,10.2,0.0,0,1,0,0,0,19990000000,1,0
168,ERODE,TAMIL NADU,GEN,21.0,0.0,0,1,0,0,0,900000000,1,0
169,ETAH,UTTAR PRADESH,GEN,21.7,0.0,1,0,0,0,0,0,1,0
170,ETAWAH,UTTAR PRADESH,SC,18.4,0.0,1,0,0,0,0,3180000000,1,0
171,FAIZABAD,UTTAR PRADESH,GEN,27.6,0.0,1,0,0,0,0,410000000,1,0
172,FARIDABAD,HARYANA,GEN,41.3,1.0,1,1,0,0,0,5650000000,1,0
173,FARIDKOT,PUNJAB,SC,16.7,0.0,0,0,0,1,0,660000000,0,1
174,FARRUKHABAD,UTTAR PRADESH,GEN,15.5,0.0,1,0,0,0,0,0,1,0
175,FATEHGARH SAHIB,PUNJAB,SC,5.3,0.0,0,0,0,0,0,7470000000,1,1
176,FATEHPUR,UTTAR PRADESH,GEN,17.7,1.0,1,0,0,1,0,0,0,0
177,FATEHPUR SIKRI,UTTAR PRADESH,GEN,17.9,0.0,1,0,0,0,0,1090000000,1,0
178,FIROZABAD,UTTAR PRADESH,GEN,10.3,0.0,0,1,0,0,0,10000000,1,0
179,FIROZPUR,PUNJAB,GEN,2.8,0.0,1,1,0,1,0,450000000,0,0
180,GADCHIROLI-CHIMUR,MAHARASHTRA,ST,23.1,0.0,1,1,0,1,0,2070000000,0,0
181,GANDHINAGAR,GUJARAT,GEN,42.5,0.0,1,1,0,0,0,90030000000,1,0
182,GANGANAGAR,RAJASTHAN,SC,23.2,1.0,1,1,0,0,0,20000000,1,0
183,GARHWAL,UTTARAKHAND,GEN,27.1,0.0,1,0,0,0,0,31330000000,1,0
184,GAUHATI,ASSAM,GEN,20.9,0.0,1,0,0,1,0,2400000000,0,0
185,GAUTAM BUDHHA NAGAR,UTTAR PRADESH,GEN,23.4,1.0,1,0,0,0,1,2660000000,1,0
186,GAYA,BIHAR,SC,14.3,0.0,1,1,0,1,0,710000000,0,0
187,GHATAL,WEST BENGAL,GEN,19.1,0.0,0,1,0,0,0,0,1,0
188,GHAZIABAD,UTTAR PRADESH,GEN,42.3,1.0,1,0,0,0,1,840000000,1,0
189,GHAZIPUR,UTTAR PRADESH,GEN,3.3,1.0,1,0,0,0,1,70000000,1,0
190,GHOSI,UTTAR PRADESH,GEN,14.0,0.0,1,0,0,0,0,650000000,1,0
191,GIRIDIH,JHARKHAND,GEN,4.2,0.0,1,1,0,1,0,2280000000,0,0
192,GODDA,JHARKHAND,GEN,5.8,0.0,1,1,0,1,0,0,0,0
193,GONDA,UTTAR PRADESH,GEN,18.4,0.0,1,0,0,1,0,180000000,0,0
194,GOPALGANJ,BIHAR,SC,31.8,0.0,1,1,0,0,0,0,1,0
195,GORAKHPUR,UTTAR PRADESH,GEN,30.1,0.0,1,0,0,0,0,700000000,1,0
196,GULBARGA,KARNATAKA,SC,7.5,0.0,0,1,0,1,0,1550000000,0,0
197,GUNA,MADHYA PRADESH,GEN,12.4,0.0,0,0,0,1,0,0,0,1
198,GUNTUR,ANDHRA PRADESH,GEN,5.6,0.0,1,0,0,0,0,5850000000,1,0
199,GURDASPUR,PUNJAB,GEN,13.0,0.0,1,1,0,0,0,120000000,1,0
200,GURGAON,HARYANA,GEN,20.8,1.0,1,1,0,1,1,55580000000,0,0
201,GWALIOR,MADHYA PRADESH,GEN,3.0,1.0,1,1,0,0,0,100000000,1,0
202,HAJIPUR,BIHAR,SC,24.9,1.0,0,0,0,0,0,0,1,1
203,HAMIRPUR,HIMACHAL PRADESH,GEN,11.8,0.0,1,0,1,0,1,680000000,1,0
204,HAMIRPUR,UTTAR PRADESH,GEN,27.4,0.0,1,0,0,0,0,100000000,1,0
205,HARDOI,UTTAR PRADESH,SC,8.4,0.0,1,0,0,0,0,60000000,1,0
206,HARDWAR,UTTARAKHAND,GEN,15.1,0.0,1,0,0,1,0,8730000000,0,0
207,HASSAN,KARNATAKA,GEN,8.8,0.0,0,0,0,0,0,300000000,1,1
208,HATHRAS,UTTAR PRADESH,SC,31.1,0.0,1,0,0,0,0,800000000,1,0
209,HATKANANGLE,MAHARASHTRA,GEN,15.0,0.0,1,0,0,0,0,3220000000,1,0
210,HAVERI,KARNATAKA,GEN,7.8,0.0,1,0,0,1,0,0,0,0
211,HAZARIBAGH,JHARKHAND,GEN,16.5,1.0,1,1,0,1,1,800000000,0,0
212,HINDUPUR,ANDHRA PRADESH,GEN,8.3,0.0,1,1,0,0,0,19390000000,1,0
213,HINGOLI,MAHARASHTRA,GEN,0.2,0.0,0,0,0,1,0,1040000000,0,1
214,HISAR,HARYANA,GEN,2.8,0.0,0,0,0,0,0,2670000000,1,1
215,HOOGHLY,WEST BENGAL,GEN,14.0,0.0,0,1,0,0,0,760000000,1,0
216,HOSHANGABAD,MADHYA PRADESH,GEN,37.8,0.0,1,1,0,0,0,1690000000,1,0
217,HOSHIARPUR,PUNJAB,SC,1.4,1.0,1,1,0,0,1,950000000,1,0
218,HOWRAH,WEST BENGAL,GEN,17.5,0.0,0,1,0,0,0,570000000,1,0
219,HYDERABAD,TELANGANA,GEN,20.8,0.0,0,0,0,0,0,30460000000,1,1
220,IDUKKI,KERALA,GEN,6.2,0.0,0,0,0,0,0,20040000000,1,1
221,INDORE,MADHYA PRADESH,GEN,35.5,0.0,1,1,0,0,0,3800000000,1,0
222,INNER MANIPUR,MANIPUR,GEN,14.8,0.0,0,1,0,1,0,960000000,0,0
223,JABALPUR,MADHYA PRADESH,GEN,20.8,0.0,1,1,0,0,0,530000000,1,0
224,JADAVPUR,WEST BENGAL,GEN,9.8,0.0,0,1,0,0,0,1090000000,1,0
225,JAGATSINGHPUR,ODISHA,SC,24.4,0.0,0,1,0,0,0,3090000000,1,0
226,JAHANABAD,BIHAR,GEN,5.2,0.0,1,0,0,1,0,870000000,0,0
227,JAIPUR,RAJASTHAN,GEN,41.6,0.0,1,1,0,0,0,14420000000,1,0
228,JAIPUR RURAL,RAJASTHAN,GEN,32.8,1.0,1,1,0,0,1,23580000000,1,0
229,JAJPUR,ODISHA,SC,32.7,0.0,0,1,0,0,0,0,1,0
230,JALANDHAR,PUNJAB,SC,6.8,0.0,0,0,0,0,0,670000000,1,1
231,JALAUN,UTTAR PRADESH,SC,25.9,0.0,1,0,0,0,0,620000000,1,0
232,JALGAON,MAHARASHTRA,GEN,38.7,0.0,1,1,0,1,0,1030000000,0,0
233,JALNA,MAHARASHTRA,GEN,19.4,0.0,1,1,0,0,0,50720000000,1,0
234,JALORE,RAJASTHAN,GEN,35.1,0.0,1,1,0,1,0,3450000000,0,0
235,JALPAIGURI,WEST BENGAL,SC,5.3,0.0,0,1,0,0,0,800000000,1,0
236,JAMMU,JAMMU AND KASHMIR,GEN,20.5,0.0,1,0,0,0,0,2970000000,1,0
237,JAMNAGAR,GUJARAT,GEN,20.6,0.0,1,1,0,0,0,1550000000,1,0
238,JAMSHEDPUR,JHARKHAND,GEN,9.5,0.0,1,1,0,1,0,0,0,0
239,JAMUI,BIHAR,SC,11.1,0.0,1,0,0,1,0,50000000,0,0
240,JANGIPUR,WEST BENGAL,GEN,0.7,0.0,0,0,0,1,0,470000000,0,1
241,JANJGIR-CHAMPA,CHHATTISGARH,SC,16.3,0.0,1,1,0,0,0,10860000000,1,0
242,JAUNPUR,UTTAR PRADESH,GEN,14.5,0.0,1,0,0,0,0,150000000,1,0
243,JAYNAGAR,WEST BENGAL,SC,9.1,0.0,0,1,0,0,0,1090000000,1,0
244,JHALAWAR-BARAN,RAJASTHAN,GEN,24.6,0.0,1,1,0,0,0,3620000000,1,0
245,JHANJHARPUR,BIHAR,GEN,5.9,1.0,1,1,0,0,0,0,1,0
246,JHANSI,UTTAR PRADESH,GEN,14.4,1.0,1,0,0,0,0,0,1,0
247,JHARGRAM,WEST BENGAL,ST,27.7,0.0,0,1,0,0,0,3730000000,1,0
248,JHUNJHUNU,RAJASTHAN,GEN,23.2,0.0,1,1,0,0,0,6960000000,1,0
249,JODHPUR,RAJASTHAN,GEN,38.0,0.0,1,1,0,1,0,32790000000,0,0
250,JORHAT,ASSAM,GEN,11.0,0.0,1,0,0,0,0,200000000,1,0
251,JUNAGADH,GUJARAT,GEN,14.4,0.0,1,1,0,0,0,40000000,1,0
252,KACHCHH,GUJARAT,SC,26.9,0.0,1,1,0,0,0,10690000000,1,0
253,KADAPA,ANDHRA PRADESH,GEN,15.9,0.0,0,0,0,1,0,270000000,0,1
254,KAIRANA,UTTAR PRADESH,GEN,21.2,0.0,1,0,0,0,0,230000000,1,0
255,KAISERGANJ,UTTAR PRADESH,GEN,8.3,0.0,1,0,0,1,0,130000000,0,0
256,KAKINADA,ANDHRA PRADESH,GEN,0.3,0.0,1,1,0,0,0,2350000000,1,0
257,KALAHANDI,ODISHA,GEN,5.0,0.0,0,1,0,1,0,900000000,0,0
258,KALIABOR,ASSAM,GEN,8.0,0.0,0,1,0,0,0,200000000,1,0
259,KALLAKURICHI,TAMIL NADU,GEN,20.2,0.0,0,1,0,0,0,1660000000,1,0
260,KALYAN,MAHARASHTRA,GEN,30.4,0.0,1,1,0,0,0,18690000000,1,0
261,KANCHEEPURAM,TAMIL NADU,SC,13.0,0.0,0,1,0,0,0,740000000,1,0
262,KANDHAMAL,ODISHA,GEN,21.6,0.0,0,1,0,1,0,1180000000,0,0
263,KANGRA,HIMACHAL PRADESH,GEN,21.3,0.0,1,0,0,1,0,170000000,0,0
264,KANKER,CHHATTISGARH,ST,3.5,0.0,1,1,0,1,0,8070000000,0,0
265,KANNAUJ,UTTAR PRADESH,GEN,1.8,0.0,0,1,0,0,0,3180000000,1,0
266,KANNIYAKUMARI,TAMIL NADU,GEN,13.0,0.0,1,0,0,0,0,690000000,1,0
267,KANNUR,KERALA,GEN,0.7,0.0,0,0,0,0,0,220000000,1,1
268,KANPUR,UTTAR PRADESH,GEN,26.7,0.0,1,0,0,0,0,3820000000,1,0
269,KANTHI,WEST BENGAL,GEN,17.8,0.0,0,1,0,0,0,0,1,0
270,KARAKAT,BIHAR,GEN,13.3,1.0,1,0,0,1,0,0,0,0
271,KARAULI-DHOLPUR,RAJASTHAN,SC,3.2,0.0,1,1,0,1,0,0,0,0
272,KARIMGANJ,ASSAM,SC,11.5,0.0,0,0,0,1,0,0,0,1
273,KARIMNAGAR,TELANGANA,GEN,18.2,0.0,0,1,0,0,0,13180000000,1,0
274,KARNAL,HARYANA,GEN,30.2,0.0,1,1,0,0,0,1400000000,1,0
275,KARUR,TAMIL NADU,GEN,18.7,0.0,0,1,0,0,0,5030000000,1,0
276,KASARAGOD,KERALA,GEN,0.7,0.0,0,0,0,0,0,220000000,1,1
277,KATIHAR,BIHAR,GEN,11.7,0.0,0,0,0,1,0,0,0,1
278,KAUSHAMBI,UTTAR PRADESH,SC,4.7,0.0,1,0,0,0,0,70000000,1,0
279,KENDRAPARA,ODISHA,GEN,18.3,0.0,0,1,0,0,0,2820000000,1,0
280,KEONJHAR,ODISHA,ST,14.5,0.0,0,1,0,0,0,410000000,1,0
281,KHADOOR SAHIB,PUNJAB,GEN,9.7,0.0,1,1,0,1,0,1740000000,0,0
282,KHAGARIA,BIHAR,GEN,8.5,0.0,1,0,0,1,0,0,0,0
283,KHAJURAHO,MADHYA PRADESH,GEN,28.3,0.0,1,1,0,1,0,520000000,0,0
284,KHAMMAM,TELANGANA,GEN,1.0,0.0,0,0,0,1,0,1180000000,0,1
285,KHANDWA,MADHYA PRADESH,GEN,20.7,0.0,1,1,0,1,0,4120000000,0,0
286,KHARGONE,MADHYA PRADESH,ST,22.4,0.0,1,1,0,1,0,540000000,0,0
287,KHEDA,GUJARAT,GEN,24.4,0.0,1,1,1,0,1,89080000000,1,0
288,KHERI,UTTAR PRADESH,GEN,10.2,0.0,1,0,0,0,0,0,1,0
289,KHUNTI,JHARKHAND,ST,12.5,0.0,1,1,0,1,0,1080000000,0,0
290,KISHANGANJ,BIHAR,GEN,21.0,0.0,0,0,0,1,0,0,0,1
291,KODARMA,JHARKHAND,GEN,9.6,0.0,1,1,0,1,0,800000000,0,0
292,KOKRAJHAR,ASSAM,ST,29.1,0.0,0,0,0,1,0,880000000,0,1
293,KOLAR,KARNATAKA,SC,4.2,0.0,0,1,0,0,0,640000000,1,0
294,KOLHAPUR,MAHARASHTRA,GEN,2.6,0.0,0,0,0,0,0,1910000000,1,1
295,KOLKATA DAKSHIN,WEST BENGAL,GEN,11.7,0.0,0,1,0,0,0,71540000000,1,0
296,KOLKATA UTTAR,WEST BENGAL,GEN,10.1,0.0,0,1,0,0,0,70450000000,1,0
297,KOLLAM,KERALA,GEN,4.3,0.0,0,0,0,0,0,150000000,1,1
298,KOPPAL,KARNATAKA,GEN,3.2,0.0,1,0,0,0,0,4100000000,1,0
299,KORAPUT,ODISHA,ST,2.0,0.0,0,1,0,1,0,4880000000,0,0
300,KORBA,CHHATTISGARH,GEN,0.4,0.0,1,1,0,1,0,23120000000,0,0
301,KOTA,RAJASTHAN,GEN,17.4,0.0,1,1,0,0,0,5360000000,1,0
302,KOTTAYAM,KERALA,GEN,14.5,0.0,0,0,0,0,0,21410000000,1,1
303,KOZHIKODE,KERALA,GEN,1.8,0.0,0,1,0,0,0,340000000,1,0
304,KRISHNAGIRI,TAMIL NADU,GEN,19.3,0.0,0,1,0,0,0,1060000000,1,0
305,KRISHNANAGAR,WEST BENGAL,GEN,5.7,0.0,0,1,0,1,0,1670000000,0,0
306,KURNOOL,ANDHRA PRADESH,GEN,4.1,0.0,0,0,0,0,0,4190000000,1,1
307,KURUKSHETRA,HARYANA,GEN,11.4,0.0,1,1,0,0,0,830000000,1,0
308,KUSHI NAGAR,UTTAR PRADESH,GEN,9.0,0.0,1,0,0,0,0,0,1,0
309,LADAKH,JAMMU AND KASHMIR,GEN,0.0,0.0,1,0,0,0,0,230000000,1,0
310,LAKHIMPUR,ASSAM,GEN,26.3,1.0,1,0,0,0,0,16940000000,1,0
311,LAKSHADWEEP,LAKSHADWEEP,ST,3.6,0.0,0,0,0,0,0,0,1,1
312,LALGANJ,UTTAR PRADESH,SC,7.0,0.0,1,0,0,0,0,0,1,0
313,LATUR,MAHARASHTRA,SC,24.0,0.0,1,1,0,1,0,3040000000,0,0
314,LOHARDAGA,JHARKHAND,ST,1.0,1.0,1,1,0,1,1,830000000,0,0
315,LUCKNOW,UTTAR PRADESH,GEN,26.4,1.0,1,0,0,0,1,3480000000,1,0
316,LUDHIANA,PUNJAB,GEN,1.8,0.0,0,0,0,0,0,7260000000,1,1
317,MACHHLISHAHR,UTTAR PRADESH,SC,17.3,0.0,1,0,0,0,0,4500000000,1,0
318,MACHILIPATNAM,ANDHRA PRADESH,GEN,7.1,0.0,1,0,1,0,0,6760000000,1,0
319,MADHA,MAHARASHTRA,GEN,2.3,0.0,0,0,0,0,0,2710000000,1,1
320,MADHEPURA,BIHAR,GEN,5.4,0.0,0,0,0,0,0,0,1,1
321,MADHUBANI,BIHAR,GEN,2.4,0.0,1,1,0,0,0,0,1,0
322,MADURAI,TAMIL NADU,GEN,20.2,0.0,0,1,0,0,0,2580000000,1,0
323,MAHABUBABAD,TELANGANA,ST,3.1,0.0,0,1,0,1,0,1180000000,0,0
324,MAHARAJGANJ,BIHAR,GEN,4.5,0.0,1,1,0,0,0,270000000,1,0
325,MAHARAJGANJ,UTTAR PRADESH,GEN,22.8,0.0,1,0,0,0,0,0,1,0
326,MAHASAMUND,CHHATTISGARH,GEN,0.1,0.0,1,1,0,1,0,11010000000,0,0
327,MAHBUBNAGAR,TELANGANA,GEN,0.3,0.0,0,1,0,0,0,1730000000,1,0
328,MAHESANA,GUJARAT,GEN,20.8,0.0,1,1,0,0,0,3740000000,1,0
329,MAINPURI,UTTAR PRADESH,GEN,36.5,0.0,0,1,0,0,0,0,1,0
330,MALAPPURAM,KERALA,GEN,22.8,0.0,0,0,0,0,0,0,1,1
331,MALDAHA DAKSHIN,WEST BENGAL,GEN,15.0,0.0,0,0,0,1,0,470000000,0,1
332,MALDAHA UTTAR,WEST BENGAL,GEN,5.6,0.0,0,0,0,1,0,0,0,1
333,MALKAJGIRI,TELANGANA,GEN,1.8,0.0,1,0,0,0,0,34200000000,1,0
334,MANDI,HIMACHAL PRADESH,GEN,5.5,0.0,1,0,0,1,0,390000000,0,0
335,MANDLA,MADHYA PRADESH,ST,9.1,0.0,1,1,0,0,0,1050000000,1,0
336,MANDSOUR,MADHYA PRADESH,GEN,26.1,0.0,1,1,0,0,0,400000000,1,0
337,MANDYA,KARNATAKA,GEN,0.5,0.0,0,0,0,0,0,830000000,1,1
338,MANGALDOI,ASSAM,GEN,1.9,0.0,1,0,0,1,0,4340000000,0,0
339,MATHURA,UTTAR PRADESH,GEN,30.7,0.0,1,0,0,0,0,1040000000,1,0
340,MATHURAPUR,WEST BENGAL,SC,10.9,0.0,0,1,0,0,0,240000000,1,0
341,MAVAL,MAHARASHTRA,GEN,13.4,0.0,1,1,0,0,0,177470000000,1,0
342,MAVELIKKARA,KERALA,SC,3.7,0.0,0,1,0,0,0,4900000000,1,0
343,MAYILADUTHURAI,TAMIL NADU,GEN,27.0,0.0,0,1,0,0,0,5840000000,1,0
344,MAYURBHANJ,ODISHA,ST,11.7,0.0,0,1,0,0,0,410000000,1,0
345,MEDAK,TELANGANA,GEN,33.3,0.0,0,1,0,0,0,3500000000,1,0
346,MEDINIPUR,WEST BENGAL,GEN,14.7,0.0,0,1,0,0,0,0,1,0
347,MEERUT,UTTAR PRADESH,GEN,20.9,0.0,1,0,0,0,0,1380000000,1,0
348,MIRZAPUR,UTTAR PRADESH,GEN,21.7,0.0,1,0,0,0,0,0,1,0
349,MISRIKH,UTTAR PRADESH,SC,8.8,0.0,1,0,0,0,0,4510000000,1,0
350,MIZORAM,MIZORAM,ST,1.4,0.0,0,1,0,1,0,830000000,0,0
351,MOHANLALGANJ,UTTAR PRADESH,SC,13.0,0.0,1,0,0,0,0,4110000000,1,0
352,MORADABAD,UTTAR PRADESH,GEN,7.8,0.0,1,0,0,0,0,1250000000,1,0
353,MORENA,MADHYA PRADESH,GEN,15.6,0.0,1,1,0,0,0,440000000,1,0
354,MUMBAI NORTH,MAHARASHTRA,GEN,47.2,0.0,1,1,0,0,0,330000000,1,0
355,MUMBAI NORTH CENTRAL,MAHARASHTRA,GEN,22.1,0.0,1,1,0,0,0,330000000,1,0
356,MUMBAI NORTH EAST,MAHARASHTRA,GEN,36.8,0.0,1,1,0,0,0,330000000,1,0
357,MUMBAI NORTH WEST,MAHARASHTRA,GEN,20.4,0.0,1,1,0,0,0,330000000,1,0
358,MUMBAI SOUTH,MAHARASHTRA,GEN,16.4,0.0,1,1,1,0,1,34560000000,1,0
359,MUMBAI SOUTH CENTRAL,MAHARASHTRA,GEN,18.0,0.0,1,1,1,0,1,34560000000,1,0
360,MUNGER,BIHAR,GEN,11.9,0.0,1,0,1,0,1,2430000000,1,0
361,MURSHIDABAD,WEST BENGAL,GEN,1.4,0.0,0,0,0,1,0,2140000000,0,1
362,MUZAFFARNAGAR,UTTAR PRADESH,GEN,36.2,1.0,1,0,0,0,1,540000000,1,0
363,MUZAFFARPUR,BIHAR,GEN,23.4,0.0,1,1,0,1,0,2460000000,0,0
364,MYSORE,KARNATAKA,GEN,2.7,0.0,1,0,0,0,0,820000000,1,0
365,NABARANGPUR,ODISHA,ST,0.2,0.0,0,1,0,1,0,4880000000,0,0
366,NAGALAND,NAGALAND,ST,38.5,0.0,1,1,0,1,0,360000000,0,0
367,NAGAPATTINAM,TAMIL NADU,SC,11.3,0.0,0,1,0,0,0,1850000000,1,0
368,NAGARKURNOOL,TELANGANA,SC,1.5,0.0,0,0,0,0,0,1730000000,1,1
369,NAGAUR,RAJASTHAN,GEN,7.5,0.0,1,1,0,0,0,4010000000,1,0
370,NAGINA,UTTAR PRADESH,SC,9.8,0.0,1,0,0,0,0,150000000,1,0
371,NAGPUR,MAHARASHTRA,GEN,26.3,1.0,1,1,0,0,1,8260000000,1,0
372,NAINITAL-UDHAMSINGH NAGAR,UTTARAKHAND,GEN,25.8,0.0,1,0,0,1,0,170000000,0,0
373,NALANDA,BIHAR,GEN,1.0,0.0,1,1,0,0,0,280000000,1,0
374,NALGONDA,TELANGANA,GEN,16.2,0.0,0,0,0,0,0,1860000000,1,1
375,NAMAKKAL,TAMIL NADU,GEN,27.8,0.0,0,1,0,0,0,1760000000,1,0
376,NANDED,MAHARASHTRA,GEN,8.0,0.0,0,0,0,1,0,1040000000,0,1
377,NANDURBAR,MAHARASHTRA,ST,9.6,0.0,1,1,0,1,0,4250000000,0,0
378,NANDYAL,ANDHRA PRADESH,GEN,8.8,0.0,0,0,0,0,0,4190000000,1,1
379,NARASARAOPET,ANDHRA PRADESH,GEN,2.8,0.0,1,1,0,0,0,5850000000,1,0
380,NARSAPURAM,ANDHRA PRADESH,GEN,7.8,0.0,1,0,1,0,0,4270000000,1,0
381,NASHIK,MAHARASHTRA,GEN,20.0,0.0,1,1,0,0,0,11470000000,1,0
382,NAVSARI,GUJARAT,GEN,48.1,0.0,1,1,0,0,0,22120000000,1,0
383,NAWADA,BIHAR,GEN,15.8,1.0,1,1,0,1,0,0,0,0
384,NELLORE,ANDHRA PRADESH,GEN,1.1,0.0,0,0,0,0,0,230000000,1,1
385,NEW DELHI,DELHI,GEN,16.8,0.0,1,0,0,0,0,15720000000,1,0
386,NILGIRIS,TAMIL NADU,SC,11.2,0.0,0,1,0,0,0,17760000000,1,0
387,NIZAMABAD,TELANGANA,GEN,16.2,0.0,0,1,0,0,0,13190000000,1,0
388,NORTH EAST DELHI,DELHI,GEN,10.9,0.0,1,0,0,0,0,2800000000,1,0
389,NORTH GOA,GOA,GEN,26.0,1.0,1,1,0,0,1,710000000,1,0
390,NORTH WEST DELHI,DELHI,SC,7.9,0.0,1,0,0,0,0,49790000000,1,0
391,NOWGONG,ASSAM,GEN,11.7,0.0,1,0,0,0,0,0,1,0
392,ONGOLE,ANDHRA PRADESH,GEN,1.3,0.0,0,0,0,0,0,230000000,1,1
393,OSMANABAD,MAHARASHTRA,GEN,21.0,0.0,1,1,0,0,0,3940000000,1,0
394,OUTER MANIPUR,MANIPUR,ST,2.0,0.0,0,1,0,1,0,960000000,0,0
395,PALAKKAD,KERALA,GEN,11.6,0.0,0,0,0,0,0,1400000000,1,1
396,PALAMAU,JHARKHAND,SC,27.0,0.0,1,1,0,1,0,0,0,0
397,PALGHAR,MAHARASHTRA,ST,24.1,0.0,1,1,0,0,0,20330000000,1,0
398,PALI,RAJASTHAN,GEN,36.4,0.0,1,1,0,0,0,31920000000,1,0
399,PANCHMAHAL,GUJARAT,GEN,18.3,0.0,1,1,1,0,1,710000000,1,0
400,PARBHANI,MAHARASHTRA,GEN,10.9,0.0,1,1,0,0,0,40440000000,1,0
401,PASCHIM CHAMPARAN,BIHAR,GEN,12.9,0.0,1,1,0,0,0,0,1,0
402,PATALIPUTRA,BIHAR,GEN,4.1,1.0,1,1,1,0,1,2380000000,1,0
403,PATAN,GUJARAT,GEN,14.5,0.0,1,1,0,0,0,8390000000,1,0
404,PATHANAMTHITTA,KERALA,GEN,6.5,0.0,0,1,0,0,0,1820000000,1,0
405,PATIALA,PUNJAB,GEN,1.9,0.0,0,0,0,0,0,3290000000,1,1
406,PATNA SAHIB,BIHAR,GEN,30.1,0.0,1,1,1,0,1,2380000000,1,0
407,PEDDAPALLE,TELANGANA,SC,28.5,0.0,0,1,0,1,0,13330000000,0,0
408,PERAMBALUR,TAMIL NADU,GEN,20.7,0.0,0,1,0,0,0,3650000000,1,0
409,PHULPUR,UTTAR PRADESH,GEN,32.1,0.0,1,0,0,0,0,630000000,1,0
410,PILIBHIT,UTTAR PRADESH,GEN,29.2,1.0,1,0,0,0,0,660000000,1,0
411,POLLACHI,TAMIL NADU,GEN,13.9,0.0,0,1,0,0,0,16560000000,1,0
412,PONDICHERRY,PUDUCHERRY,GEN,8.2,1.0,1,1,0,0,1,250000000,1,0
413,PONNANI,KERALA,GEN,2.9,0.0,0,0,0,0,0,1400000000,1,1
414,PORBANDAR,GUJARAT,GEN,33.1,0.0,1,1,0,0,0,7260000000,1,0
415,PRATAPGARH,UTTAR PRADESH,GEN,18.8,0.0,1,0,0,0,0,70000000,1,0
416,PUNE,MAHARASHTRA,GEN,31.8,0.0,1,1,0,0,0,176290000000,1,0
417,PURI,ODISHA,GEN,25.3,0.0,0,1,0,0,0,1700000000,1,0
418,PURNIA,BIHAR,GEN,11.5,0.0,1,1,0,1,0,0,0,0
419,PURULIA,WEST BENGAL,GEN,12.8,0.0,0,1,0,0,0,3730000000,1,0
420,PURVI CHAMPARAN,BIHAR,GEN,23.4,1.0,1,1,0,0,0,0,1,0
421,RAE BARELI,UTTAR PRADESH,GEN,42.7,0.0,0,0,0,0,0,3320000000,1,1
422,RAICHUR,KARNATAKA,ST,0.2,0.0,0,1,0,1,0,3280000000,0,0
423,RAIGAD,MAHARASHTRA,GEN,0.2,1.0,1,1,0,0,1,3550000000,1,0
424,RAIGANJ,WEST BENGAL,GEN,0.1,0.0,0,0,0,0,0,0,1,1
425,RAIGARH,CHHATTISGARH,ST,17.4,1.0,1,1,0,0,0,170000000,1,0
426,RAIPUR,CHHATTISGARH,GEN,13.7,0.0,1,1,0,0,0,10860000000,1,0
427,RAJAHMUNDRY,ANDHRA PRADESH,GEN,14.5,0.0,1,1,1,0,0,6620000000,1,0
428,RAJAMPET,ANDHRA PRADESH,GEN,15.1,0.0,0,0,0,1,0,7740000000,0,1
429,RAJGARH,MADHYA PRADESH,GEN,22.6,0.0,1,1,0,1,0,340000000,0,0
430,RAJKOT,GUJARAT,GEN,23.3,1.0,1,1,0,1,1,8570000000,0,0
431,RAJMAHAL,JHARKHAND,ST,4.3,0.0,0,0,0,1,0,0,0,1
432,RAJNANDGAON,CHHATTISGARH,GEN,20.0,0.0,1,1,0,1,0,1510000000,0,0
433,RAJSAMAND,RAJASTHAN,GEN,40.3,0.0,1,1,0,0,0,35510000000,1,0
434,RAMANATHAPURAM,TAMIL NADU,GEN,11.9,0.0,0,1,0,1,0,2280000000,0,0
435,RAMPUR,UTTAR PRADESH,GEN,2.5,0.0,1,0,0,0,0,1210000000,1,0
436,RAMTEK,MAHARASHTRA,SC,16.7,0.0,1,1,0,0,0,8260000000,1,0
437,RANAGHAT,WEST BENGAL,SC,14.9,0.0,0,1,0,1,0,1670000000,0,0
438,RANCHI,JHARKHAND,GEN,19.0,0.0,1,1,0,1,0,830000000,0,0
439,RATLAM,MADHYA PRADESH,ST,10.0,0.0,1,1,0,0,0,0,1,0
440,RATNAGIRI SINDHUDURG,MAHARASHTRA,GEN,16.7,0.0,1,1,0,0,0,2370000000,1,0
441,RAVER,MAHARASHTRA,GEN,31.5,0.0,1,1,0,1,0,400000000,0,0
442,REWA,MADHYA PRADESH,GEN,20.3,0.0,1,1,0,0,0,200000000,1,0
443,ROBERTSGANJ,UTTAR PRADESH,SC,21.5,0.0,1,0,0,1,0,980000000,0,0
444,ROHTAK,HARYANA,GEN,16.3,0.0,0,0,1,0,0,7970000000,1,1
445,SABARKANTHA,GUJARAT,GEN,7.7,0.0,1,1,0,0,0,210000000,1,0
446,SAGAR,MADHYA PRADESH,GEN,13.5,0.0,1,1,0,1,0,680000000,0,0
447,SAHARANPUR,UTTAR PRADESH,GEN,5.5,0.0,1,0,0,0,0,230000000,1,0
448,SALEM,TAMIL NADU,GEN,23.3,0.0,0,1,0,0,0,1660000000,1,0
449,SALEMPUR,UTTAR PRADESH,GEN,27.2,0.0,1,0,0,0,0,330000000,1,0
450,SAMASTIPUR,BIHAR,SC,0.8,0.0,1,0,0,0,0,0,1,0
451,SAMBALPUR,ODISHA,GEN,3.1,0.0,0,1,0,0,0,42040000000,1,0
452,SAMBHAL,UTTAR PRADESH,GEN,0.5,0.0,1,0,0,0,0,1150000000,1,0
453,SANGLI,MAHARASHTRA,GEN,22.9,0.0,1,1,0,0,0,1310000000,1,0
454,SANGRUR,PUNJAB,GEN,19.3,0.0,0,0,0,0,0,1300000000,1,1
455,SANT KABIR NAGAR,UTTAR PRADESH,GEN,9.7,0.0,1,0,0,0,0,3240000000,1,0
456,SARAN,BIHAR,GEN,4.7,1.0,1,1,0,0,0,270000000,1,0
457,SASARAM,BIHAR,SC,7.5,0.0,1,1,0,0,0,0,1,0
458,SATARA,MAHARASHTRA,GEN,37.5,0.0,0,0,0,0,0,1750000000,1,1
459,SATNA,MADHYA PRADESH,GEN,1.0,0.0,1,1,0,0,0,560000000,1,0
460,SECUNDERABAD,TELANGANA,GEN,25.4,1.0,1,0,0,0,1,30460000000,1,0
461,SHAHDOL,MADHYA PRADESH,ST,24.9,0.0,1,1,0,0,0,570000000,1,0
462,SHAHJAHANPUR,UTTAR PRADESH,SC,20.8,0.0,1,0,0,0,0,3310000000,1,0
463,SHEOHAR,BIHAR,GEN,16.2,0.0,1,1,0,1,0,200000000,0,0
464,SHILLONG,MEGHALAYA,ST,6.5,0.0,0,1,0,1,0,1560000000,0,0
465,SHIMLA,HIMACHAL PRADESH,SC,11.4,0.0,1,0,0,0,0,2580000000,1,0
466,SHIMOGA,KARNATAKA,GEN,32.2,0.0,1,0,0,0,0,3100000000,1,0
467,SHIRDI,MAHARASHTRA,SC,21.4,0.0,1,1,0,0,0,340000000,1,0
468,SHIRUR,MAHARASHTRA,GEN,27.7,0.0,1,1,0,0,0,176290000000,1,0
469,SHRAWASTI,UTTAR PRADESH,GEN,8.8,0.0,1,0,0,1,0,60000000,0,0
470,SIDHI,MADHYA PRADESH,GEN,10.9,0.0,1,1,0,1,0,50070000000,0,0
471,SIKAR,RAJASTHAN,GEN,22.4,0.0,1,1,0,0,0,910000000,1,0
472,SIKKIM,SIKKIM,GEN,13.5,0.0,0,1,0,1,0,310000000,0,0
473,SILCHAR,ASSAM,GEN,4.4,0.0,0,1,0,0,0,0,1,0
474,SINGHBHUM,JHARKHAND,ST,11.0,0.0,1,1,0,1,0,0,0,0
475,SIRSA,HARYANA,SC,9.0,0.0,0,0,0,0,0,410000000,1,1
476,SITAMARHI,BIHAR,GEN,16.4,0.0,1,0,0,1,0,200000000,0,0
477,SITAPUR,UTTAR PRADESH,GEN,5.0,0.0,1,0,0,0,0,630000000,1,0
478,SIVAGANGA,TAMIL NADU,GEN,22.3,0.0,0,1,0,0,0,300000000,1,0
479,SIWAN,BIHAR,GEN,12.9,0.0,1,1,0,0,0,0,1,0
480,SOLAPUR,MAHARASHTRA,SC,15.7,0.0,1,1,0,0,0,960000000,1,0
481,SONIPAT,HARYANA,GEN,7.9,0.0,1,1,0,0,0,10360000000,1,0
482,SOUTH DELHI,DELHI,GEN,9.7,0.0,1,0,0,0,0,5400000000,1,0
483,SOUTH GOA,GOA,GEN,7.9,0.0,1,1,0,0,0,1340000000,1,0
484,SREERAMPUR,WEST BENGAL,GEN,11.8,0.0,0,1,0,0,0,1330000000,1,0
485,SRIKAKULAM,ANDHRA PRADESH,GEN,12.1,0.0,1,1,0,0,0,5970000000,1,0
486,SRINAGAR,JAMMU AND KASHMIR,GEN,13.5,0.0,0,0,0,0,0,16420000000,1,1
487,SRIPERUMBUDUR,TAMIL NADU,GEN,8.0,0.0,0,1,0,0,0,800000000,1,0
488,SULTANPUR,UTTAR PRADESH,GEN,18.5,0.0,1,0,0,0,0,100000000,1,0
489,SUNDARGARH,ODISHA,ST,1.9,1.0,1,0,0,0,0,0,1,0
490,SUPAUL,BIHAR,GEN,6.1,0.0,0,0,0,0,0,0,1,1
491,SURAT,GUJARAT,GEN,56.2,0.0,1,1,0,0,0,21930000000,1,0
492,SURENDRANAGAR,GUJARAT,GEN,21.5,0.0,1,1,0,0,0,2950000000,1,0
493,SURGUJA,CHHATTISGARH,ST,12.4,0.0,1,1,0,0,0,650000000,1,0
494,TAMLUK,WEST BENGAL,GEN,18.4,0.0,0,1,0,0,0,0,1,0
495,TEHRI GARHWAL,UTTARAKHAND,GEN,24.8,0.0,1,0,0,0,0,33850000000,1,0
496,TENKASI,TAMIL NADU,SC,15.9,0.0,0,1,0,1,0,6790000000,0,0
497,TEZPUR,ASSAM,GEN,8.8,0.0,1,0,0,0,0,12290000000,1,0
498,THANE,MAHARASHTRA,GEN,26.7,0.0,1,1,0,0,0,18690000000,1,0
499,THANJAVUR,TAMIL NADU,GEN,14.2,0.0,0,1,0,0,0,5490000000,1,0
500,THENI,TAMIL NADU,GEN,29.2,0.0,0,1,0,0,0,2740000000,1,0
501,THIRUVANANTHAPURAM,KERALA,GEN,1.8,0.0,0,1,0,0,0,2640000000,1,0
502,THOOTHUKKUDI,TAMIL NADU,GEN,13.5,0.0,0,1,0,0,0,2540000000,1,0
503,THRISSUR,KERALA,GEN,4.2,0.0,0,0,0,0,0,5460000000,1,1
504,TIKAMGARH,MADHYA PRADESH,SC,27.2,0.0,1,1,0,1,0,0,0,0
505,TIRUCHIRAPPALLI,TAMIL NADU,GEN,15.2,0.0,0,1,0,0,0,2740000000,1,0
506,TIRUNELVELI,TAMIL NADU,GEN,13.1,0.0,0,1,0,0,0,5180000000,1,0
507,TIRUPATI,ANDHRA PRADESH,SC,3.1,0.0,0,0,0,0,0,7470000000,1,1
508,TIRUPPUR,TAMIL NADU,GEN,17.1,0.0,0,1,0,0,0,790000000,1,0
509,TIRUVALLUR,TAMIL NADU,SC,25.8,0.0,0,1,0,0,0,60000000,1,0
510,TIRUVANNAMALAI,TAMIL NADU,GEN,15.8,0.0,0,1,0,0,0,216390000000,1,0
511,TONK-SAWAI MADHOPUR,RAJASTHAN,GEN,13.0,0.0,1,1,0,0,0,130000000,1,0
512,TRIPURA EAST,TRIPURA,ST,50.9,0.0,0,1,0,1,0,1020000000,0,0
513,TRIPURA WEST,TRIPURA,GEN,46.9,0.0,0,1,0,0,0,800000000,1,0
514,TUMKUR,KARNATAKA,GEN,6.7,0.0,0,1,0,0,0,2100000000,1,0
515,TURA,MEGHALAYA,ST,8.7,0.0,1,0,0,0,0,0,1,0
516,UDAIPUR,RAJASTHAN,ST,19.8,0.0,1,1,0,0,0,3250000000,1,0
517,UDHAMPUR,JAMMU AND KASHMIR,GEN,5.9,1.0,1,0,0,0,1,70000000,1,0
518,UDUPI CHIKMAGALUR,KARNATAKA,GEN,17.6,0.0,1,0,0,0,0,2550000000,1,0
519,UJIARPUR,BIHAR,GEN,7.0,0.0,1,1,0,0,0,0,1,0
520,UJJAIN,MADHYA PRADESH,SC,30.5,0.0,1,1,1,0,0,990000000,1,0
521,ULUBERIA,WEST BENGAL,GEN,17.0,0.0,0,1,0,0,0,570000000,1,0
522,UNNAO,UTTAR PRADESH,GEN,25.8,0.0,1,0,0,0,0,180000000,1,0
523,UTTARA KANNADA,KARNATAKA,GEN,14.1,0.0,1,0,0,0,0,640000000,1,0
524,VADAKARA,KERALA,GEN,0.3,0.0,0,1,0,0,0,560000000,1,0
525,VADODARA,GUJARAT,GEN,49.1,0.0,1,1,0,0,0,9190000000,1,0
526,VAISHALI,BIHAR,GEN,10.7,0.0,1,0,0,1,0,2460000000,0,0
527,VALMIKI NAGAR,BIHAR,GEN,13.1,0.0,1,1,0,0,0,0,1,0
528,VALSAD,GUJARAT,ST,18.5,0.0,1,1,0,0,0,6150000000,1,0
529,VARANASI,UTTAR PRADESH,GEN,36.1,1.0,1,0,0,0,1,4350000000,1,0
530,VELLORE,TAMIL NADU,GEN,6.1,0.0,0,1,0,0,0,216040000000,1,0
531,VIDISHA,MADHYA PRADESH,GEN,38.3,1.0,1,1,0,1,1,8580000000,0,0
532,VIJAYAWADA,ANDHRA PRADESH,GEN,6.3,0.0,1,1,1,0,0,6760000000,1,0
533,VILUPPURAM,TAMIL NADU,SC,18.1,0.0,0,1,0,0,0,0,1,0
534,VIRUDHUNAGAR,TAMIL NADU,GEN,14.4,0.0,0,1,0,1,0,4190000000,0,0
535,VISAKHAPATNAM,ANDHRA PRADESH,GEN,7.8,0.0,1,0,0,1,0,30420000000,0,0
536,VIZIANAGARAM,ANDHRA PRADESH,GEN,9.5,1.0,1,1,0,1,1,5970000000,0,0
537,WARDHA,MAHARASHTRA,GEN,21.3,0.0,1,1,0,0,0,15050000000,1,0
538,WAYANAD,KERALA,GEN,2.3,0.0,0,1,0,1,0,950000000,0,0
539,WEST DELHI,DELHI,GEN,19.9,0.0,1,0,0,0,0,49790000000,1,0
540,YAVATMAL-WASHIM,MAHARASHTRA,GEN,9.1,0.0,1,1,0,0,0,20000000,1,0
541,ZAHIRABAD,TELANGANA,GEN,13.2,0.0,0,1,0,0,0,3510000000,1,0
