PPNAME,POLNAME,CIN,COMPNAME
All India Trinamool Congress,ali mohammad,U55101DL1952PLC002161,HOTEL AND RESTAURANT ASSOCIATION OF NORTHERN INDIA ..
All India Trinamool Congress,ali mohammad,U55101DL1952PLC002161,HOTEL AND RESTAURANT ASSOCIATION OF NORTHERN INDIA ..
Bahujan Samaj Party,Rahim Khan,U67120MH1982PLC027051,UP TOWN TRADING AND INVESTMENTS LTD
Bharatiya Bahujan Party,Sita Devi,L74140WB1994PLC065937,N G INDUSTRIES LTD
Bharatiya Janta Party,shatrughan singh chauhan,U62100DL1992GOI048581,AIR INDIA LIMITED
Bharatiya Janta Party,shatrughan singh chauhan,U80904DL2011NPL224204,INTERGLOBE EDUCATION FOUNDATION
Bharatiya Janta Party,shatrughan singh chauhan,U74900DL2012PTC231352,CAE SIMULATION TRAINING PRIVATE LIMITED
Bharatiya Janta Party,shatrughan singh chauhan,U62100DL1992GOI048582,INDIAN AIRLINES LIMITED
Bharatiya Janta Party,shatrughan singh chauhan,U62100DL1992GOI048581,AIR INDIA LIMITED
Bharatiya Janta Party,Kalyan Singh,U45201DL2005PTC135478,DELANCO REAL ESTATE PRIVATE LIMITED
Bharatiya Janta Party,Kalyan Singh,U45201DL2005PTC135478,DELANCO REAL ESTATE PRIVATE LIMITED
Bharatiya Janta Party,Kalyan Singh,U45201DL2005PTC135478,DELANCO REAL ESTATE PRIVATE LIMITED
Bharatiya Janta Party,Jagadish Shettar,U92120MH2007PTC175061,S-2 GLOBAL PRODUCTIONS PRIVATE LIMITED
Bharatiya Janta Party,Jagadish Shettar,U45400MH2012PTC232464,GROUPCO DEVELOPERS PRIVATE LIMITED
Bharatiya Janta Party,Jagadish Shettar,U92412MH2013PTC246547,ALL STARS FOOTBALL CLUB PRIVATE LIMITED
Bharatiya Janta Party,Jagadish Shettar,U45200MH2010PTC205327,KUNDRA CONSTRUCTIONS PRIVATE LIMITED
Bharatiya Janta Party,Jagadish Shettar,U72200MH2013PTC243218,INTERACTIVE GAMES PRIVATE LIMITED
Bharatiya Janta Party,Jagadish Shettar,U51909MH2006PTC163826,ESSENTIAL BULK COMMODITIES PRIVATE LIMITED
Bharatiya Janta Party,Jagadish Shettar,U85190MH2008PTC186590,IOSIS SPA AND WELLNESS PRIVATE LIMITED
Bharatiya Janta Party,Jagadish Shettar,U70200MH2012PTC230772,GROUP HOME BUYERS PRIVATE LIMITED
Bharatiya Janta Party,Jagadish Shettar,U74900MH2010PTC210175,ICONIC INVESTMENTS PRIVATE LIMITED
Bharatiya Janta Party,Jagadish Shettar,L52399WB1982PLC035375,VIAAN INDUSTRIES LIMITED
Bharatiya Janta Party,Jagadish Shettar,U92120MH2014PTC260211,BEST DEAL TV PRIVATE LIMITED
Biju Janata Dal,Sidhant Mohapatra,U74899DL1991PTC044438,GOGIA CHEMICAL INDUSTRIES PRIVATE LIMITED
Biju Janata Dal,Sidhant Mohapatra,U74899DL1991PTC044438,GOGIA CHEMICAL INDUSTRIES PRIVATE LIMITED
All India Dravida Munnetra Kazhagam,Kanimozhi,U45209MH2006PTC166097,PERFECT SPACECON PRIVATE LIMITED
All India Dravida Munnetra Kazhagam,Kanimozhi,U70101MH2006PTC192622,ALLIANZ INFRATECH PRIVATE LIMITED
Dravida Munnetra Kazhagam,Kanimozhi,L70200MH2007PLC166818,D B REALTY LIMITED
Dravida Munnetra Kazhagam,dayanidhi maran,U92199TN2000PTC046116,HFO ENTERTAINMENT PRIVATE LIMITED
Dravida Munnetra Kazhagam,dayanidhi maran,U92490TN1999PTC043057,D M S ENTERTAINMENT PRIVATE LIMITED
Dravida Munnetra Kazhagam,dayanidhi maran,U92131TN2005PLC057987,SOUTH ASIA FM LIMITED
Dravida Munnetra Kazhagam,dayanidhi maran,U93000TN2009PTC072668,KAL MEDIA SERVICES PRIVATE LIMITED
Dravida Munnetra Kazhagam,dayanidhi maran,U65991TN1992PTC023459,KAL INVESTMENTS (MADRAS) PRIVATE LIMITED
Dravida Munnetra Kazhagam,dayanidhi maran,U65991TN1991PTC021710,KUNGUMAM NITHIYAGAM PRIVATE LIMITED
Dravida Munnetra Kazhagam,dayanidhi maran,U22121TN1978PTC007428,KUNGUMAM PUBLICATIONS PRIVATE LIMITED
Dravida Munnetra Kazhagam,dayanidhi maran,L22110TN1985PLC012491,SUN TV NETWORK LIMITED
Dravida Munnetra Kazhagam,dayanidhi maran,U92131TN2005PLC057987,SOUTH ASIA FM LIMITED
Dravida Munnetra Kazhagam,dayanidhi maran,U93000TN2009PTC072668,KAL MEDIA SERVICES PRIVATE LIMITED
Dravida Munnetra Kazhagam,dayanidhi maran,U65991TN1992PTC023459,KAL INVESTMENTS (MADRAS) PRIVATE LIMITED
Dravida Munnetra Kazhagam,dayanidhi maran,U65991TN1991PTC021710,KUNGUMAM NITHIYAGAM PRIVATE LIMITED
Dravida Munnetra Kazhagam,dayanidhi maran,U22121TN1978PTC007428,KUNGUMAM PUBLICATIONS PRIVATE LIMITED
Dravida Munnetra Kazhagam,dayanidhi maran,L22110TN1985PLC012491,SUN TV NETWORK LIMITED
Indian National Congress,naveen jindal,U74999KA2016NPL095481,INVEST KARNATAKA FORUM
Indian National Congress,naveen jindal,U72200KA2006PLC040034,JSOFT SOLUTIONS LIMITED
Indian National Congress,naveen jindal,U27106MH2007PLC170160,JSW BENGAL STEEL LIMITED
Indian National Congress,naveen jindal,L74999MH1994PLC077041,JSW ENERGY LIMITED
Indian National Congress,naveen jindal,L67120MH2001PLC217751,JSW HOLDINGS LIMITED
Indian National Congress,naveen jindal,L27106MH1984PLC238266,JSW ISPAT STEEL LIMITED
Indian National Congress,naveen jindal,L27102MH1994PLC152925,JSW STEEL LIMITED
Indian National Congress,naveen jindal,L22210MH1987PLC044505,TCPL PACKAGING LIMITED
Indian National Congress,naveen jindal,U93000DL2013GAT262918,PRJ FAMILY MANAGEMENT COMPANY PRIVATE LIMITED
Indian National Congress,naveen jindal,U74899DL1995PTC074107,NALWA FARMS PRIVATE LIMITED
Indian National Congress,naveen jindal,U74900UP2007PLC069247,JINDAL ITF LIMITED
Indian National Congress,naveen jindal,U74999DL2004PLC128194,IUP JINDAL METALS & ALLOYS LIMITED
Indian National Congress,naveen jindal,U74899DL1988PLC033588,JINDAL INTELLICOM LIMITED
Indian National Congress,naveen jindal,U65997DL2006PLC145999,VRINDAVAN FINTRADE LIMITED
Indian National Congress,naveen jindal,U65993GJ2006PTC071733,JINDAL MANSAROVER INVESTMENTS PRIVATE LIMITED
Indian National Congress,naveen jindal,U65993GJ2006PTC071734,JINDAL SOUTH WEST FINANCE INVESTMENTS PRIVATE LIMITED
Indian National Congress,naveen jindal,U65993GJ2006PTC071735,STAINLESS FINANCE AND INVESTMENT PRIVATE LIMITED
Indian National Congress,naveen jindal,U65993GJ2006PTC071736,SUN FINTRADE PRIVATE LIMITED
Indian National Congress,naveen jindal,U65993GJ2006PTC072170,HISAR FINCAP PRIVATE LIMITED
Indian National Congress,naveen jindal,U65993DL2006PLC146007,SALASAR FINVEST LIMITED
Indian National Congress,naveen jindal,U65993DL2006PLC145961,OPJ INVESTMENTS AND HOLDINGS LIMITED
Indian National Congress,naveen jindal,U65923DL2006PLC145962,NALWA FINCAP LIMITED
Indian National Congress,naveen jindal,U51909GJ2014PTC078485,DANTA ENTERPRISES PRIVATE LIMITED
Indian National Congress,naveen jindal,U15491WB1983PLC036898,SONABHEEL TEA LTD.
Indian National Congress,naveen jindal,L51101UP2010PLC042382,HEXA TRADEX LIMITED
Indian National Congress,naveen jindal,L27104UP1984PLC023979,JINDAL SAW LIMITED
Indian National Congress,naveen jindal,U28113HR2014PLC053875,JINDAL UNITED STEEL LIMITED
Indian National Congress,naveen jindal,U25207HR1972PTC006005,JINDAL INDUSTRIES PRIVATE LIMITED
Indian National Congress,naveen jindal,U45208HR2005PLC035921,OM PROJECT CONSULTANTS AND ENGINEERS LIMITED
Indian National Congress,naveen jindal,U23101HR2014PLC053884,JINDAL COKE LIMITED
Indian National Congress,naveen jindal,L27205HR2013PLC049963,JINDAL STAINLESS (HISAR) LIMITED
Indian National Congress,naveen jindal,U74899DL1995PTC074107,NALWA FARMS PRIVATE LIMITED
Indian National Congress,naveen jindal,U65993DL2006PLC145961,OPJ INVESTMENTS AND HOLDINGS LIMITED
Indian National Congress,naveen jindal,U65923DL2008PLC177707,NALWA FINANCIAL SERVICES LIMITED
Indian National Congress,naveen jindal,U65923DL2006PLC145962,NALWA FINCAP LIMITED
Indian National Congress,naveen jindal,U25207HR1971PTC006005,JINDAL INDUSTRIES PRIVATE LIMITED
Indian National Congress,naveen jindal,U25207HR1971PLC006005,JINDAL INDUSTRIES LIMITED
Indian National Congress,naveen jindal,U15491WB1983PLC036898,SONABHEEL TEA LTD.
Indian National Congress,naveen jindal,L27105HR1979PLC009913,JINDAL STEEL AND POWER LIMITED
Indian National Congress,naveen jindal,L26922HR1980PLC010901,JINDAL STAINLESS LIMITED
Indian National Congress,naveen jindal,L24222WB1902PLC001540,SHALIMAR PAINTS LTD
Indian National Congress,naveen jindal,U51900MH1946PTC013532,GOPAL TRADERS PRIVATE LIMITED
Indian National Congress,naveen jindal,U15200MH2008PTC186594,VASIND FARM & DAIRY PRODUCTS PRIVATE LIMITED
Indian National Congress,naveen jindal,U74999MH2014PTC253122,JSW IP HOLDINGS PRIVATE LIMITED
Indian National Congress,naveen jindal,U99999MH2006NPL159749,ASIA SOCIETY INDIA CENTRE
Indian National Congress,naveen jindal,U92100MH2008PTC186594,JSW IMAGINEERING PRIVATE LIMITED
Indian National Congress,naveen jindal,U74994MH2006PTC159118,PORTFOLIO FASHIONS PRIVATE LIMITED
Indian National Congress,naveen jindal,U74999MH2014NPL260102,WORLD MONUMENTS FUND INDIA ASSOCIATION
Indian National Congress,naveen jindal,U72200KA2006PLC040034,JSOFT SOLUTIONS LIMITED
Indian National Congress,naveen jindal,U51909MH1993PTC240089,REYNOLD TRADERS PRIVATE LIMITED TFR. FROM MUMBAI TO DELHI
Indian National Congress,naveen jindal,U45202MH2010PTC204697,REALCOM REALITY PRIVATE LIMITED
Indian National Congress,naveen jindal,U45200MH2005PTC152218,WINDSOR RESIDENCY PRIVATE LIMITED
Indian National Congress,naveen jindal,U25207HR1972PTC006005,JINDAL INDUSTRIES PRIVATE LIMITED
Indian National Congress,naveen jindal,U70101GJ1971PLC073499,ROHIT TOWER BUILDING LTD
Indian National Congress,naveen jindal,U25207HR1971PTC006005,JINDAL INDUSTRIES PRIVATE LIMITED
Indian National Congress,naveen jindal,U25207HR1971PLC006005,JINDAL INDUSTRIES LIMITED
Indian National Congress,naveen jindal,U15491WB1983PLC036898,SONABHEEL TEA LTD.
Indian National Congress,pratibha singh,U74999DL2010NPL210686,YOUNG INDIAN
Indian National Congress,pratibha singh,U74999HP2015NPL001036,HIMACHAL PRADESH KAUSHAL VIKAS NIGAM
Indian National Congress,pratibha singh,U63040HP1972SGC003163,HIMACHAL PRADESH TOURISM DEVELOPMENT CORP LIMITED
Indian National Congress,M Veerappa Moily,U74900KA2005PTC037446,MOKSHA-YUG ACCESS INDIA PRIVATE LIMITED
Indian National Congress,Y.S. Jagan Mohan Reddy,U22212TG2006PLC051651,JAGATI PUBLICATIONS LIMITED
Indian National Congress,naveen jindal,U74999KA2016NPL095481,INVEST KARNATAKA FORUM
Indian National Congress,naveen jindal,U72200KA2006PLC040034,JSOFT SOLUTIONS LIMITED
Indian National Congress,naveen jindal,U27106MH2007PLC170160,JSW BENGAL STEEL LIMITED
Indian National Congress,naveen jindal,L74999MH1994PLC077041,JSW ENERGY LIMITED
Indian National Congress,naveen jindal,L67120MH2001PLC217751,JSW HOLDINGS LIMITED
Indian National Congress,naveen jindal,L27106MH1984PLC238266,JSW ISPAT STEEL LIMITED
Indian National Congress,naveen jindal,L27102MH1994PLC152925,JSW STEEL LIMITED
Indian National Congress,naveen jindal,L22210MH1987PLC044505,TCPL PACKAGING LIMITED
Indian National Congress,naveen jindal,U93000DL2013GAT262918,PRJ FAMILY MANAGEMENT COMPANY PRIVATE LIMITED
Indian National Congress,naveen jindal,U74899DL1995PTC074107,NALWA FARMS PRIVATE LIMITED
Indian National Congress,naveen jindal,U74900UP2007PLC069247,JINDAL ITF LIMITED
Indian National Congress,naveen jindal,U74999DL2004PLC128194,IUP JINDAL METALS & ALLOYS LIMITED
Indian National Congress,naveen jindal,U74899DL1988PLC033588,JINDAL INTELLICOM LIMITED
Indian National Congress,naveen jindal,U65997DL2006PLC145999,VRINDAVAN FINTRADE LIMITED
Indian National Congress,naveen jindal,U65993GJ2006PTC071733,JINDAL MANSAROVER INVESTMENTS PRIVATE LIMITED
Indian National Congress,naveen jindal,U65993GJ2006PTC071734,JINDAL SOUTH WEST FINANCE INVESTMENTS PRIVATE LIMITED
Indian National Congress,naveen jindal,U65993GJ2006PTC071735,STAINLESS FINANCE AND INVESTMENT PRIVATE LIMITED
Indian National Congress,naveen jindal,U65993GJ2006PTC071736,SUN FINTRADE PRIVATE LIMITED
Indian National Congress,naveen jindal,U65993GJ2006PTC072170,HISAR FINCAP PRIVATE LIMITED
Indian National Congress,naveen jindal,U65993DL2006PLC146007,SALASAR FINVEST LIMITED
Indian National Congress,naveen jindal,U65993DL2006PLC145961,OPJ INVESTMENTS AND HOLDINGS LIMITED
Indian National Congress,naveen jindal,U65923DL2006PLC145962,NALWA FINCAP LIMITED
Indian National Congress,naveen jindal,U51909GJ2014PTC078485,DANTA ENTERPRISES PRIVATE LIMITED
Indian National Congress,naveen jindal,U15491WB1983PLC036898,SONABHEEL TEA LTD.
Indian National Congress,naveen jindal,L51101UP2010PLC042382,HEXA TRADEX LIMITED
Indian National Congress,naveen jindal,L27104UP1984PLC023979,JINDAL SAW LIMITED
Indian National Congress,naveen jindal,U28113HR2014PLC053875,JINDAL UNITED STEEL LIMITED
Indian National Congress,naveen jindal,U25207HR1972PTC006005,JINDAL INDUSTRIES PRIVATE LIMITED
Indian National Congress,naveen jindal,U45208HR2005PLC035921,OM PROJECT CONSULTANTS AND ENGINEERS LIMITED
Indian National Congress,naveen jindal,U23101HR2014PLC053884,JINDAL COKE LIMITED
Indian National Congress,naveen jindal,L27205HR2013PLC049963,JINDAL STAINLESS (HISAR) LIMITED
Indian National Congress,naveen jindal,U74899DL1995PTC074107,NALWA FARMS PRIVATE LIMITED
Indian National Congress,naveen jindal,U65993DL2006PLC145961,OPJ INVESTMENTS AND HOLDINGS LIMITED
Indian National Congress,naveen jindal,U65923DL2008PLC177707,NALWA FINANCIAL SERVICES LIMITED
Indian National Congress,naveen jindal,U65923DL2006PLC145962,NALWA FINCAP LIMITED
Indian National Congress,naveen jindal,U25207HR1971PTC006005,JINDAL INDUSTRIES PRIVATE LIMITED
Indian National Congress,naveen jindal,U25207HR1971PLC006005,JINDAL INDUSTRIES LIMITED
Indian National Congress,naveen jindal,U15491WB1983PLC036898,SONABHEEL TEA LTD.
Indian National Congress,naveen jindal,L27105HR1979PLC009913,JINDAL STEEL AND POWER LIMITED
Indian National Congress,naveen jindal,L26922HR1980PLC010901,JINDAL STAINLESS LIMITED
Indian National Congress,naveen jindal,L24222WB1902PLC001540,SHALIMAR PAINTS LTD
Indian National Congress,naveen jindal,U51900MH1946PTC013532,GOPAL TRADERS PRIVATE LIMITED
Indian National Congress,naveen jindal,U15200MH2008PTC186594,VASIND FARM & DAIRY PRODUCTS PRIVATE LIMITED
Indian National Congress,naveen jindal,U74999MH2014PTC253122,JSW IP HOLDINGS PRIVATE LIMITED
Indian National Congress,naveen jindal,U99999MH2006NPL159749,ASIA SOCIETY INDIA CENTRE
Indian National Congress,naveen jindal,U92100MH2008PTC186594,JSW IMAGINEERING PRIVATE LIMITED
Indian National Congress,naveen jindal,U74994MH2006PTC159118,PORTFOLIO FASHIONS PRIVATE LIMITED
Indian National Congress,naveen jindal,U74999MH2014NPL260102,WORLD MONUMENTS FUND INDIA ASSOCIATION
Indian National Congress,naveen jindal,U72200KA2006PLC040034,JSOFT SOLUTIONS LIMITED
Indian National Congress,naveen jindal,U51909MH1993PTC240089,REYNOLD TRADERS PRIVATE LIMITED TFR. FROM MUMBAI TO DELHI
Indian National Congress,naveen jindal,U45202MH2010PTC204697,REALCOM REALITY PRIVATE LIMITED
Indian National Congress,naveen jindal,U45200MH2005PTC152218,WINDSOR RESIDENCY PRIVATE LIMITED
Indian National Congress,naveen jindal,U25207HR1972PTC006005,JINDAL INDUSTRIES PRIVATE LIMITED
Indian National Congress,naveen jindal,U70101GJ1971PLC073499,ROHIT TOWER BUILDING LTD
Indian National Congress,naveen jindal,U25207HR1971PTC006005,JINDAL INDUSTRIES PRIVATE LIMITED
Indian National Congress,naveen jindal,U25207HR1971PLC006005,JINDAL INDUSTRIES LIMITED
Indian National Congress,naveen jindal,U15491WB1983PLC036898,SONABHEEL TEA LTD.
Indian National Congress,P. Chidambaram,U85100HR2012PTC046376,CORE DIAGNOSTICS PRIVATE LIMITED
Indian National Congress,Margaret Alva,U45203TN2006PLC058735,L& T INTERSTATE ROAD CORRIDOR LIMITED
Indian National Congress,Vikram Singh,U72900MH2014PTC255354,TINYOWL TECHNOLOGY PRIVATE LIMITED
Indian National Congress,naveen jindal,U74999KA2016NPL095481,INVEST KARNATAKA FORUM
Indian National Congress,naveen jindal,U72200KA2006PLC040034,JSOFT SOLUTIONS LIMITED
Indian National Congress,naveen jindal,U27106MH2007PLC170160,JSW BENGAL STEEL LIMITED
Indian National Congress,naveen jindal,L74999MH1994PLC077041,JSW ENERGY LIMITED
Indian National Congress,naveen jindal,L67120MH2001PLC217751,JSW HOLDINGS LIMITED
Indian National Congress,naveen jindal,L27106MH1984PLC238266,JSW ISPAT STEEL LIMITED
Indian National Congress,naveen jindal,L27102MH1994PLC152925,JSW STEEL LIMITED
Indian National Congress,naveen jindal,L22210MH1987PLC044505,TCPL PACKAGING LIMITED
Indian National Congress,naveen jindal,U93000DL2013GAT262918,PRJ FAMILY MANAGEMENT COMPANY PRIVATE LIMITED
Indian National Congress,naveen jindal,U74899DL1995PTC074107,NALWA FARMS PRIVATE LIMITED
Indian National Congress,naveen jindal,U74900UP2007PLC069247,JINDAL ITF LIMITED
Indian National Congress,naveen jindal,U74999DL2004PLC128194,IUP JINDAL METALS & ALLOYS LIMITED
Indian National Congress,naveen jindal,U74899DL1988PLC033588,JINDAL INTELLICOM LIMITED
Indian National Congress,naveen jindal,U65997DL2006PLC145999,VRINDAVAN FINTRADE LIMITED
Indian National Congress,naveen jindal,U65993GJ2006PTC071733,JINDAL MANSAROVER INVESTMENTS PRIVATE LIMITED
Indian National Congress,naveen jindal,U65993GJ2006PTC071734,JINDAL SOUTH WEST FINANCE INVESTMENTS PRIVATE LIMITED
Indian National Congress,naveen jindal,U65993GJ2006PTC071735,STAINLESS FINANCE AND INVESTMENT PRIVATE LIMITED
Indian National Congress,naveen jindal,U65993GJ2006PTC071736,SUN FINTRADE PRIVATE LIMITED
Indian National Congress,naveen jindal,U65993GJ2006PTC072170,HISAR FINCAP PRIVATE LIMITED
Indian National Congress,naveen jindal,U65993DL2006PLC146007,SALASAR FINVEST LIMITED
Indian National Congress,naveen jindal,U65993DL2006PLC145961,OPJ INVESTMENTS AND HOLDINGS LIMITED
Indian National Congress,naveen jindal,U65923DL2006PLC145962,NALWA FINCAP LIMITED
Indian National Congress,naveen jindal,U51909GJ2014PTC078485,DANTA ENTERPRISES PRIVATE LIMITED
Indian National Congress,naveen jindal,U15491WB1983PLC036898,SONABHEEL TEA LTD.
Indian National Congress,naveen jindal,L51101UP2010PLC042382,HEXA TRADEX LIMITED
Indian National Congress,naveen jindal,L27104UP1984PLC023979,JINDAL SAW LIMITED
Indian National Congress,naveen jindal,U28113HR2014PLC053875,JINDAL UNITED STEEL LIMITED
Indian National Congress,naveen jindal,U25207HR1972PTC006005,JINDAL INDUSTRIES PRIVATE LIMITED
Indian National Congress,naveen jindal,U45208HR2005PLC035921,OM PROJECT CONSULTANTS AND ENGINEERS LIMITED
Indian National Congress,naveen jindal,U23101HR2014PLC053884,JINDAL COKE LIMITED
Indian National Congress,naveen jindal,L27205HR2013PLC049963,JINDAL STAINLESS (HISAR) LIMITED
Indian National Congress,naveen jindal,U74899DL1995PTC074107,NALWA FARMS PRIVATE LIMITED
Indian National Congress,naveen jindal,U65993DL2006PLC145961,OPJ INVESTMENTS AND HOLDINGS LIMITED
Indian National Congress,naveen jindal,U65923DL2008PLC177707,NALWA FINANCIAL SERVICES LIMITED
Indian National Congress,naveen jindal,U65923DL2006PLC145962,NALWA FINCAP LIMITED
Indian National Congress,naveen jindal,U25207HR1971PTC006005,JINDAL INDUSTRIES PRIVATE LIMITED
Indian National Congress,naveen jindal,U25207HR1971PLC006005,JINDAL INDUSTRIES LIMITED
Indian National Congress,naveen jindal,U15491WB1983PLC036898,SONABHEEL TEA LTD.
Indian National Congress,naveen jindal,L27105HR1979PLC009913,JINDAL STEEL AND POWER LIMITED
Indian National Congress,naveen jindal,L26922HR1980PLC010901,JINDAL STAINLESS LIMITED
Indian National Congress,naveen jindal,L24222WB1902PLC001540,SHALIMAR PAINTS LTD
Indian National Congress,naveen jindal,U51900MH1946PTC013532,GOPAL TRADERS PRIVATE LIMITED
Indian National Congress,naveen jindal,U15200MH2008PTC186594,VASIND FARM & DAIRY PRODUCTS PRIVATE LIMITED
Indian National Congress,naveen jindal,U74999MH2014PTC253122,JSW IP HOLDINGS PRIVATE LIMITED
Indian National Congress,naveen jindal,U99999MH2006NPL159749,ASIA SOCIETY INDIA CENTRE
Indian National Congress,naveen jindal,U92100MH2008PTC186594,JSW IMAGINEERING PRIVATE LIMITED
Indian National Congress,naveen jindal,U74994MH2006PTC159118,PORTFOLIO FASHIONS PRIVATE LIMITED
Indian National Congress,naveen jindal,U74999MH2014NPL260102,WORLD MONUMENTS FUND INDIA ASSOCIATION
Indian National Congress,naveen jindal,U72200KA2006PLC040034,JSOFT SOLUTIONS LIMITED
Indian National Congress,naveen jindal,U51909MH1993PTC240089,REYNOLD TRADERS PRIVATE LIMITED TFR. FROM MUMBAI TO DELHI
Indian National Congress,naveen jindal,U45202MH2010PTC204697,REALCOM REALITY PRIVATE LIMITED
Indian National Congress,naveen jindal,U45200MH2005PTC152218,WINDSOR RESIDENCY PRIVATE LIMITED
Indian National Congress,naveen jindal,U25207HR1972PTC006005,JINDAL INDUSTRIES PRIVATE LIMITED
Indian National Congress,naveen jindal,U70101GJ1971PLC073499,ROHIT TOWER BUILDING LTD
Indian National Congress,naveen jindal,U25207HR1971PTC006005,JINDAL INDUSTRIES PRIVATE LIMITED
Indian National Congress,naveen jindal,U25207HR1971PLC006005,JINDAL INDUSTRIES LIMITED
Indian National Congress,naveen jindal,U15491WB1983PLC036898,SONABHEEL TEA LTD.
Indian National Congress,pratibha singh,U74999DL2010NPL210686,YOUNG INDIAN
Indian National Congress,pratibha singh,U74999HP2015NPL001036,HIMACHAL PRADESH KAUSHAL VIKAS NIGAM
Indian National Congress,pratibha singh,U63040HP1972SGC003163,HIMACHAL PRADESH TOURISM DEVELOPMENT CORP LIMITED
Indian National Congress,P. Chidambaram,U85100HR2012PTC046376,CORE DIAGNOSTICS PRIVATE LIMITED
Indian National Congress,M Veerappa Moily,U74900KA2005PTC037446,MOKSHA-YUG ACCESS INDIA PRIVATE LIMITED
Indian National Congress,P. Chidambaram,U85100HR2012PTC046376,CORE DIAGNOSTICS PRIVATE LIMITED
Indian National Congress,Vilasrao Deshmukh,U74899DL1986PLC023341,HGS (INDIA) LIMITED
Indian National Congress,Vilasrao Deshmukh,U74899DL1986PLC023341,HGS (INDIA) LIMITED
Indian National Congress,Sharad Pawar,U85300MH2008NPL185280,RVS EDUCATIONAL & CHARITABLE FOUNDATION
Indian National Congress,Sharad Pawar,U74140DL2004NPL125424,CENTRE FOR INTERNATIONAL TRADE IN AGRICULTURE AND AGRO BASED INDUSTRIES
Indian National Congress,Sharad Pawar,U65990MH1994PTC077431,RADIANT TRADEVEST PRIVATE LIMITED
Indian National Congress,Sharad Pawar,U22121PN1948PTC006177,SAKAL PAPERS PRIVATE LIMITED
Indian National Congress,Sharad Pawar,U80901MH2008NPL188611,YASHASWINI SAMAJIK ABHIYAAN
Indian National Congress,Sharad Pawar,U24999MH1948NPL006309,AUDIT BUREAU OF CIRCULATIONS
Indian National Congress,Sharad Pawar,U99999MH1994NPL076530,MEDIA RESEARCH USERS COUNCIL
Indian National Congress,Sharad Pawar,U65993PN1981PLC025916,P P HOLDINGS LTD
Indian National Congress,Sharad Pawar,U01100PN2017PTC168057,AGROWON SMART VILLAGE PRIVATE LIMITED
Indian National Congress,Sharad Pawar,U65993PN1981PTC025915,A P HOLDINGS PVT LTD
Indian National Congress,Sharad Pawar,U22300MH1965PTC013266,WIKAS PRINTING AND CARRIERS PRIVATE LIMITED
Indian National Congress,Sharad Pawar,U99999DL1951PLC002023,THE INDIAN NEWSPAPER SOCIETY.
Indian National Congress,Sharad Pawar,U70102PN2007PTC131142,KARHA DEVELOPERS & MINERS PRIVATE LIMITED
Indian National Congress,Sharad Pawar,U72200PN1997PLC112531,ABHIJIT PAWAR MEDIA LIMITED
Indian National Congress,Sharad Pawar,U63033PN1995PTC085824,INTERNATIONAL CONVENTIONS INDIA PRIVATE LIMITED
Indian National Congress,Sharad Pawar,U45202PN2008PTC131391,BHIMTHADI DEVELOPERS & MINERS PRIVATE LIMITED
Indian National Congress,Sharad Pawar,U28999MH1969PTC014265,OJAS ENGINEERING PVT LTD
Indian National Congress,Sharad Pawar,U24231MH1973PTC016721,ASK CHEMICALS INDIA PRIVATE LIMITED
Indian National Congress,Sharad Pawar,U22121PN1948PTC006177,SAKAL PAPERS PRIVATE LIMITED
Indian National Congress,Sharad Pawar,U01122PN2007PTC131132,RAJGADH AGRO FARMS PRIVATE LIMITED
Indian National Congress,Sharad Pawar,U01122PN2007PTC131131,PASLE AGRO FARMS PRIVATE LIMITED
Indian National Congress,Sharad Pawar,L34102PN1958PLC011172,FORCE MOTORS LIMITED
Indian National Congress,Sharad Pawar,L31300MH1967PLC016531,FINOLEX CABLES LIMITED
Indian National Congress,Sharad Pawar,L29120PN2009PLC133351,KIRLOSKAR OIL ENGINES LIMITED
Indian National Congress,Sharad Pawar,L25209PN1961PLC012046,BHARAT FORGE LTD
Indian National Congress,Sharad Pawar,U85300MH2008NPL185280,RVS EDUCATIONAL & CHARITABLE FOUNDATION
Indian National Congress,Sharad Pawar,U74140DL2004NPL125424,CENTRE FOR INTERNATIONAL TRADE IN AGRICULTURE AND AGRO BASED INDUSTRIES
Indian National Congress,Sharad Pawar,U65990MH1994PTC077431,RADIANT TRADEVEST PRIVATE LIMITED
Indian National Congress,Sharad Pawar,U22121PN1948PTC006177,SAKAL PAPERS PRIVATE LIMITED
Indian National Congress,Sharad Pawar,U80901MH2008NPL188611,YASHASWINI SAMAJIK ABHIYAAN
Indian National Congress,Sharad Pawar,U24999MH1948NPL006309,AUDIT BUREAU OF CIRCULATIONS
Indian National Congress,Sharad Pawar,U99999MH1994NPL076530,MEDIA RESEARCH USERS COUNCIL
Indian National Congress,Sharad Pawar,U65993PN1981PLC025916,P P HOLDINGS LTD
Indian National Congress,Sharad Pawar,U01100PN2017PTC168057,AGROWON SMART VILLAGE PRIVATE LIMITED
Indian National Congress,Sharad Pawar,U65993PN1981PTC025915,A P HOLDINGS PVT LTD
Indian National Congress,Sharad Pawar,U22300MH1965PTC013266,WIKAS PRINTING AND CARRIERS PRIVATE LIMITED
Indian National Congress,Sharad Pawar,U99999DL1951PLC002023,THE INDIAN NEWSPAPER SOCIETY.
Indian National Congress,Sharad Pawar,U70102PN2007PTC131142,KARHA DEVELOPERS & MINERS PRIVATE LIMITED
Indian National Congress,Sharad Pawar,U72200PN1997PLC112531,ABHIJIT PAWAR MEDIA LIMITED
Indian National Congress,Sharad Pawar,U63033PN1995PTC085824,INTERNATIONAL CONVENTIONS INDIA PRIVATE LIMITED
Indian National Congress,Sharad Pawar,U45202PN2008PTC131391,BHIMTHADI DEVELOPERS & MINERS PRIVATE LIMITED
Indian National Congress,Sharad Pawar,U28999MH1969PTC014265,OJAS ENGINEERING PVT LTD
Indian National Congress,Sharad Pawar,U24231MH1973PTC016721,ASK CHEMICALS INDIA PRIVATE LIMITED
Indian National Congress,Sharad Pawar,U22121PN1948PTC006177,SAKAL PAPERS PRIVATE LIMITED
Indian National Congress,Sharad Pawar,U01122PN2007PTC131132,RAJGADH AGRO FARMS PRIVATE LIMITED
Indian National Congress,Sharad Pawar,U01122PN2007PTC131131,PASLE AGRO FARMS PRIVATE LIMITED
Indian National Congress,Sharad Pawar,L34102PN1958PLC011172,FORCE MOTORS LIMITED
Indian National Congress,Sharad Pawar,L31300MH1967PLC016531,FINOLEX CABLES LIMITED
Indian National Congress,Sharad Pawar,L29120PN2009PLC133351,KIRLOSKAR OIL ENGINES LIMITED
Indian National Congress,Sharad Pawar,L25209PN1961PLC012046,BHARAT FORGE LTD
Indian National Congress,Tarun Gogoi,U34300DL2003PTC118816,NATH MOTORS PRIVATE LIMITED
Indian National Congress,M Veerappa Moily,U74900KA2005PTC037446,MOKSHA-YUG ACCESS INDIA PRIVATE LIMITED
Jago Party,Priyank,U74999DL2010NPL210686,YOUNG INDIAN
Janata Dal (United),Damodar Rawat,U14102TG1987PTC007170,RELIANCE GRANITE PRIVATE LIMITED
Janata Dal (United),Damodar Rawat,U01407TG2008PTC060394,YARRA AGRO ESTATES PRIVATE LIMITED
Janata Dal (United),Damodar Rawat,U14220AP2014PTC095297,AMAYA STONES PRIVATE LIMITED
Moulik Adhikar Party,Madan Lal,U74999DL1994PLC062967,BHARATIYA GLOBAL INFOMEDIA LIMITED
Nationalist Congress Party,Supriya Sule,U45200MH2005PTC150876,LAGUNA DEVELOPERS PRIVATE LIMITED
Nationalist Congress Party,Supriya Sule,U74120MH2015PTC270436,VICINO INTERNATIONAL TECHNOLOGIES PRIVATE LIMITED
Nationalist Congress Party,Supriya Sule,U65944MH1991PTC064565,NISHANT FINANCE AND TRADING P LTD
Nationalist Congress Party,Supriya Sule,U85300MH2008NPL185280,RVS EDUCATIONAL & CHARITABLE FOUNDATION
Nationalist Congress Party,Supriya Sule,U92111MH1983PTC030739,NAMRATTA FINSTOCK AND INVESTMENT PRIVATE LIMITED
Nationalist Congress Party,Supriya Sule,U70200PN2000PTC144809,RVS HOSPITALITY & DEVELOPMENT PRIVATE LIMITED
Nationalist Congress Party,Supriya Sule,U72900MH1996PTC096678,MICROLINE INDIA PRIVATE LIMITED
Nationalist Congress Party,Supriya Sule,U65990MH1994PTC077431,RADIANT TRADEVEST PRIVATE LIMITED
Nationalist Congress Party,Sharad Pawar,U85300MH2008NPL185280,RVS EDUCATIONAL & CHARITABLE FOUNDATION
Nationalist Congress Party,Sharad Pawar,U74140DL2004NPL125424,CENTRE FOR INTERNATIONAL TRADE IN AGRICULTURE AND AGRO BASED INDUSTRIES
Nationalist Congress Party,Sharad Pawar,U65990MH1994PTC077431,RADIANT TRADEVEST PRIVATE LIMITED
Nationalist Congress Party,Sharad Pawar,U22121PN1948PTC006177,SAKAL PAPERS PRIVATE LIMITED
Nationalist Congress Party,Sharad Pawar,U80901MH2008NPL188611,YASHASWINI SAMAJIK ABHIYAAN
Nationalist Congress Party,Sharad Pawar,U24999MH1948NPL006309,AUDIT BUREAU OF CIRCULATIONS
Nationalist Congress Party,Sharad Pawar,U99999MH1994NPL076530,MEDIA RESEARCH USERS COUNCIL
Nationalist Congress Party,Sharad Pawar,U65993PN1981PLC025916,P P HOLDINGS LTD
Nationalist Congress Party,Sharad Pawar,U01100PN2017PTC168057,AGROWON SMART VILLAGE PRIVATE LIMITED
Nationalist Congress Party,Sharad Pawar,U65993PN1981PTC025915,A P HOLDINGS PVT LTD
Nationalist Congress Party,Sharad Pawar,U22300MH1965PTC013266,WIKAS PRINTING AND CARRIERS PRIVATE LIMITED
Nationalist Congress Party,Sharad Pawar,U99999DL1951PLC002023,THE INDIAN NEWSPAPER SOCIETY.
Nationalist Congress Party,Sharad Pawar,U70102PN2007PTC131142,KARHA DEVELOPERS & MINERS PRIVATE LIMITED
Nationalist Congress Party,Sharad Pawar,U72200PN1997PLC112531,ABHIJIT PAWAR MEDIA LIMITED
Nationalist Congress Party,Sharad Pawar,U63033PN1995PTC085824,INTERNATIONAL CONVENTIONS INDIA PRIVATE LIMITED
Nationalist Congress Party,Sharad Pawar,U45202PN2008PTC131391,BHIMTHADI DEVELOPERS & MINERS PRIVATE LIMITED
Nationalist Congress Party,Sharad Pawar,U28999MH1969PTC014265,OJAS ENGINEERING PVT LTD
Nationalist Congress Party,Sharad Pawar,U24231MH1973PTC016721,ASK CHEMICALS INDIA PRIVATE LIMITED
Nationalist Congress Party,Sharad Pawar,U22121PN1948PTC006177,SAKAL PAPERS PRIVATE LIMITED
Nationalist Congress Party,Sharad Pawar,U01122PN2007PTC131132,RAJGADH AGRO FARMS PRIVATE LIMITED
Nationalist Congress Party,Sharad Pawar,U01122PN2007PTC131131,PASLE AGRO FARMS PRIVATE LIMITED
Nationalist Congress Party,Sharad Pawar,L34102PN1958PLC011172,FORCE MOTORS LIMITED
Nationalist Congress Party,Sharad Pawar,L31300MH1967PLC016531,FINOLEX CABLES LIMITED
Nationalist Congress Party,Sharad Pawar,L29120PN2009PLC133351,KIRLOSKAR OIL ENGINES LIMITED
Nationalist Congress Party,Sharad Pawar,L25209PN1961PLC012046,BHARAT FORGE LTD
Nationalist Congress Party,Sharad Pawar,U85300MH2008NPL185280,RVS EDUCATIONAL & CHARITABLE FOUNDATION
Nationalist Congress Party,Sharad Pawar,U74140DL2004NPL125424,CENTRE FOR INTERNATIONAL TRADE IN AGRICULTURE AND AGRO BASED INDUSTRIES
Nationalist Congress Party,Sharad Pawar,U65990MH1994PTC077431,RADIANT TRADEVEST PRIVATE LIMITED
Nationalist Congress Party,Sharad Pawar,U22121PN1948PTC006177,SAKAL PAPERS PRIVATE LIMITED
Nationalist Congress Party,Sharad Pawar,U80901MH2008NPL188611,YASHASWINI SAMAJIK ABHIYAAN
Nationalist Congress Party,Sharad Pawar,U24999MH1948NPL006309,AUDIT BUREAU OF CIRCULATIONS
Nationalist Congress Party,Sharad Pawar,U99999MH1994NPL076530,MEDIA RESEARCH USERS COUNCIL
Nationalist Congress Party,Sharad Pawar,U65993PN1981PLC025916,P P HOLDINGS LTD
Nationalist Congress Party,Sharad Pawar,U01100PN2017PTC168057,AGROWON SMART VILLAGE PRIVATE LIMITED
Nationalist Congress Party,Sharad Pawar,U65993PN1981PTC025915,A P HOLDINGS PVT LTD
Nationalist Congress Party,Sharad Pawar,U22300MH1965PTC013266,WIKAS PRINTING AND CARRIERS PRIVATE LIMITED
Nationalist Congress Party,Sharad Pawar,U99999DL1951PLC002023,THE INDIAN NEWSPAPER SOCIETY.
Nationalist Congress Party,Sharad Pawar,U70102PN2007PTC131142,KARHA DEVELOPERS & MINERS PRIVATE LIMITED
Nationalist Congress Party,Sharad Pawar,U72200PN1997PLC112531,ABHIJIT PAWAR MEDIA LIMITED
Nationalist Congress Party,Sharad Pawar,U63033PN1995PTC085824,INTERNATIONAL CONVENTIONS INDIA PRIVATE LIMITED
Nationalist Congress Party,Sharad Pawar,U45202PN2008PTC131391,BHIMTHADI DEVELOPERS & MINERS PRIVATE LIMITED
Nationalist Congress Party,Sharad Pawar,U28999MH1969PTC014265,OJAS ENGINEERING PVT LTD
Nationalist Congress Party,Sharad Pawar,U24231MH1973PTC016721,ASK CHEMICALS INDIA PRIVATE LIMITED
Nationalist Congress Party,Sharad Pawar,U22121PN1948PTC006177,SAKAL PAPERS PRIVATE LIMITED
Nationalist Congress Party,Sharad Pawar,U01122PN2007PTC131132,RAJGADH AGRO FARMS PRIVATE LIMITED
Nationalist Congress Party,Sharad Pawar,U01122PN2007PTC131131,PASLE AGRO FARMS PRIVATE LIMITED
Nationalist Congress Party,Sharad Pawar,L34102PN1958PLC011172,FORCE MOTORS LIMITED
Nationalist Congress Party,Sharad Pawar,L31300MH1967PLC016531,FINOLEX CABLES LIMITED
Nationalist Congress Party,Sharad Pawar,L29120PN2009PLC133351,KIRLOSKAR OIL ENGINES LIMITED
Nationalist Congress Party,Sharad Pawar,L25209PN1961PLC012046,BHARAT FORGE LTD
Nationalist Congress Party,Supriya Sule,U45200MH2005PTC150876,LAGUNA DEVELOPERS PRIVATE LIMITED
Nationalist Congress Party,Supriya Sule,U74120MH2015PTC270436,VICINO INTERNATIONAL TECHNOLOGIES PRIVATE LIMITED
Nationalist Congress Party,Supriya Sule,U65944MH1991PTC064565,NISHANT FINANCE AND TRADING P LTD
Nationalist Congress Party,Supriya Sule,U85300MH2008NPL185280,RVS EDUCATIONAL & CHARITABLE FOUNDATION
Nationalist Congress Party,Supriya Sule,U92111MH1983PTC030739,NAMRATTA FINSTOCK AND INVESTMENT PRIVATE LIMITED
Nationalist Congress Party,Supriya Sule,U70200PN2000PTC144809,RVS HOSPITALITY & DEVELOPMENT PRIVATE LIMITED
Nationalist Congress Party,Supriya Sule,U72900MH1996PTC096678,MICROLINE INDIA PRIVATE LIMITED
Nationalist Congress Party,Supriya Sule,U65990MH1994PTC077431,RADIANT TRADEVEST PRIVATE LIMITED
Nationalist Congress Party,Sharad Pawar,U85300MH2008NPL185280,RVS EDUCATIONAL & CHARITABLE FOUNDATION
Nationalist Congress Party,Sharad Pawar,U74140DL2004NPL125424,CENTRE FOR INTERNATIONAL TRADE IN AGRICULTURE AND AGRO BASED INDUSTRIES
Nationalist Congress Party,Sharad Pawar,U65990MH1994PTC077431,RADIANT TRADEVEST PRIVATE LIMITED
Nationalist Congress Party,Sharad Pawar,U22121PN1948PTC006177,SAKAL PAPERS PRIVATE LIMITED
Nationalist Congress Party,Sharad Pawar,U80901MH2008NPL188611,YASHASWINI SAMAJIK ABHIYAAN
Nationalist Congress Party,Sharad Pawar,U24999MH1948NPL006309,AUDIT BUREAU OF CIRCULATIONS
Nationalist Congress Party,Sharad Pawar,U99999MH1994NPL076530,MEDIA RESEARCH USERS COUNCIL
Nationalist Congress Party,Sharad Pawar,U65993PN1981PLC025916,P P HOLDINGS LTD
Nationalist Congress Party,Sharad Pawar,U01100PN2017PTC168057,AGROWON SMART VILLAGE PRIVATE LIMITED
Nationalist Congress Party,Sharad Pawar,U65993PN1981PTC025915,A P HOLDINGS PVT LTD
Nationalist Congress Party,Sharad Pawar,U22300MH1965PTC013266,WIKAS PRINTING AND CARRIERS PRIVATE LIMITED
Nationalist Congress Party,Sharad Pawar,U99999DL1951PLC002023,THE INDIAN NEWSPAPER SOCIETY.
Nationalist Congress Party,Sharad Pawar,U70102PN2007PTC131142,KARHA DEVELOPERS & MINERS PRIVATE LIMITED
Nationalist Congress Party,Sharad Pawar,U72200PN1997PLC112531,ABHIJIT PAWAR MEDIA LIMITED
Nationalist Congress Party,Sharad Pawar,U63033PN1995PTC085824,INTERNATIONAL CONVENTIONS INDIA PRIVATE LIMITED
Nationalist Congress Party,Sharad Pawar,U45202PN2008PTC131391,BHIMTHADI DEVELOPERS & MINERS PRIVATE LIMITED
Nationalist Congress Party,Sharad Pawar,U28999MH1969PTC014265,OJAS ENGINEERING PVT LTD
Nationalist Congress Party,Sharad Pawar,U24231MH1973PTC016721,ASK CHEMICALS INDIA PRIVATE LIMITED
Nationalist Congress Party,Sharad Pawar,U22121PN1948PTC006177,SAKAL PAPERS PRIVATE LIMITED
Nationalist Congress Party,Sharad Pawar,U01122PN2007PTC131132,RAJGADH AGRO FARMS PRIVATE LIMITED
Nationalist Congress Party,Sharad Pawar,U01122PN2007PTC131131,PASLE AGRO FARMS PRIVATE LIMITED
Nationalist Congress Party,Sharad Pawar,L34102PN1958PLC011172,FORCE MOTORS LIMITED
Nationalist Congress Party,Sharad Pawar,L31300MH1967PLC016531,FINOLEX CABLES LIMITED
Nationalist Congress Party,Sharad Pawar,L29120PN2009PLC133351,KIRLOSKAR OIL ENGINES LIMITED
Nationalist Congress Party,Sharad Pawar,L25209PN1961PLC012046,BHARAT FORGE LTD
Progressive Democratic Front,Sharad Pawar,U85300MH2008NPL185280,RVS EDUCATIONAL & CHARITABLE FOUNDATION
Progressive Democratic Front,Sharad Pawar,U74140DL2004NPL125424,CENTRE FOR INTERNATIONAL TRADE IN AGRICULTURE AND AGRO BASED INDUSTRIES
Progressive Democratic Front,Sharad Pawar,U65990MH1994PTC077431,RADIANT TRADEVEST PRIVATE LIMITED
Progressive Democratic Front,Sharad Pawar,U22121PN1948PTC006177,SAKAL PAPERS PRIVATE LIMITED
Progressive Democratic Front,Sharad Pawar,U80901MH2008NPL188611,YASHASWINI SAMAJIK ABHIYAAN
Progressive Democratic Front,Sharad Pawar,U24999MH1948NPL006309,AUDIT BUREAU OF CIRCULATIONS
Progressive Democratic Front,Sharad Pawar,U99999MH1994NPL076530,MEDIA RESEARCH USERS COUNCIL
Progressive Democratic Front,Sharad Pawar,U65993PN1981PLC025916,P P HOLDINGS LTD
Progressive Democratic Front,Sharad Pawar,U01100PN2017PTC168057,AGROWON SMART VILLAGE PRIVATE LIMITED
Progressive Democratic Front,Sharad Pawar,U65993PN1981PTC025915,A P HOLDINGS PVT LTD
Progressive Democratic Front,Sharad Pawar,U22300MH1965PTC013266,WIKAS PRINTING AND CARRIERS PRIVATE LIMITED
Progressive Democratic Front,Sharad Pawar,U99999DL1951PLC002023,THE INDIAN NEWSPAPER SOCIETY.
Progressive Democratic Front,Sharad Pawar,U70102PN2007PTC131142,KARHA DEVELOPERS & MINERS PRIVATE LIMITED
Progressive Democratic Front,Sharad Pawar,U72200PN1997PLC112531,ABHIJIT PAWAR MEDIA LIMITED
Progressive Democratic Front,Sharad Pawar,U63033PN1995PTC085824,INTERNATIONAL CONVENTIONS INDIA PRIVATE LIMITED
Progressive Democratic Front,Sharad Pawar,U45202PN2008PTC131391,BHIMTHADI DEVELOPERS & MINERS PRIVATE LIMITED
Progressive Democratic Front,Sharad Pawar,U28999MH1969PTC014265,OJAS ENGINEERING PVT LTD
Progressive Democratic Front,Sharad Pawar,U24231MH1973PTC016721,ASK CHEMICALS INDIA PRIVATE LIMITED
Progressive Democratic Front,Sharad Pawar,U22121PN1948PTC006177,SAKAL PAPERS PRIVATE LIMITED
Progressive Democratic Front,Sharad Pawar,U01122PN2007PTC131132,RAJGADH AGRO FARMS PRIVATE LIMITED
Progressive Democratic Front,Sharad Pawar,U01122PN2007PTC131131,PASLE AGRO FARMS PRIVATE LIMITED
Progressive Democratic Front,Sharad Pawar,L34102PN1958PLC011172,FORCE MOTORS LIMITED
Progressive Democratic Front,Sharad Pawar,L31300MH1967PLC016531,FINOLEX CABLES LIMITED
Progressive Democratic Front,Sharad Pawar,L29120PN2009PLC133351,KIRLOSKAR OIL ENGINES LIMITED
Progressive Democratic Front,Sharad Pawar,L25209PN1961PLC012046,BHARAT FORGE LTD
rashtriya krantikari janata party,Kiran Devi,U51109WB2008PTC123997,COOL TIE-UP PRIVATE LIMITED
Republican Party of India (Athvale),Satya Narayan,L01112UP1989PLC011004,SHRI GANG INDUSTRIES AND ALLIED PRODUCTS LIMITED
Republican Party of India (Athvale),Kalpana Singh,U45201RJ2007PTC024996,GRASS FIELD ESTATE DEVELOPERS PRIVATE LIMITED
Samajwadi Party,R.R. Patil,U52100WB2010PTC148414,SANKLAP VINTARDE PRIVATE LIMITED
Samajwadi Party,R.R. Patil,U52100WB2010PTC148410,MUDRA DEALTRADE PRIVATE LIMITED
Samajwadi Party,R.R. Patil,L67120WB1980PLC032932,WORTH INVESTMENT & TRADING CO LTD
Sarva Janata Party,thimme gowda,U32301DL1981PLC011202,OSCAR INTERNATIONAL LIMITED
Sarva Janata Party,thimme gowda,U64204DL2007PTC172052,ASV ELECTRONICS PRIVATE LIMITED
Sarva Janata Party,thimme gowda,U51109WB1985PLC038544,SENAO INTERNATIONAL LTD
Sarva Janata Party,thimme gowda,U74899DL1983PTC015276,KANIKA AUDIO VISUALS PRIVATE LIMITED
Sarva Janata Party,thimme gowda,U72200DL2005PTC135061,OSCAR IT INFRASTRUCTURE PRIVATE LIMITED
Sarva Janata Party,thimme gowda,U67120WB1982PLC034852,AKANKSHA VINIYOG LTD
Sarva Janata Party,thimme gowda,U74899DL1995PTC070579,OMEGA FUTURISTIC PRIVATE LIMITED
Sarva Janata Party,thimme gowda,U74899DL1983PTC015275,RELIANCE ELECTRONIC INDUSTRIES (INDIA) LIMITED
Sarva Janata Party,thimme gowda,U72200DL2000PTC106867,BRIGHT COMPTECH PRIVATE LIMITED
Sarva Janata Party,thimme gowda,U32101DL1986PLC025334,OSCAR TECHNOLOGIES LIMITED
Sarva Janata Party,thimme gowda,L51909DL1990PLC041701,OSCAR GLOBAL LIMITED.
Shiv Sena,navneet,U91990DL1901PLC000098,ROSHANARA CLUB LIMITED
Shiv Sena,navneet,U91990DL1901PLC000098,ROSHANARA CLUB LIMITED
Shiv Sena,navneet,U91990DL1901PLC000098,ROSHANARA CLUB LIMITED
Telugu Desam,N.Chandrababu Naidu,U85191TG2012PTC080455,ASVAS HEALTHCARE PRIVATE LIMITED
Telugu Desam,N.Chandrababu Naidu,U67120TG2008PTC060105,NIRVANA HOLDINGS PRIVATE LIMITED
Telugu Desam,N.Chandrababu Naidu,U65993TG1995PTC019355,MEGABID FINANCE & INVESTMENT PRIVATE LIMITED
Telugu Desam,N.Chandrababu Naidu,U60200TG2008PTC060891,NIRVANA LOGISTICS AND WAREHOUSING PRIVATE LIMITED
Telugu Desam,N.Chandrababu Naidu,U60231TG2008PTC061154,REDHILLS LOGISTICS AND WAREHOUSING PRIVATE LIMITED
Telugu Desam,N.Chandrababu Naidu,U52100TG2011PLC072132,HERITAGE CONPRO LIMITED
Telugu Desam,N.Chandrababu Naidu,U45200TG2008PTC061079,NIRVANA ESTATES PRIVATE LIMITED
Telugu Desam,N.Chandrababu Naidu,U40109TG2008PTC060690,NIRVANA POWER PRIVATE LIMITED
Telugu Desam,N.Chandrababu Naidu,U40108TG2008PTC061078,NIRVANA ENERGY PRIVATE LIMITED
Telugu Desam,N.Chandrababu Naidu,U25202TG2009PTC065328,NIRVANA PACKAGING PRIVATE LIMITED
Telugu Desam,N.Chandrababu Naidu,U22130TG2011PTC073349,NIRVANA MEDIA PRIVATE LIMITED
Telugu Desam,N.Chandrababu Naidu,U15400TG2008PLC062054,HERITAGE FOODS RETAIL LIMITED
Telugu Desam,N.Chandrababu Naidu,U05005TG1994PTC018070,HERITAGE AGRO MARINE PVT LTD
Telugu Desam,N.Chandrababu Naidu,L15209TG1992PLC014332,HERITAGE FOODS LIMITED
Telugu Desam,N.Chandrababu Naidu,U67120TG2008PTC060105,NIRVANA HOLDINGS PRIVATE LIMITED
Telugu Desam,N.Chandrababu Naidu,U65910TG1996PLC023310,HERITAGE FINLEASE LIMITED
Telugu Desam,N.Chandrababu Naidu,U65993TG1995PTC019355,MEGABID FINANCE & INVESTMENT PRIVATE LIMITED
Telugu Desam,N.Chandrababu Naidu,U60200TG2008PTC060891,NIRVANA LOGISTICS AND WAREHOUSING PRIVATE LIMITED
Telugu Desam,N.Chandrababu Naidu,U60231TG2008PTC061154,REDHILLS LOGISTICS AND WAREHOUSING PRIVATE LIMITED
Telugu Desam,N.Chandrababu Naidu,U52100TG2011PLC072132,HERITAGE CONPRO LIMITED
Telugu Desam,N.Chandrababu Naidu,U45200TG2008PTC061079,NIRVANA ESTATES PRIVATE LIMITED
Telugu Desam,N.Chandrababu Naidu,U40109TG2008PTC060690,NIRVANA POWER PRIVATE LIMITED
Telugu Desam,N.Chandrababu Naidu,U40108TG2008PTC061078,NIRVANA ENERGY PRIVATE LIMITED
Telugu Desam,N.Chandrababu Naidu,U25202TG2009PTC065328,NIRVANA PACKAGING PRIVATE LIMITED
Telugu Desam,N.Chandrababu Naidu,U22130TG2011PTC073349,NIRVANA MEDIA PRIVATE LIMITED
Telugu Desam,N.Chandrababu Naidu,U15400TG2008PLC062054,HERITAGE FOODS RETAIL LIMITED
Telugu Desam,N.Chandrababu Naidu,U05005TG1994PTC018070,HERITAGE AGRO MARINE PVT LTD
Telugu Desam,N.Chandrababu Naidu,L15209TG1992PLC014332,HERITAGE FOODS LIMITED
Telugu Desam,N.Chandrababu Naidu,U85191TG2012PTC080455,ASVAS HEALTHCARE PRIVATE LIMITED
Telugu Desam,N.Chandrababu Naidu,U67120TG2008PTC060105,NIRVANA HOLDINGS PRIVATE LIMITED
Telugu Desam,N.Chandrababu Naidu,U65993TG1995PTC019355,MEGABID FINANCE & INVESTMENT PRIVATE LIMITED
Telugu Desam,N.Chandrababu Naidu,U60200TG2008PTC060891,NIRVANA LOGISTICS AND WAREHOUSING PRIVATE LIMITED
Telugu Desam,N.Chandrababu Naidu,U60231TG2008PTC061154,REDHILLS LOGISTICS AND WAREHOUSING PRIVATE LIMITED
Telugu Desam,N.Chandrababu Naidu,U52100TG2011PLC072132,HERITAGE CONPRO LIMITED
Telugu Desam,N.Chandrababu Naidu,U45200TG2008PTC061079,NIRVANA ESTATES PRIVATE LIMITED
Telugu Desam,N.Chandrababu Naidu,U40109TG2008PTC060690,NIRVANA POWER PRIVATE LIMITED
Telugu Desam,N.Chandrababu Naidu,U40108TG2008PTC061078,NIRVANA ENERGY PRIVATE LIMITED
Telugu Desam,N.Chandrababu Naidu,U25202TG2009PTC065328,NIRVANA PACKAGING PRIVATE LIMITED
Telugu Desam,N.Chandrababu Naidu,U22130TG2011PTC073349,NIRVANA MEDIA PRIVATE LIMITED
Telugu Desam,N.Chandrababu Naidu,U15400TG2008PLC062054,HERITAGE FOODS RETAIL LIMITED
Telugu Desam,N.Chandrababu Naidu,U05005TG1994PTC018070,HERITAGE AGRO MARINE PVT LTD
Telugu Desam,N.Chandrababu Naidu,L15209TG1992PLC014332,HERITAGE FOODS LIMITED
Telugu Desam,N.Chandrababu Naidu,U67120TG2008PTC060105,NIRVANA HOLDINGS PRIVATE LIMITED
Telugu Desam,N.Chandrababu Naidu,U65910TG1996PLC023310,HERITAGE FINLEASE LIMITED
Telugu Desam,N.Chandrababu Naidu,U65993TG1995PTC019355,MEGABID FINANCE & INVESTMENT PRIVATE LIMITED
Telugu Desam,N.Chandrababu Naidu,U60200TG2008PTC060891,NIRVANA LOGISTICS AND WAREHOUSING PRIVATE LIMITED
Telugu Desam,N.Chandrababu Naidu,U60231TG2008PTC061154,REDHILLS LOGISTICS AND WAREHOUSING PRIVATE LIMITED
Telugu Desam,N.Chandrababu Naidu,U52100TG2011PLC072132,HERITAGE CONPRO LIMITED
Telugu Desam,N.Chandrababu Naidu,U45200TG2008PTC061079,NIRVANA ESTATES PRIVATE LIMITED
Telugu Desam,N.Chandrababu Naidu,U40109TG2008PTC060690,NIRVANA POWER PRIVATE LIMITED
Telugu Desam,N.Chandrababu Naidu,U40108TG2008PTC061078,NIRVANA ENERGY PRIVATE LIMITED
Telugu Desam,N.Chandrababu Naidu,U25202TG2009PTC065328,NIRVANA PACKAGING PRIVATE LIMITED
Telugu Desam,N.Chandrababu Naidu,U22130TG2011PTC073349,NIRVANA MEDIA PRIVATE LIMITED
Telugu Desam,N.Chandrababu Naidu,U15400TG2008PLC062054,HERITAGE FOODS RETAIL LIMITED
Telugu Desam,N.Chandrababu Naidu,U05005TG1994PTC018070,HERITAGE AGRO MARINE PVT LTD
Telugu Desam,N.Chandrababu Naidu,L15209TG1992PLC014332,HERITAGE FOODS LIMITED
Telugu Desam,GALLA JAYADEV,U15122AP1990PLC011932,MANGAL INDUSTRIES LIMITED
Telugu Desam,GALLA JAYADEV,U85110AP2013PTC086624,G2 HEALTHCARE PRIVATE LIMITED
Telugu Desam,GALLA JAYADEV,U93000AP2009PTC064031,AMARA RAJA INDUSTRIAL SERVICES PRIVATE LIMITED
Telugu Desam,GALLA JAYADEV,U74990AP2008PTC057464,AMARON BATTERIES PRIVATE LIMITED
Telugu Desam,GALLA JAYADEV,U65993AP2010PTC066519,RNGALLA FAMILY HOLDINGS PRIVATE LIMITED
Telugu Desam,GALLA JAYADEV,U40102AP2008PTC059398,AMARA RAJA INFRA PRIVATE LIMITED
Telugu Desam,GALLA JAYADEV,U31102AP1984PLC005165,AMARA RAJA POWER SYSTEMS LIMITED
Telugu Desam,GALLA JAYADEV,U31402AP1999PLC032257,AMARA RAJA ELECTRONICS LIMITED
Telugu Desam,GALLA JAYADEV,U24111TG1988PLC009231,ANDHRA PRADESH GAS POWER CORPORATION LIMITED
Telugu Desam,GALLA JAYADEV,U15122AP1990PLC011932,MANGAL INDUSTRIES LIMITED
Telugu Desam,GALLA JAYADEV,U15134AP2004PLC042852,GALLA FOODS LIMITED
Telugu Desam,GALLA JAYADEV,L31402AP1985PLC005305,AMARA RAJA BATTERIES LIMITED
Yuvajana Sramika Rythu Congress Party,y.s vijayamma,L24231AP1995PLC019106,SOURCE NATURAL FOODS AND HERBAL SUPPLEMENTS LIMITED
Aam Aadmi Party,MEERA HIRANANDANI SANYAL,U80904MH2010NPL211244,LIBERALSINDIA FOR GOOD GOVERNANCE
ABHM,Balakrishnan. N,U73100PN2007NPL129455,ENTREPRENEURSHIP DEVELOPMENT CENTER
All India Anna Dravida Munnetra Kazhagam,Santhanam. A,U91100MH2013NPL244942,CONFEDERATION OF ATM INDUSTRY
All India Anna Dravida Munnetra Kazhagam,O.Panneerselvam,U73100PN2007NPL129455,ENTREPRENEURSHIP DEVELOPMENT CENTER
All India Anna Dravida Munnetra Kazhagam,O.Panneerselvam,U73100PN2007NPL129455,ENTREPRENEURSHIP DEVELOPMENT CENTER
All India Anna Dravida Munnetra Kazhagam,R.Gopalakrishnan,U99999MH1917PLC000478,TATA SONS LIMITED
All India Trinamool Congress,Sudip Bandyopadhyay,U67120MH2005PTC156678,DESTIMONEY SECURITIES PRIVATE LIMITED
All India Trinamool Congress,Vivek Gupta,U22121WB1945PTC012848,SANMARG PVT LTD
All India Trinamool Congress,Kunal Kumar Ghosh,U74130WB2010PTC153555,JAGO BANGLA MEDIA PRIVATE LIMITED
All India Trinamool Congress,Sudip Bandyopadhyay,U67120MH2005PTC156678,DESTIMONEY SECURITIES PRIVATE LIMITED
All India Trinamool Congress,Subrata Bakshi,U45203WB2012SGC180687,WEST BENGAL HIGHWAY DEVELOPMENT CORPORATION LIMITED
All India Trinamool Congress,Subrata Bakshi,U74130WB2010PTC153555,JAGO BANGLA MEDIA PRIVATE LIMITED
Bharatiya Janta Party,dr. chandan mitra,U93000DL2011PTC227173,PIONEER DIGITAL NEWS PRIVATE LIMITED
Bharatiya Janta Party,dr. chandan mitra,U92111DL2003PTC123193,PIONEER PERIODICALS PRIVATE LIMITED
Bharatiya Janta Party,dr. chandan mitra,U67120DL2011PTC216714,SANCHAR HOLDINGS PRIVATE LIMITED
Bharatiya Janta Party,dr. chandan mitra,U92111WB1994PLC065621,RAINBOW PRODUCTIONS LTD
Bharatiya Janta Party,dr. chandan mitra,U74899DL1997PLC087473,CMYK PRINTECH LIMITED
Bharatiya Janta Party,dr. chandan mitra,L22354MP1992PLC007295,RELIABLE VENTURES INDIA LIMITED
Bharatiya Janta Party,Dhotre Sanjay Shyamrao,U01200MH1976SGC018990,MAHARASHTRA STATE SEEDS CORPORATION LIMITED
Bharatiya Janta Party,Rattan Lal Kataria,U35912HR2001PTC034649,HONDA MOTORCYCLE AND SCOOTER INDIA PVT LTD
Bharatiya Janta Party,Pralhad Joshi,U24246KA2004PTC035182,INNO-NU CHEM PRIVATE LIMITED
Bharatiya Janta Party,Vijay Goel,U91110UP1945NPL001322,THE WESTERN U.P. CHAMBER OF COMMERCE AND INDUSTRY
Bharatiya Janta Party,Vijay Goel,U79140UP1986NPL007846,FEDERATION OF U P CHAMBERS OF COMM.AND INDUSTRY
Bharatiya Janta Party,Dr. Sanjay Jaiswal,U45200DL2006PTC154274,AROHI BUILDCON PRIVATE LIMITED
Bharatiya Janta Party,Feroze Varun Gandhi,U74899DL1970PTC005453,RAJDHANI GENERAL TRADERS PRIVATE LIMITED
Bharatiya Janta Party,Dhotre Sanjay Shyamrao,U01200MH1976SGC018990,MAHARASHTRA STATE SEEDS CORPORATION LIMITED
Bharatiya Janta Party,Rattan Lal Kataria,U35912HR2001PTC034649,HONDA MOTORCYCLE AND SCOOTER INDIA PVT LTD
Bharatiya Janta Party,Maneka Sanjay Gandhi,U74899DL1994NPL061260,RUGMARK FOUNDATION
Bharatiya Janta Party,Maneka Sanjay Gandhi,U74899DL1976PTC008249,AMTEJ INTERNATIONAL PVT LTD
Bharatiya Janta Party,Maneka Sanjay Gandhi,U74899DL1970PTC005453,RAJDHANI GENERAL TRADERS PRIVATE LIMITED
Bharatiya Janta Party,Shivraj Singh Chouhan,U75100MP2015SGC034434,MADHYA PRADESH METRO RAIL CO LIMITED
Bharatiya Janta Party,Shivraj Singh Chouhan,U45203MP2004SGC016758,MADHYA PRADESH ROAD DEVELOPMENT CORPORATION LIMITED
Bharatiya Janta Party,Shivraj Singh Chouhan,U40300MP2011SGC027025,NARMADA BASIN PROJECTS COMPANY LIMITED
Bharatiya Janta Party,Shivraj Singh Chouhan,U41000MP2012SGC028798,MADHYA PRADESH JAL NIGAM MARYADIT
Bharatiya Janta Party,Shyama Charan Gupta,U65921UP1985PLC007603,SBW UDYOG LIMITED
Bharatiya Janta Party,Shyama Charan Gupta,U55204UP2016PTC077366,SBW HOTEL UDYOG PRIVATE LIMITED
Bharatiya Janta Party,Shyama Charan Gupta,L67120WB1975PLC030153,NEW MOUNT TRADING & INVESTMENT CO LTD
Bharatiya Janta Party,Pralhad Joshi,U24246KA2004PTC035182,INNO-NU CHEM PRIVATE LIMITED
Bharatiya Janta Party,Rattan Lal Kataria,U35912HR2001PTC034649,HONDA MOTORCYCLE AND SCOOTER INDIA PVT LTD
Bharatiya Janta Party,Dhotre Sanjay Shyamrao,U01200MH1976SGC018990,MAHARASHTRA STATE SEEDS CORPORATION LIMITED
Bharatiya Janta Party,Vijay Sampla,U40105PB1983SGC034715,PUNJAB STATE FOREST DEVELOPMENT CORPORATION LIMITED
Bharatiya Janta Party,Vijay Sampla,U02001PB1983SGC034715,PUNJAB STATE FOREST DEVELOPMENT CORPORATION LIMITED
Bharatiya Janta Party,Vijay Goel,U91110UP1945NPL001322,THE WESTERN U.P. CHAMBER OF COMMERCE AND INDUSTRY
Bharatiya Janta Party,Vijay Goel,U79140UP1986NPL007846,FEDERATION OF U P CHAMBERS OF COMM.AND INDUSTRY
Bharatiya Janta Party,Sukhbir Singh Jaunapuria,U74899HR1995PTC049174,MA-GANGA BUILDERS AND CONSTRUCTIONS PRIVATE LIMITED
Bharatiya Janta Party,Sukhbir Singh Jaunapuria,U74899HR1994PTC048834,SUKH REALTERS PRIVATE LIMITED
Bharatiya Janta Party,Sukhbir Singh Jaunapuria,U74140DL2003PTC119514,PERFECTION POINT CONSULTANCY PRIVATE LIMITED
Bharatiya Janta Party,Sukhbir Singh Jaunapuria,U70200HR2010PTC049040,BELISMA BUILDCON PRIVATE LIMITED
Bharatiya Janta Party,Maneka Sanjay Gandhi,U74899DL1994NPL061260,RUGMARK FOUNDATION
Bharatiya Janta Party,Maneka Sanjay Gandhi,U74899DL1976PTC008249,AMTEJ INTERNATIONAL PVT LTD
Bharatiya Janta Party,Maneka Sanjay Gandhi,U74899DL1970PTC005453,RAJDHANI GENERAL TRADERS PRIVATE LIMITED
Bharatiya Janta Party,Manohar Parrikar,U91200KL1924NPL000660,MUNDAKAYAM PLANTERS ASSOCIATION
Bharatiya Janta Party,Prabhakar Kore,L60210KA1983PLC005247,VRL LOGISTICS LIMITED
Bharatiya Janta Party,Prabhakar Kore,U15421KA1995PLC017655,SHIVASHAKTI SUGARS LIMITED
Bharatiya Janta Party,Munde Pritam,U63090MH2012PTC238465,ISHANA FREIGHT AND LOGISTICS PRIVATE LIMITED
Bharatiya Janta Party,Munde Pritam,U01100MH2004PTC145576,NHAVA SHEVA CFS AND AGRI PARK PRIVATE LIMITED
Bharatiya Janta Party,AJAY KUMAR SANCHETI,U74140DL2004PLC125552,MINDA MANAGEMENT SERVICES LIMITED
Bharatiya Janta Party,AJAY KUMAR SANCHETI,U27310DL2007PTC167948,NTS TOOLING INDIA PRIVATE LIMITED
Bharatiya Janta Party,RAVINDRA KISHORE SINHA,U65192BR2015PLC025551,ADI CHITRAGUPTA FINANCE LIMITED
Bharatiya Janta Party,RAVINDRA KISHORE SINHA,U80903BR2007PTC013080,VOCATIONAL SKILLS COUNCIL INDIA PRIVATE LIMITED
Bharatiya Janta Party,RAVINDRA KISHORE SINHA,U90001BR2009PLC014332,SERVICE MASTER CLEAN LIMITED
Bharatiya Janta Party,RAVINDRA KISHORE SINHA,U85190BR2008PTC013816,KAYA KALP DRUGLESS HEALING PRIVATE LIMITED
Bharatiya Janta Party,RAVINDRA KISHORE SINHA,U93000BR2011PTC017532,TERMINIX SIS INDIA PRIVATE LIMITED
Bharatiya Janta Party,RAVINDRA KISHORE SINHA,U74910BR2014PTC022583,SIS PROSEGUR HOLDINGS PRIVATE LIMITED
Bharatiya Janta Party,RAVINDRA KISHORE SINHA,U74920BR2007PLC013081,SECURITY SKILLS COUNCIL (INDIA) LIMITED
Bharatiya Janta Party,RAVINDRA KISHORE SINHA,U74900BR2011PLC021067,SAKSHAM BHARAT SKILLS LIMITED
Bharatiya Janta Party,RAVINDRA KISHORE SINHA,U75300BR2010PLC015484,TECH SIS LIMITED
Bharatiya Janta Party,RAVINDRA KISHORE SINHA,U75230BR1985PLC002083,SECURITY AND INTELLIGENCE SERVICES (INDIA) LIMITED
Bharatiya Janta Party,RAVINDRA KISHORE SINHA,U74140BR2011PTC017533,SIS CASH SERVICES PRIVATE LIMITED
Bharatiya Janta Party,RAVINDRA KISHORE SINHA,U70102BR2014PLC022639,SIS GROUP ENTERPRISES LIMITED
Bharatiya Janta Party,RAVINDRA KISHORE SINHA,U67100GJ2011NPL064274,SWAYAM MICRO SERVICES
Bharatiya Janta Party,RAVINDRA KISHORE SINHA,U45201BR1992PLC004862,RITU RAJ RESORTS LIMITED
Bharatiya Janta Party,RAVINDRA KISHORE SINHA,U15202BR2011PTC017076,JOOST FOOD VENTURES PRIVATE LIMITED
Bharatiya Janta Party,RAVINDRA KISHORE SINHA,U00093BR2000PLC009353,MAHA MANAV MRITUNJAY INSTITUTE OF YOGA AND ALTERNATI VE MEDICINE LIMITED
Bharatiya Janta Party,Feroze Varun Gandhi,U74899DL1970PTC005453,RAJDHANI GENERAL TRADERS PRIVATE LIMITED
Bharatiya Janta Party,Shivraj Singh Chouhan,U75100MP2015SGC034434,MADHYA PRADESH METRO RAIL CO LIMITED
Bharatiya Janta Party,Shivraj Singh Chouhan,U45203MP2004SGC016758,MADHYA PRADESH ROAD DEVELOPMENT CORPORATION LIMITED
Bharatiya Janta Party,Shivraj Singh Chouhan,U40300MP2011SGC027025,NARMADA BASIN PROJECTS COMPANY LIMITED
Bharatiya Janta Party,Shivraj Singh Chouhan,U41000MP2012SGC028798,MADHYA PRADESH JAL NIGAM MARYADIT
Bharatiya Janta Party,Devendra Fadnavis,U45203MH2002SGC136979,MAHARASHTRA AIRPORT DEVELOPMENT COMPANY LIMITED
Bharatiya Janta Party,Raman Singh,U45203CT2014SGC001560,CHHATTISGARH ROAD DEVELOPMENT CORPORATION LIMITED
Bharatiya Janta Party,Manohar Parrikar,U91200KL1924NPL000660,MUNDAKAYAM PLANTERS ASSOCIATION
Bharatiya Janta Party,Manohar Parrikar,U91200KL1924NPL000660,MUNDAKAYAM PLANTERS ASSOCIATION
Biju Janata Dal,Pinaki Misra,L55101DL1980PLC011037,ASIAN HOTELS (NORTH) LIMITED
Biju Janata Dal,Pinaki Misra,U74899DL1994PTC062002,OCEAN GRAND RESORTS AND HOTELS PRIVATE LIMITED
Biju Janata Dal,Pinaki Misra,U74899DL1984PTC018433,JANPATH PROPERTIES PRIVATE LIMITED
Biju Janata Dal,Pinaki Misra,L45201OR1955PLC008400,FERRO ALLOYS CORPORATION LIMITED
Biju Janata Dal,Pinaki Misra,U72200MH2000PTC128600,BRADY TELESOFT PRIVATE LIMITED
Biju Janata Dal,Pinaki Misra,U74899DL1986PTC024501,WHITE LILY ESTATES PRIVATE LTD.
Biju Janata Dal,Pinaki Misra,U74899DL1985PTC020165,JUPITER ESTATES PRIVATE LIMITED
Biju Janata Dal,Pinaki Misra,L17110MH1913PLC000367,W H BRADY AND COMPANY LIMITED
Communist Party of India (MARXIST),"natarajan, p.r.",U91100MH2013NPL244942,CONFEDERATION OF ATM INDUSTRY
Communist Party of India (MARXIST),"natarajan, p.r.",U91100MH2013NPL244942,CONFEDERATION OF ATM INDUSTRY
Communist Party of India (MARXIST),Jitendra Choudhury,U75112TR1974SGC001491,TRIPURA INDUSTRIAL DEVELOPMENT CORPORATION LTD
Communist Party of India (MARXIST),Jitendra Choudhury,U23201TR1990SGC003451,TRIPURA NATURAL GAS CO LTD
Indian National Congress,NANDAN MOHAN NILEKANI,U70200KA2009PTC084479,PJPA REALITY PRIVATE LIMITED
Indian National Congress,NANDAN MOHAN NILEKANI,U65929MH2016PTC286640,AVANTI MICROFINANCE PRIVATE LIMITED
Indian National Congress,NANDAN MOHAN NILEKANI,U65929MH2016PTC284282,AVANTI FINANCE PRIVATE LIMITED
Indian National Congress,NANDAN MOHAN NILEKANI,U74900KA2014NPL077892,PERSONALISED LEARNING PLATFORM FOUNDATION
Indian National Congress,NANDAN MOHAN NILEKANI,U74990KA2008NPL078948,INDIAN INSTITUTE FOR HUMAN SETTLEMENTS
Indian National Congress,deora milind murli,U74900MH1991PTC060058,STAYWELL BUSINESS SUPPORT SERVICES PRIVATE LIMITED
Indian National Congress,deora milind murli,U70102MH2008PTC183485,JAINESH MEDIA & REAL ESTATE CONSULTANCY PRIVATE LIMITED
Indian National Congress,deora milind murli,U70100MH2013PTC241568,FIVE SHIPS REALTY PRIVATE LIMITED
Indian National Congress,deora milind murli,U74140MH2004PTC147132,FENDER CONSULTANTS PRIVATE LIMITED
Indian National Congress,KARTI PALANIAPPAN CHIDAMBARAM,U74120TN2005PTC056024,CHESS GLOBAL ADVISORY SERVICES PRIVATE LIMITED
Indian National Congress,KARTI PALANIAPPAN CHIDAMBARAM,U52609TN1996PTC035096,KWALITEIT FLORITECH PRIVATE LIMITED
Indian National Congress,KARTI PALANIAPPAN CHIDAMBARAM,U01110TN1980PTC008116,KAIMABETTA ESTATES PRIVATE LIMITED
Indian National Congress,Rahul Gandhi,U74999DL2010NPL210686,YOUNG INDIAN
Indian National Congress,Kamal Nath,U74140DL2014PTC270195,MAGNUM COUNSELLORS PRIVATE LIMITED
Indian National Congress,Virbhadra Singh,U74999HP2015NPL001036,HIMACHAL PRADESH KAUSHAL VIKAS NIGAM
Indian National Congress,Virbhadra Singh,U63040HP1972SGC003163,HIMACHAL PRADESH TOURISM DEVELOPMENT CORP LIMITED
Indian National Congress,Mausam Noor,U70101WB1984PTC037414,A.L.M.(REAL ESTATES) PVT.LTD.
Indian National Congress,Mausam Noor,U05002WB1982PTC035357,NOOR KUTBUL AGRO FARMING & FISHERIES PVT LTD
Indian National Congress,deora milind murli,U74900MH1991PTC060058,STAYWELL BUSINESS SUPPORT SERVICES PRIVATE LIMITED
Indian National Congress,deora milind murli,U70102MH2008PTC183485,JAINESH MEDIA & REAL ESTATE CONSULTANCY PRIVATE LIMITED
Indian National Congress,deora milind murli,U70100MH2013PTC241568,FIVE SHIPS REALTY PRIVATE LIMITED
Indian National Congress,deora milind murli,U74140MH2004PTC147132,FENDER CONSULTANTS PRIVATE LIMITED
Indian National Congress,Kalmadi Suresh,U85310DL2007PTC170572,TAJ MOTOR SPORTS PRIVATE LIMITED
Indian National Congress,Kalmadi Suresh,U60210PN1985PTC037099,SAI SERVICE PRIVATE LIMITED
Indian National Congress,Sonia Gandhi,U74999DL2010NPL210686,YOUNG INDIAN
Indian National Congress,Deepender Singh,U22122DL1937PLC215943,THE ASSOCIATED JOURNALS LIMITED
Indian National Congress,Dr. Shashi Tharoor,U45309KL2004SGC017685,VIZHINJAM INTERNATIONAL SEAPORT LIMITED
Indian National Congress,Rahul Gandhi,U74999DL2010NPL210686,YOUNG INDIAN
Indian National Congress,Kamal Nath,U74140DL2014PTC270195,MAGNUM COUNSELLORS PRIVATE LIMITED
Indian National Congress,SAMBA SIVA RAO KAVURU,U45201DL1985PTC020250,LIBRA ESTATES PRIVATE LIMITED
Indian National Congress,deora milind murli,U74900MH1991PTC060058,STAYWELL BUSINESS SUPPORT SERVICES PRIVATE LIMITED
Indian National Congress,deora milind murli,U70102MH2008PTC183485,JAINESH MEDIA & REAL ESTATE CONSULTANCY PRIVATE LIMITED
Indian National Congress,deora milind murli,U70100MH2013PTC241568,FIVE SHIPS REALTY PRIVATE LIMITED
Indian National Congress,deora milind murli,U74140MH2004PTC147132,FENDER CONSULTANTS PRIVATE LIMITED
Indian National Congress,Kalmadi Suresh,U85310DL2007PTC170572,TAJ MOTOR SPORTS PRIVATE LIMITED
Indian National Congress,Kalmadi Suresh,U60210PN1985PTC037099,SAI SERVICE PRIVATE LIMITED
Indian National Congress,Sonia Gandhi,U74999DL2010NPL210686,YOUNG INDIAN
Indian National Congress,Anand Sharma,U80220MH1999PTC121823,IMS LEARNING RESOURCES PRIVATE LIMITED
Indian National Congress,Motilal Vora,U74999DL2010NPL210686,YOUNG INDIAN
Indian National Congress,Motilal Vora,U22122DL1937PLC215943,THE ASSOCIATED JOURNALS LIMITED
Indian National Congress,Mausam Noor,U70101WB1984PTC037414,A.L.M.(REAL ESTATES) PVT.LTD.
Indian National Congress,Mausam Noor,U05002WB1982PTC035357,NOOR KUTBUL AGRO FARMING & FISHERIES PVT LTD
Indian National Congress,Deepender Singh,U22122DL1937PLC215943,THE ASSOCIATED JOURNALS LIMITED
Indian National Congress,Rahul Gandhi,U74999DL2010NPL210686,YOUNG INDIAN
Indian National Congress,Kamal Nath,U74140DL2014PTC270195,MAGNUM COUNSELLORS PRIVATE LIMITED
Indian National Congress,Sonia Gandhi,U74999DL2010NPL210686,YOUNG INDIAN
Indian National Congress,Oscar Fernandes,U74999DL2010NPL210686,YOUNG INDIAN
Indian National Congress,Oscar Fernandes,U22122DL1937PLC215943,THE ASSOCIATED JOURNALS LIMITED
Indian National Congress,Chiranjeevi (Konidala Siva Sankara Vara Prasad),U92412MH2014PTC257871,BLASTERS SPORTS VENTURES PRIVATE LIMITED
Indian National Congress,SUBBARAMI REDDY TIKKAVARAPU,U45200TG2005PTC046442,DEEP CORPORATION PRIVATE LIMITED (PART IX )
Indian National Congress,Dr. Shashi Tharoor,U45309KL2004SGC017685,VIZHINJAM INTERNATIONAL SEAPORT LIMITED
Indian National Congress,K. Rahman Khan,U74140DL2015NPL285911,INDIAN AUQAF FOUNDATION
Indian National Congress,K. Rahman Khan,U73200DL1999NPL097935,ICAI ACCOUNTING RESEARCH FOUNDATION
Indian National Congress,Motilal Vora,U74999DL2010NPL210686,YOUNG INDIAN
Indian National Congress,Motilal Vora,U22122DL1937PLC215943,THE ASSOCIATED JOURNALS LIMITED
Indian National Congress,Motilal Vora,U74999DL2010NPL210686,YOUNG INDIAN
Indian National Congress,Motilal Vora,U22122DL1937PLC215943,THE ASSOCIATED JOURNALS LIMITED
Indian National Congress,Virbhadra Singh,U74999HP2015NPL001036,HIMACHAL PRADESH KAUSHAL VIKAS NIGAM
Indian National Congress,Virbhadra Singh,U63040HP1972SGC003163,HIMACHAL PRADESH TOURISM DEVELOPMENT CORP LIMITED
Indian National Congress,Virbhadra Singh,U74999HP2015NPL001036,HIMACHAL PRADESH KAUSHAL VIKAS NIGAM
Indian National Congress,Virbhadra Singh,U63040HP1972SGC003163,HIMACHAL PRADESH TOURISM DEVELOPMENT CORP LIMITED
Indian National Congress,Oommen Chandy,U62100KL2006PLC019227,AIR KERALA INTERNATIONAL SERVICES LIMITED
Indian National Congress,Oommen Chandy,U45203KL2013SGC033389,VISION VARKALA INFRASTRUCTURE DEVELOPMENT CORPORATION LIMITED
Indian National Congress,Oommen Chandy,U45309KL2004SGC017685,VIZHINJAM INTERNATIONAL SEAPORT LIMITED
Indian National Congress,Oommen Chandy,U05000KL2007PLC021510,KERALA AQUA VENTURES INTERNATIONAL LIMITED
Indian National Congress,Oommen Chandy,U91990KL2002NPL015838,NORKA-ROOTS (SEC 25 COMPANY)
Indian National Congress,Oommen Chandy,U92132KL2005PLC018915,BHARAT BROADCASTING NETWORK LIMITED
Indian National Congress,Oommen Chandy,U63033KL2009SGC025103,KANNUR INTERNATIONAL AIRPORT LIMITED
Indian National Congress,Oommen Chandy,U63033KL1994PLC007803,COCHIN INTERNATIONAL AIRPORT LIMITED
Indian National Congress,Oommen Chandy,U60210KL2012SGC032836,KERALA RAPID TRANSIT CORPORATION LIMITED
Indian National Congress,Oommen Chandy,U62100KL2006PLC019227,AIR KERALA INTERNATIONAL SERVICES LIMITED
Indian National Congress,Oommen Chandy,U45203KL2013SGC033389,VISION VARKALA INFRASTRUCTURE DEVELOPMENT CORPORATION LIMITED
Indian National Congress,Oommen Chandy,U45309KL2004SGC017685,VIZHINJAM INTERNATIONAL SEAPORT LIMITED
Indian National Congress,Oommen Chandy,U05000KL2007PLC021510,KERALA AQUA VENTURES INTERNATIONAL LIMITED
Indian National Congress,Oommen Chandy,U91990KL2002NPL015838,NORKA-ROOTS (SEC 25 COMPANY)
Indian National Congress,Oommen Chandy,U92132KL2005PLC018915,BHARAT BROADCASTING NETWORK LIMITED
Indian National Congress,Oommen Chandy,U63033KL2009SGC025103,KANNUR INTERNATIONAL AIRPORT LIMITED
Indian National Congress,Oommen Chandy,U63033KL1994PLC007803,COCHIN INTERNATIONAL AIRPORT LIMITED
Indian National Congress,Oommen Chandy,U60210KL2012SGC032836,KERALA RAPID TRANSIT CORPORATION LIMITED
Indian National Congress,Virbhadra Singh,U74999HP2015NPL001036,HIMACHAL PRADESH KAUSHAL VIKAS NIGAM
Indian National Congress,Virbhadra Singh,U63040HP1972SGC003163,HIMACHAL PRADESH TOURISM DEVELOPMENT CORP LIMITED
Indian National Congress,Virbhadra Singh,U74999HP2015NPL001036,HIMACHAL PRADESH KAUSHAL VIKAS NIGAM
Indian National Congress,Virbhadra Singh,U63040HP1972SGC003163,HIMACHAL PRADESH TOURISM DEVELOPMENT CORP LIMITED
Jammu and Kashmir Peoples Democratic Party,Mehbooba Mufti,U40101JK1995SGC001418,JAMMU AND KASHMIR STATE POWER DEVELOPMENT CORPORATION LIMITED
Jammu and Kashmir Peoples Democratic Party,Mehbooba Mufti,U40101JK1995SGC001418,JAMMU AND KASHMIR STATE POWER DEVELOPMENT CORPORATION LIMITED
Jammu and Kashmir Peoples Democratic Party,Mehbooba Mufti,U40101JK1995SGC001418,JAMMU AND KASHMIR STATE POWER DEVELOPMENT CORPORATION LIMITED
Jharkhand Party,R. V. Mohana Reddy,L31909KA1985PLC006990,IQ INFOTECH LIMITED
Kerala Congress (M),Joy Abraham,U25194KL2002PTC015370,RUBEK BALLOONS PRIVATE LIMITED
Kerala Congress (M),Joy Abraham,U24131KL2005PTC018471,RUBBERMARK RUBBER INDUSTRIES PRIVATE LIMITED
Kerala Congress (M),Joy Abraham,U25111KL1995PLC009774,PALAZHY TYRES LIMITED
Lok Dal,Chandrajeet,U91100MH2013NPL244942,CONFEDERATION OF ATM INDUSTRY
Lok Jan Shakti Party,Srinivasan K,U40101TN1997PLC037663,LANCO TANJORE POWER COMPANY LIMITED
Nationalist Congress Party,Supriya Sule,U85300MH2008NPL185280,RVS EDUCATIONAL & CHARITABLE FOUNDATION
Nationalist Congress Party,Supriya Sule,U74140DL2004NPL125424,CENTRE FOR INTERNATIONAL TRADE IN AGRICULTURE AND AGRO BASED INDUSTRIES
Nationalist Congress Party,Supriya Sule,U65990MH1994PTC077431,RADIANT TRADEVEST PRIVATE LIMITED
Nationalist Congress Party,Supriya Sule,U22121PN1948PTC006177,SAKAL PAPERS PRIVATE LIMITED
Nationalist Congress Party,Supriya Sule,U80901MH2008NPL188611,YASHASWINI SAMAJIK ABHIYAAN
Nationalist Congress Party,Mohite Patil Vijaysinh Shankarrao,U99999DL1969GAP005106,INDIAN SUGAR EXIM CORPORATION LTD.
Nationalist Congress Party,Mohite Patil Vijaysinh Shankarrao,U70102PN2007PTC131034,NANDVIJAY FARMS & DEVELOPERS PRIVATE LIMITED
Nationalist Congress Party,Mohite Patil Vijaysinh Shankarrao,U45201PN2008PTC132212,RAN-VIJAY FARMS AND DEVELOPERS PRIVATE LIMITED
Nationalist Congress Party,Mohite Patil Vijaysinh Shankarrao,U01220PN2014PTC150816,NANDA-PRABHA AGRO FARM & DEVELOPERS PRIVATE LIMITED
Nationalist Congress Party,Dhananjay Bhimrao Mahadik,U92142PN2011PTC140850,BRI DIGITAL SERVICES PRIVATE LIMITED
Nationalist Congress Party,Dhananjay Bhimrao Mahadik,U92132PN2008PTC131620,BHIMA RIDDHI INFOTAINMENT PRIVATE LIMITED
Nationalist Congress Party,Supriya Sule,U85300MH2008NPL185280,RVS EDUCATIONAL & CHARITABLE FOUNDATION
Nationalist Congress Party,Supriya Sule,U74140DL2004NPL125424,CENTRE FOR INTERNATIONAL TRADE IN AGRICULTURE AND AGRO BASED INDUSTRIES
Nationalist Congress Party,Supriya Sule,U65990MH1994PTC077431,RADIANT TRADEVEST PRIVATE LIMITED
Nationalist Congress Party,Supriya Sule,U22121PN1948PTC006177,SAKAL PAPERS PRIVATE LIMITED
Nationalist Congress Party,Supriya Sule,U80901MH2008NPL188611,YASHASWINI SAMAJIK ABHIYAAN
Pyramid Party of India,gayathri,U35911TN1999PTC042573,UCAL AUTO PRIVATE LIMITED
Rashtriya Lok Dal,Amar Singh,U74900MH2016PLC274502,BASK FILMS CREATION LIMITED
Rashtriya Lok Dal,Amar Singh,U74899WB1987PTC133044,CHEKOPLAST (INDIA) PRIVATE LIMITED
Rashtriya Lok Dal,Amar Singh,U74210WB2006PTC111505,PANEL CONSULTANCY PRIVATE LIMITED
Rashtriya Lok Dal,Amar Singh,U65993WB1995PTC072357,SARVOTTAM CAPS PRIVATE LIMITED
Rashtriya Lok Dal,Amar Singh,U51109WB1996PTC078922,STARTRACK VINIMAY PVT LTD
Rashtriya Lok Dal,Amar Singh,U45201WB2010PTC140594,FAIRLAND PROJECTS PRIVATE LIMITED
Rashtriya Lok Dal,Amar Singh,U45201WB1990PTC097543,MAITRI ESTATES PRIVATE LIMITED
Rashtriya Lok Dal,Amar Singh,U40101WB2010PTC152528,EDCL - TAWANG POWER PRIVATE LIMITED
Rashtriya Lok Dal,Amar Singh,U40104WB2010PTC152829,EDCL - ARUNACHAL HYDRO PROJECT PRIVATE LIMITED
Rashtriya Lok Dal,Amar Singh,U40105WB2010PTC152524,EDCL - SEPPA PACHUK POWER PRIVATE LIMITED
Rashtriya Lok Dal,Amar Singh,U51109WB1993PTC057957,STERLITE MERCHANTS PVT. LTD.
Rashtriya Lok Dal,Amar Singh,L85110KA1995PLC017003,ENERGY DEVELOPMENT COMPANY LIMITED
Rashtriya Lok Dal,Amar Singh,U40101WB2010PTC152525,EDCL - SEPPA LADA HYDRO ELECTRIC PRIVATE LIMITED
Rashtriya Lok Dal,Amar Singh,U40101WB2010PTC152526,EDCL - SEPPA DUNKHO HYDRO ELECTRIC PRIVATE LIMITED
Rashtriya Lok Dal,Amar Singh,U74899DL1995PTC064930,OGAAN PUBLICATIONS PRIVATE LIMITED
Rashtriya Lok Samta Party,Dr. Arun Kumar,U74899DL1987GOI027481,INTELLIGENT COMMUNICATION SYSTEMS INDIA LIMITED
Samajwadi Party,Amar Singh,U74900MH2016PLC274502,BASK FILMS CREATION LIMITED
Samajwadi Party,Amar Singh,U74899WB1987PTC133044,CHEKOPLAST (INDIA) PRIVATE LIMITED
Samajwadi Party,Amar Singh,U74210WB2006PTC111505,PANEL CONSULTANCY PRIVATE LIMITED
Samajwadi Party,Amar Singh,U65993WB1995PTC072357,SARVOTTAM CAPS PRIVATE LIMITED
Samajwadi Party,Amar Singh,U51109WB1996PTC078922,STARTRACK VINIMAY PVT LTD
Samajwadi Party,Amar Singh,U45201WB2010PTC140594,FAIRLAND PROJECTS PRIVATE LIMITED
Samajwadi Party,Amar Singh,U45201WB1990PTC097543,MAITRI ESTATES PRIVATE LIMITED
Samajwadi Party,Amar Singh,U40101WB2010PTC152528,EDCL - TAWANG POWER PRIVATE LIMITED
Samajwadi Party,Amar Singh,U40104WB2010PTC152829,EDCL - ARUNACHAL HYDRO PROJECT PRIVATE LIMITED
Samajwadi Party,Amar Singh,U40105WB2010PTC152524,EDCL - SEPPA PACHUK POWER PRIVATE LIMITED
Samajwadi Party,Amar Singh,U51109WB1993PTC057957,STERLITE MERCHANTS PVT. LTD.
Samajwadi Party,Amar Singh,L85110KA1995PLC017003,ENERGY DEVELOPMENT COMPANY LIMITED
Samajwadi Party,Amar Singh,U40101WB2010PTC152525,EDCL - SEPPA LADA HYDRO ELECTRIC PRIVATE LIMITED
Samajwadi Party,Amar Singh,U40101WB2010PTC152526,EDCL - SEPPA DUNKHO HYDRO ELECTRIC PRIVATE LIMITED
Samajwadi Party,Amar Singh,U74899DL1995PTC064930,OGAAN PUBLICATIONS PRIVATE LIMITED
Samajwadi Party,Jaya Bachchan,U99999MH1987PLC042097,AB CORP LIMITED
Samajwadi Party,SANJAY SETH,U55110UP2003PTC027466,G B LAWNS PRIVATE LIMITED
Samajwadi Party,SANJAY SETH,U45400DL2010PTC204945,PRESTIGE INFRACON PRIVATE LIMITED
Sarva Samaj Kalyan Party,sandeep kumar,U65910DL1983SGC015095,DELHI SC/ST/OBC/MINORITIES AND HANDICAPPED FINANCI AL AND DEVELOPMENT CORPORATION LIMITED
Shiromani Akali Dal,Naresh Gujral,U74899DL1991PTC046624,SPAN FREIGHT PRIVATE LIMITED
Shiromani Akali Dal,Naresh Gujral,U74899DL1990PTC041459,FLAIR EXPORTS PVT LTD
Shiromani Akali Dal,Naresh Gujral,U74899DL1989PTC036829,HILL DEVELOPERS PRIVATE LIMITED
Shiromani Akali Dal,Naresh Gujral,U74899DL1988PTC034333,SPAN HOLDINGS PRIVATE LTD.
Shiromani Akali Dal,Naresh Gujral,U74899DL1983PTC016193,SOUTH EAST FASHIONS PRIVATE LIMITED
Shiromani Akali Dal,Naresh Gujral,U74899DL1977PTC008672,SPAN INDIA PVT LTD
Shiromani Akali Dal,Naresh Gujral,U67120DL2005PTC138967,POSITIVE SECURITIES PRIVATE LIMITED
Shiromani Akali Dal,Naresh Gujral,U51311DL2004PTC128998,ADVANTAGE FASHIONS PRIVATE LIMITED
Shiromani Akali Dal,Naresh Gujral,U45201DL2003PTC123261,STALLION HOUSINGS PRIVATE LIMITED
Shiromani Akali Dal,Naresh Gujral,L51434WB1923PLC004793,BERGER PAINTS INDIA LIMITED
Shiv Sena,Rajkumar Dhoot,U70101MH1994PTC167834,DEVANT PROPERTIES AND INVESTMENTS PRIVATE LIMITED
Telangana Rashtra Samithi,Konda Vishweshwar Reddy,U92419TG2004PTC043648,ADVENTURE TRAILS INDIA PRIVATE LIMITED
Telangana Rashtra Samithi,Konda Vishweshwar Reddy,U85110TG1998PTC029297,CITADEL RESEARCH AND SOLUTIONS PRIVATE LIMITED
Telangana Rashtra Samithi,Konda Vishweshwar Reddy,U34103TG2007PTC055244,M3 MOTORS (INDIA) PRIVATE LIMITED
Telangana Rashtra Samithi,Konda Vishweshwar Reddy,U01122TG2006PTC050845,CITADEL AGRO PRIVATE LIMITED
Telangana Rashtra Samithi,Konda Vishweshwar Reddy,U74900TG2010PTC067633,ELIXIR COMMUNITIES PRIVATE LIMITED
Telangana Rashtra Samithi,Konda Vishweshwar Reddy,U74900TG2009PTC065270,BRIDGE PROMOTERS PRIVATE LIMITED
Telangana Rashtra Samithi,Konda Vishweshwar Reddy,U40108TG2010PTC070749,AVV TURBINES PRIVATE LIMITED
Telangana Rashtra Samithi,Konda Vishweshwar Reddy,U64202TN2000PTC045255,SAFFRON SOLUTIONS PRIVATE LIMITED
Telangana Rashtra Samithi,Konda Vishweshwar Reddy,U34102TG2006PTC049981,KAR MOTORS PRIVATE LIMITED
Telangana Rashtra Samithi,Konda Vishweshwar Reddy,U35999TG2006PTC049985,KAR AUTO PRIVATE LIMITED
Telangana Rashtra Samithi,Konda Vishweshwar Reddy,U15410TG2010PTC067695,APOLLO HEALTH FOODS PRIVATE LIMITED
Telangana Rashtra Samithi,Konda Vishweshwar Reddy,U33110TG1993PLC015859,STEPHAN DESIGN & ENGINEERING LIMITED
Telangana Rashtra Samithi,Konda Vishweshwar Reddy,U01403TG2006PLC048992,CHEVELLA FARMS LIMITED
Telangana Rashtra Samithi,Konda Vishweshwar Reddy,U74899DL2000PLC104726,EMEDLIFE INSURANCE BROKING SERVICES LIMITED
Telugu Desam,YALAMANCHILI SATYANARAYANA CHOWDARY,U74999TN2010PLC077070,SUJANA PORTS LIMITED
Telugu Desam,YALAMANCHILI SATYANARAYANA CHOWDARY,U74140TG2005PTC045900,YS CONSULTANCY SERVICES PRIVATE LIMITED
Telugu Desam,YALAMANCHILI SATYANARAYANA CHOWDARY,U55101KA2010PLC055236,ESTEEM HOTELS LIMITED
Telugu Desam,YALAMANCHILI SATYANARAYANA CHOWDARY,U40109TG2008PLC060399,SUJANA TRANSMISSIONS LIMITED
Telugu Desam,GALLA JAYADEV,U92412TG2015PTC102234,AMARA RAJA MEDIA AND ENTERTAINMENT PRIVATE LIMITED
Telugu Desam,GALLA JAYADEV,L31402AP1985PLC005305,AMARA RAJA BATTERIES LIMITED
Telugu Desam,GALLA JAYADEV,U93000AP2009PTC064031,AMARA RAJA INDUSTRIAL SERVICES PRIVATE LIMITED
Telugu Desam,GALLA JAYADEV,U74990AP2008PTC057464,AMARON BATTERIES PRIVATE LIMITED
Telugu Desam,GALLA JAYADEV,U65993AP2010PTC066519,RNGALLA FAMILY HOLDINGS PRIVATE LIMITED
Telugu Desam,GALLA JAYADEV,U45209TG2013PTC088072,NINE NINES LIFESTYLE PRIVATE LIMITED
Telugu Desam,GALLA JAYADEV,U40102AP2008PTC059398,AMARA RAJA INFRA PRIVATE LIMITED
Telugu Desam,GALLA JAYADEV,U31102AP1984PLC005165,AMARA RAJA POWER SYSTEMS LIMITED
Telugu Desam,GALLA JAYADEV,U31402AP1999PLC032257,AMARA RAJA ELECTRONICS LIMITED
Telugu Desam,GALLA JAYADEV,U15122AP1990PLC011932,MANGAL INDUSTRIES LIMITED
Telugu Desam,GALLA JAYADEV,U15134AP2004PLC042852,GALLA FOODS LIMITED
Telugu Desam,GALLA JAYADEV,L31402AP1985PLC005305,AMARA RAJA BATTERIES LIMITED
Ulzaipali Makkal Katchy,balasubramani.r,U52599TN1991PTC020361,FINANCIAL SOFTWARE AND SYSTEMS PRIVATE LIMITED
