Constituency,District Names,Factory Count,state,Type,Margin %,isMPMinister,centerAlignment,stateAlignment,rs_min_mplad_district,is_backward,ministry_comp_intersection,amount,non_backward,not_aligned,Total,Totalcsr,Avg ADI
ADILABAD,adilabad,2,TELANGANA,ST,16.4,0,0,1,0,1,0,150000000,0,0,2,0,13
AGRA,agra,16,UTTAR PRADESH,SC,28.1,1,1,0,0,0,0,1090000000,1,0,17,3,12
AHMEDABAD EAST,ahmedabad,175,GUJARAT,GEN,33.1,0,1,1,0,0,0,90030000000,1,0,444,36,18
AHMEDABAD WEST,ahmedabad,182,GUJARAT,SC,33.2,0,1,1,0,0,0,88400000000,1,0,357,34,18
AHMEDNAGAR,ahmednagar,21,MAHARASHTRA,GEN,19.7,0,1,1,0,0,0,1370000000,1,0,36,0,13
AJMER,ajmer,13,RAJASTHAN,GEN,14.9,1,1,1,0,0,1,45260000000,1,0,155,15,17
AKBARPUR,,,UTTAR PRADESH,GEN,28.7,0,1,0,0,0,0,4440000000,1,0,22,3,14
AKOLA,akola,5,MAHARASHTRA,GEN,20.8,0,1,1,0,0,0,80000000,1,0,6,0,12
ALAPPUZHA,alappuzha,10,KERALA,GEN,1.9,0,0,1,0,0,0,3480000000,1,0,10,1,15
ALATHUR,,,KERALA,SC,4,0,0,0,0,0,0,6860000000,1,1,20,2,16
ALIGARH,aligarh,9,UTTAR PRADESH,GEN,26.9,0,1,0,0,0,0,800000000,1,0,8,0,13
ALIPURDUARS,alipurduar,2,WEST BENGAL,ST,1.7,0,0,1,0,0,0,950000000,1,0,27,0,10
ALLAHABAD,allahabad,275,UTTAR PRADESH,GEN,7,0,1,0,0,0,0,630000000,1,0,0,0,12
ALMORA,,,UTTARAKHAND,SC,14.6,0,1,0,0,0,0,200000000,1,0,2,0,15
ALWAR,alwar,101,RAJASTHAN,GEN,26.7,0,1,1,0,0,0,9160000000,1,0,109,5,13
AMALAPURAM,amalapuram,1,ANDHRA PRADESH,SC,10.8,0,1,1,0,0,0,2350000000,1,0,357,3,15
AMBALA,ambala,1,HARYANA,SC,27.9,0,1,1,0,0,0,2030000000,1,0,36,0,18
AMBEDKAR NAGAR,ambedkar nagar,8,UTTAR PRADESH,GEN,13.5,0,1,0,0,0,0,1840000000,1,0,8,0,11
AMETHI,amethi,1,UTTAR PRADESH,GEN,12.3,0,0,0,0,0,0,5060000000,1,1,19,1,10
AMRAVATI,amravati,7,MAHARASHTRA,SC,13.7,0,1,1,0,0,0,1300000000,1,0,7,0,17
AMRELI,amreli,5,GUJARAT,GEN,19.3,0,1,1,0,0,0,2990000000,1,0,34,2,16
AMRITSAR,amritsar,5,PUNJAB,GEN,10.2,0,0,0,0,0,0,1320000000,1,1,5,0,17
AMROHA,amroha,6,UTTAR PRADESH,GEN,14.4,0,1,0,1,0,0,840000000,1,0,139,4,13
ANAKAPALLE,,,ANDHRA PRADESH,GEN,4.2,0,1,1,0,1,0,30420000000,0,0,114,6,16
ANAND,anand,23,GUJARAT,GEN,6.5,0,1,1,1,0,1,3070000000,1,0,23,4,15
ANANDPUR SAHIB,,,PUNJAB,GEN,2.2,0,1,1,0,0,0,3300000000,1,0,147,1,18
ANANTAPUR,anantapur,46,ANDHRA PRADESH,GEN,5.1,0,1,1,0,0,0,19390000000,1,0,46,0,14
ANANTNAG,,,JAMMU AND KASHMIR,GEN,17.4,0,0,0,0,0,0,1030000000,1,1,0,0,13
ANDAMAN AND NICOBAR,,,ANDAMAN AND NICOBAR,GEN,4.1,0,1,0,0,0,0,0,1,0,10,0,16
AONLA,,,UTTAR PRADESH,GEN,13.9,0,1,0,0,0,0,250000000,1,0,21,0,9
ARAKKONAM,,,TAMIL NADU,GEN,22.1,0,0,1,0,0,0,216100000000,1,0,161,2,18
ARAKU,,,ANDHRA PRADESH,ST,10,0,0,0,0,1,0,38740000000,0,1,518,11,14
ARAMBAG,,,WEST BENGAL,SC,25.5,0,0,1,0,0,0,760000000,1,0,57,0,16
ARANI,,,TAMIL NADU,GEN,22.2,0,0,1,0,0,0,350000000,1,0,19,0,14
ARARIA,,,BIHAR,GEN,15,0,0,0,0,1,0,0,0,1,0,0,8
ARRAH,,,BIHAR,GEN,15.2,0,1,1,0,0,0,0,1,0,0,0,9
ARUNACHAL EAST,,,ARUNACHAL PRADESH,GEN,4.8,0,0,0,0,1,0,80000000,0,1,0,0,13
ARUNACHAL WEST,,,ARUNACHAL PRADESH,GEN,12.4,1,1,1,0,0,0,780000000,1,0,0,0,13
ASANSOL,asansol,6,WEST BENGAL,GEN,6.2,1,1,0,0,0,0,0,1,0,10,0,17
ASKA,,,ODISHA,GEN,34.8,0,0,1,0,0,0,600000000,1,0,7,0,9
ATTINGAL,,,KERALA,GEN,8.1,0,0,0,0,0,0,2640000000,1,1,5,2,16
AURANGABAD,,,BIHAR,GEN,8.4,0,1,1,0,1,0,710000000,0,0,249,10,8
AURANGABAD,aurangabad,125,MAHARASHTRA,GEN,16.5,0,1,1,0,0,0,24350000000,1,0,249,10,18
AUTONOMOUS DISTRICT,,,ASSAM,ST,4.4,0,0,1,0,0,0,0,1,0,1,0,10
AZAMGARH,,,UTTAR PRADESH,GEN,6.6,0,0,1,0,0,0,0,1,0,0,0,11
BADAUN,badaun,5,UTTAR PRADESH,GEN,16.2,0,0,1,0,0,0,50000000,1,0,9,1,9
BAGALKOT,,,KARNATAKA,GEN,10.8,0,1,0,0,1,0,490000000,0,0,5,0,14
BAGHPAT,,,UTTAR PRADESH,GEN,20.9,0,1,0,0,0,0,1450000000,1,0,146,3,16
BAHARAMPUR,,,WEST BENGAL,GEN,30.9,0,0,0,0,1,0,470000000,0,1,1,0,10
BAHRAICH,bahraich,3,UTTAR PRADESH,SC,10.2,0,1,0,0,1,0,0,0,0,3,0,7
BALAGHAT,balaghat,4,MADHYA PRADESH,GEN,8.6,0,1,1,0,0,0,2780000000,1,0,5,0,10
BALASORE,balasore,,ODISHA,GEN,13.5,0,0,1,0,0,0,1420000000,1,0,9,1,10
BALLIA,ballia,6,UTTAR PRADESH,GEN,14.8,0,1,0,0,0,0,400000000,1,0,1,0,12
BALURGHAT,,,WEST BENGAL,GEN,10.1,0,0,1,0,1,0,0,0,0,0,0,10
BANASKANTHA,banaskantha,2,GUJARAT,GEN,22.8,1,1,1,0,0,1,1000000000,1,0,2,0,14
BANDA,,,UTTAR PRADESH,GEN,13.5,0,1,0,0,1,0,0,0,0,0,0,8
BANGALORE CENTRAL,bangalore urban,127,KARNATAKA,GEN,12.8,0,1,0,1,0,1,75230000000,1,0,389,9,18
BANGALORE NORTH,bangalore urban,127,KARNATAKA,GEN,16.9,1,1,0,1,0,1,75230000000,1,0,389,9,18
BANGALORE RURAL,bangalore rural,126,KARNATAKA,GEN,15.9,0,0,1,1,0,1,124440000000,1,0,512,19,16
BANGALORE SOUTH,bangalore urban,126,KARNATAKA,GEN,20.5,1,1,0,1,0,1,75230000000,1,0,389,9,18
BANGAON,,,WEST BENGAL,SC,11.4,0,0,1,0,1,0,1910000000,0,0,40,0,14
BANKA,,,BIHAR,GEN,1.1,0,0,0,0,1,0,90000000,0,1,10,0,8
BANKURA,bankura,1,WEST BENGAL,GEN,8,0,0,1,0,0,0,4040000000,1,0,19,0,9
BANSGAON,,,UTTAR PRADESH,SC,21.6,0,1,0,0,0,0,700000000,1,0,4,0,11
BANSWARA,"banswada, banswara",5,RAJASTHAN,ST,7.8,0,1,1,0,0,0,210000000,1,0,7,1,7
BAPATLA,,,ANDHRA PRADESH,SC,2.8,0,1,1,0,0,0,6080000000,1,0,49,3,15
BARABANKI,barabanki,7,UTTAR PRADESH,SC,19.8,0,1,0,0,0,0,340000000,1,0,270,0,8
BARAMATI,,,MAHARASHTRA,GEN,6.5,0,0,0,0,0,0,176290000000,1,1,779,49,18
BARAMULLA,,,JAMMU AND KASHMIR,GEN,6.3,0,0,0,0,1,0,0,0,1,0,0,12
BARASAT,,,WEST BENGAL,GEN,13.6,0,0,1,0,0,0,240000000,1,0,38,0,18
BARDHAMAN PURBA,,,WEST BENGAL,SC,8.7,0,0,1,0,0,0,0,1,0,24,0,17
BARDHAMAN-DURGAPUR,bardhaman,6,WEST BENGAL,GEN,8.1,0,0,1,0,0,0,0,1,0,34,0,17
BARDOLI,,,GUJARAT,ST,10.3,0,1,1,0,0,0,22600000000,1,0,340,6,18
BAREILLY,bareilly,47,UTTAR PRADESH,GEN,23.6,1,1,0,0,0,0,250000000,1,0,16,0,11
BARGARH,,,ODISHA,GEN,1,0,0,1,0,0,0,1550000000,1,0,3,0,12
BARMER,barmer,16,RAJASTHAN,GEN,7.2,0,1,1,0,1,0,12360000000,0,0,43,0,9
BARPETA,barpeta,189,ASSAM,GEN,3.5,0,0,0,0,1,0,190000000,0,1,11,0,12
BARRACKPUR,,,WEST BENGAL,GEN,19.7,0,0,1,0,0,0,240000000,1,0,38,0,18
BASIRHAT,,,WEST BENGAL,GEN,8.6,0,0,1,0,0,0,240000000,1,0,38,0,18
BASTAR,,,CHHATTISGARH,ST,16.2,0,1,1,0,1,0,360000000,0,0,0,0,10
BASTI,basti,11,UTTAR PRADESH,GEN,3.2,0,1,0,0,0,0,0,1,0,1,0,10
BATHINDA,bathinda,1,PUNJAB,GEN,1.6,1,1,1,0,0,0,2600000000,1,0,9,0,14
BEED,beed,1,MAHARASHTRA,GEN,11.1,0,1,1,0,0,0,0,1,0,5,0,13
BEGUSARAI,begusarai,5,BIHAR,GEN,5.4,0,1,1,0,1,0,100000000,0,0,2,0,8
BELGAUM,belgaum,1,KARNATAKA,GEN,7,0,1,0,0,0,0,380000000,1,0,33,1,15
BELLARY,bellary,36,KARNATAKA,ST,8.1,0,1,0,0,0,0,2010000000,1,0,20,2,14
BERHAMPUR,,,ODISHA,GEN,14.1,0,0,1,0,1,0,600000000,0,0,7,0,8
BETUL,betul,1,MADHYA PRADESH,ST,31.4,0,1,1,0,1,0,4090000000,0,0,1,0,11
BHADOHI,,,UTTAR PRADESH,GEN,16.1,0,1,0,0,0,0,630000000,1,0,0,0,12
BHADRAK,,,ODISHA,SC,16.6,0,0,1,0,0,0,1020000000,1,0,6,1,11
BHAGALPUR,bhagalpur,1,BIHAR,GEN,1,0,0,0,0,0,0,0,1,1,10,0,8
BHANDARA-GONDIYA,bhandara,10,MAHARASHTRA,GEN,12.5,0,1,1,0,0,0,530000000,1,0,11,1,13
BHARATPUR,bharatpur,2,RAJASTHAN,SC,25.5,0,1,1,0,0,0,9680000000,1,0,110,5,13
BHARUCH,bharuch,1,GUJARAT,GEN,14.5,1,1,1,0,1,0,19830000000,0,0,860,18,15
BHAVNAGAR,bhavnagar,1,GUJARAT,GEN,32.2,0,1,1,0,0,0,2070000000,1,0,29,1,17
BHILWARA,bhilwara,4,RAJASTHAN,GEN,22.3,0,1,1,0,0,0,8120000000,1,0,8,2,11
BHIND,bhind,8,MADHYA PRADESH,SC,21.9,0,1,1,0,0,0,9810000000,1,0,12,0,11
BHIWANDI,bhiwandi,7,MAHARASHTRA,GEN,12.5,0,1,1,0,0,0,18690000000,1,0,335,14,17
BHIWANI-MAHENDRAGARH,bhiwani,1,HARYANA,GEN,12.6,0,1,1,0,0,0,1600000000,1,0,3,1,16
BHONGIR,,,TELANGANA,GEN,2.5,0,0,1,0,0,0,5600000000,1,0,155,8,15
BHOPAL,bhopal,3,MADHYA PRADESH,GEN,32.8,0,1,1,1,0,0,8820000000,1,0,96,5,14
BHUBANESWAR,bhubaneswar,32,ODISHA,GEN,21.2,0,0,1,0,0,0,850000000,1,0,36,0,16
BIDAR,bidar,4,KARNATAKA,GEN,9.6,0,1,0,0,1,0,1550000000,0,0,15,1,14
BIJAPUR,,,KARNATAKA,SC,7.2,0,1,0,0,0,0,1650000000,1,0,0,0,13
BIJNOR,bijnor,2,UTTAR PRADESH,GEN,19.4,0,1,0,0,0,0,690000000,1,0,32,0,14
BIKANER,bikaner,7,RAJASTHAN,SC,33.1,0,1,1,0,0,0,1220000000,1,0,27,0,16
BILASPUR,bilaspur,9,CHHATTISGARH,GEN,16.2,0,1,1,0,0,0,11290000000,1,0,30,1,17
BIRBHUM,,,WEST BENGAL,GEN,5.3,0,0,1,0,1,0,110000000,0,0,0,0,11
BISHNUPUR,,,WEST BENGAL,SC,11.8,0,0,1,0,0,0,310000000,1,0,36,0,13
BOLANGIR,,,ODISHA,GEN,8.9,0,0,1,0,1,0,0,0,0,1,0,8
BOLPUR,,,WEST BENGAL,SC,18.1,0,0,1,0,1,0,110000000,0,0,24,0,14
BULANDSHAHR,bulandshahar,1,UTTAR PRADESH,SC,41.8,0,1,0,0,0,0,910000000,1,0,29,0,13
BULDHANA,buldhana,29,MAHARASHTRA,GEN,16.3,0,1,1,0,0,0,400000000,1,0,2,0,12
BUXAR,buxar,2,BIHAR,GEN,14.9,0,1,1,0,0,0,0,1,0,4,1,9
CHALAKUDY,,,KERALA,GEN,1.6,0,0,0,0,0,0,25450000000,1,1,29,9,16
CHAMARAJANAGAR,,,KARNATAKA,SC,12.5,0,0,1,0,0,0,810000000,1,0,86,0,15
CHANDAULI,,,UTTAR PRADESH,GEN,16,0,1,0,0,1,0,4350000000,0,0,11,2,13
CHANDIGARH,chandigarh,1,CHANDIGARH,GEN,15.4,0,1,0,0,0,0,510000000,1,0,83,2,18
CHANDNI CHOWK,,,DELHI,GEN,13.9,1,1,0,0,0,0,3260000000,1,0,82,5,18
CHANDRAPUR,chandrapur,1,MAHARASHTRA,GEN,21.3,1,1,1,0,0,1,1690000000,1,0,18,2,13
CHATRA,chatra,2,JHARKHAND,GEN,25,0,1,1,0,1,0,0,0,0,5,0,7
CHENNAI CENTRAL,chennai,1,TAMIL NADU,GEN,5.6,0,0,1,0,0,0,116960000000,1,0,232,58,18
CHENNAI NORTH,chennai,1,TAMIL NADU,GEN,11,0,0,1,0,0,0,117020000000,1,0,366,59,18
CHENNAI SOUTH,chennai,1,TAMIL NADU,GEN,12.6,0,0,1,0,0,0,117700000000,1,0,362,58,18
CHEVELLA,aliabad (ranga reddy dist),2,TELANGANA,GEN,5.5,0,0,1,0,0,0,3740000000,1,0,114,1,17
CHHINDWARA,chhindwara,1,MADHYA PRADESH,GEN,10.5,0,0,0,1,0,0,160000000,1,1,12,0,11
CHHOTA UDAIPUR,,,GUJARAT,ST,16.3,0,1,1,0,1,0,9280000000,0,0,411,10,15
CHIDAMBARAM,,,TAMIL NADU,SC,11.8,0,0,1,0,0,0,11820000000,1,0,21,1,14
CHIKKBALLAPUR,"chikkaballapur, chikballapur",29,KARNATAKA,GEN,0.8,0,0,1,0,0,0,47750000000,1,0,142,9,16
CHIKKODI,,,KARNATAKA,GEN,0.3,0,0,1,0,0,0,380000000,1,0,33,1,15
CHITRADURGA,chitradurga,2,KARNATAKA,SC,9.2,0,0,1,0,0,0,2110000000,1,0,50,4,14
CHITTOOR,,,ANDHRA PRADESH,SC,3.7,0,1,1,0,0,0,7470000000,1,0,46,4,14
CHITTORGARH,chittaurgarh,42,RAJASTHAN,GEN,27,0,1,1,0,0,0,8470000000,1,0,41,1,11
CHURU,,,RAJASTHAN,GEN,26.1,0,1,1,0,0,0,200000000,1,0,1,0,15
COIMBATORE,coimbatore,1,TAMIL NADU,GEN,3.6,0,0,1,0,0,0,16560000000,1,0,135,13,18
COOCHBEHAR,,,WEST BENGAL,SC,6.5,0,0,1,0,0,0,0,1,0,0,0,10
CUDDALORE,cuddalore,2,TAMIL NADU,GEN,20.6,0,0,1,0,0,0,11790000000,1,0,10,1,15
CUTTACK,cuttack,10,ODISHA,GEN,31.3,0,0,1,0,0,0,3400000000,1,0,5,0,12
DADRA & NAGAR HAVELI,"dadra, dadra and nagar haveli",9,DADRA AND NAGAR HAVELI,GEN,3.8,0,1,0,0,0,0,0,1,0,449,0,17
DAHOD,,,GUJARAT,ST,25.6,0,1,1,0,0,0,30000000,1,0,39,1,10
DAKSHINA KANNADA,dakshina kannada,6,KARNATAKA,GEN,11.9,0,1,0,0,0,0,340000000,1,0,4,0,16
DAMAN & DIU,daman,4,DAMAN AND DIU,GEN,10.6,0,1,0,0,0,0,0,1,0,112,0,18
DAMOH,,,MADHYA PRADESH,GEN,23.4,0,1,1,0,1,0,750000000,0,0,1,0,11
DARBHANGA,,,BIHAR,GEN,4.2,0,1,1,0,0,0,0,1,0,0,0,8
DARJEELING,darjeeling,4,WEST BENGAL,GEN,17.3,0,1,0,0,0,0,1440000000,1,0,26,0,13
DAUSA,,,RAJASTHAN,ST,4.9,0,1,1,0,0,0,23580000000,1,0,251,18,14
DAVANAGERE,davanagere,3,KARNATAKA,GEN,1.6,1,1,0,0,0,0,0,1,0,2,0,14
DEORIA,,,UTTAR PRADESH,GEN,27.3,1,1,0,0,0,0,0,1,0,3,0,10
DEWAS,"dewas, agar malwa ",27,MADHYA PRADESH,SC,22.8,0,1,1,0,0,0,7480000000,1,0,90,4,12
DHANBAD,dhanbad,15,JHARKHAND,GEN,25.6,0,1,1,0,1,0,2280000000,0,0,35,0,13
DHAR,dhar,24,MADHYA PRADESH,ST,9.7,0,1,1,0,0,0,3940000000,1,0,72,6,14
DHARMAPURI,dharmapuri,22,TAMIL NADU,GEN,7,0,1,0,0,0,0,2130000000,1,0,35,1,17
DHARWAD,dharwad,3,KARNATAKA,GEN,10.9,0,1,0,0,0,0,540000000,1,0,25,2,16
DHAURAHRA,,,UTTAR PRADESH,GEN,11.9,0,1,0,0,0,0,630000000,1,0,12,0,7
DHENKANAL,dhenkanal,23,ODISHA,GEN,13.2,0,0,1,0,1,0,26500000000,0,0,296,1,9
DHUBRI,,,ASSAM,GEN,16.8,0,0,0,0,1,0,0,0,1,1,0,9
DHULE,dhule,1,MAHARASHTRA,GEN,13.3,0,1,1,0,0,0,12500000000,1,0,220,8,15
DIAMOND HARBOUR,,,WEST BENGAL,GEN,5.7,0,0,1,0,0,0,1090000000,1,0,16,1,15
DIBRUGARH,dibrugarh,14,ASSAM,GEN,20.8,0,1,0,0,0,0,4800000000,1,0,11,3,13
DINDIGUL,dindigul,1,TAMIL NADU,GEN,11.8,0,0,1,0,0,0,1390000000,1,0,13,1,14
DINDORI,,,MAHARASHTRA,ST,25.5,0,1,1,0,0,0,11470000000,1,0,205,8,18
DOMARIYAGANJ,,,UTTAR PRADESH,GEN,11.1,0,1,0,0,1,0,0,0,0,0,0,9
DUM DUM,,,WEST BENGAL,GEN,13.7,0,0,1,0,0,0,240000000,1,0,38,0,18
DUMKA,,,JHARKHAND,ST,4.3,0,0,0,0,1,0,0,0,1,2,0,8
DURG,durg,5,CHHATTISGARH,GEN,1.3,0,0,0,0,0,0,5740000000,1,1,26,1,14
EAST DELHI,east delhi,1,DELHI,GEN,15.9,0,1,0,0,0,0,16090000000,1,0,5,1,18
ELURU,,,ANDHRA PRADESH,GEN,8.5,0,1,1,1,0,0,11030000000,1,0,48,2,16
ERNAKULAM,"ernakulam, aluva (ernakulam dist) ",88,KERALA,GEN,10.2,0,0,1,0,0,0,19990000000,1,0,24,7,16
ERODE,erode,23,TAMIL NADU,GEN,21,0,0,1,0,0,0,900000000,1,0,58,2,18
ETAH,etah,20,UTTAR PRADESH,GEN,21.7,0,1,0,0,0,0,0,1,0,1,0,11
ETAWAH,,,UTTAR PRADESH,SC,18.4,0,1,0,0,0,0,3180000000,1,0,8,1,10
FAIZABAD,,,UTTAR PRADESH,GEN,27.6,0,1,0,0,0,0,410000000,1,0,270,0,9
FARIDABAD,faridabad,6,HARYANA,GEN,41.3,1,1,1,0,0,0,5650000000,1,0,254,10,18
FARIDKOT,,,PUNJAB,SC,16.7,0,0,0,0,1,0,660000000,0,1,22,0,16
FARRUKHABAD,,,UTTAR PRADESH,GEN,15.5,0,1,0,0,0,0,0,1,0,1,0,11
FATEHGARH SAHIB,,,PUNJAB,SC,5.3,0,0,0,0,0,0,7470000000,1,1,66,9,17
FATEHPUR,fatehpur,191,UTTAR PRADESH,GEN,17.7,1,1,0,0,1,0,0,0,0,3,0,8
FATEHPUR SIKRI,,,UTTAR PRADESH,GEN,17.9,0,1,0,0,0,0,1090000000,1,0,16,3,14
FIROZABAD,,,UTTAR PRADESH,GEN,10.3,0,0,1,0,0,0,10000000,1,0,0,0,11
FIROZPUR,"ferozepur, FIROZPUR",6,PUNJAB,GEN,2.8,0,1,1,0,1,0,450000000,0,0,20,0,14
GADCHIROLI-CHIMUR,gadchiroli,5,MAHARASHTRA,ST,23.1,0,1,1,0,1,0,2070000000,0,0,23,3,13
GANDHINAGAR,"gandhinagar, ghandhinagar",4,GUJARAT,GEN,42.5,0,1,1,0,0,0,90030000000,1,0,444,36,18
GANGANAGAR,,,RAJASTHAN,SC,23.2,1,1,1,0,0,0,20000000,1,0,25,0,17
GARHWAL,,,UTTARAKHAND,GEN,27.1,0,1,0,0,0,0,31330000000,1,0,27,0,16
GAUHATI,,,ASSAM,GEN,20.9,0,1,0,0,1,0,2400000000,0,0,109,0,16
GAUTAM BUDHHA NAGAR,gautam buddh nagar,4,UTTAR PRADESH,GEN,23.4,1,1,0,0,0,1,2660000000,1,0,222,0,15
GAYA,gaya,195,BIHAR,SC,14.3,0,1,1,0,1,0,710000000,0,0,3,0,8
GHATAL,,,WEST BENGAL,GEN,19.1,0,0,1,0,0,0,0,1,0,29,0,14
GHAZIABAD,ghaziabad,1,UTTAR PRADESH,GEN,42.3,1,1,0,0,0,1,840000000,1,0,133,3,17
GHAZIPUR,,,UTTAR PRADESH,GEN,3.3,1,1,0,0,0,1,70000000,1,0,0,0,10
GHOSI,,,UTTAR PRADESH,GEN,14,0,1,0,0,0,0,650000000,1,0,1,0,13
GIRIDIH,,,JHARKHAND,GEN,4.2,0,1,1,0,1,0,2280000000,0,0,35,0,11
GODDA,godda,1,JHARKHAND,GEN,5.8,0,1,1,0,1,0,0,0,0,4,0,8
GONDA,gonda,3,UTTAR PRADESH,GEN,18.4,0,1,0,0,1,0,180000000,0,0,6,0,8
GOPALGANJ,,,BIHAR,SC,31.8,0,1,1,0,0,0,0,1,0,0,0,10
GORAKHPUR,gorakhpur,2,UTTAR PRADESH,GEN,30.1,0,1,0,0,0,0,700000000,1,0,4,0,12
GULBARGA,gulbarga,1,KARNATAKA,SC,7.5,0,0,1,0,1,0,1550000000,0,0,23,0,14
GUNA,guna,2,MADHYA PRADESH,GEN,12.4,0,0,0,0,1,0,0,0,1,2,0,10
GUNTUR,guntur,2,ANDHRA PRADESH,GEN,5.6,0,1,0,0,0,0,5850000000,1,0,22,3,16
GURDASPUR,gurdaspur,21,PUNJAB,GEN,13,0,1,1,0,0,0,120000000,1,0,23,0,17
GURGAON,gurgaon,123,HARYANA,GEN,20.8,1,1,1,0,1,1,55580000000,0,0,219,26,18
GWALIOR,gwalior,1,MADHYA PRADESH,GEN,3,1,1,1,0,0,0,100000000,1,0,2,0,13
HAJIPUR,,,BIHAR,SC,24.9,1,0,0,0,0,0,0,1,1,6,0,9
HAMIRPUR,hamirpur,1,HIMACHAL PRADESH,GEN,11.8,0,1,0,1,0,1,680000000,1,0,287,1,14
HAMIRPUR,,,UTTAR PRADESH,GEN,27.4,0,1,0,0,0,0,100000000,1,0,287,1,9
HARDOI,,,UTTAR PRADESH,SC,8.4,0,1,0,0,0,0,60000000,1,0,0,0,8
HARDWAR,haridwar,4,UTTARAKHAND,GEN,15.1,0,1,0,0,1,0,8730000000,0,0,336,6,17
HASSAN,hassan,1,KARNATAKA,GEN,8.8,0,0,0,0,0,0,300000000,1,1,22,1,15
HATHRAS,,,UTTAR PRADESH,SC,31.1,0,1,0,0,0,0,800000000,1,0,8,0,12
HATKANANGLE,,,MAHARASHTRA,GEN,15,0,1,0,0,0,0,3220000000,1,0,64,1,17
HAVERI,haveri,17,KARNATAKA,GEN,7.8,0,1,0,0,1,0,0,0,0,7,1,14
HAZARIBAGH,hazaribagh,2,JHARKHAND,GEN,16.5,1,1,1,0,1,1,800000000,0,0,12,0,11
HINDUPUR,,,ANDHRA PRADESH,GEN,8.3,0,1,1,0,0,0,19390000000,1,0,46,0,14
HINGOLI,,,MAHARASHTRA,GEN,0.2,0,0,0,0,1,0,1040000000,0,1,8,0,13
HISAR,hisar,1,HARYANA,GEN,2.8,0,0,0,0,0,0,2670000000,1,1,9,1,15
HOOGHLY,hooghly,6,WEST BENGAL,GEN,14,0,0,1,0,0,0,760000000,1,0,28,0,18
HOSHANGABAD,hoshangabad,30,MADHYA PRADESH,GEN,37.8,0,1,1,0,0,0,1690000000,1,0,48,1,12
HOSHIARPUR,hoshiarpur,1,PUNJAB,SC,1.4,1,1,1,0,0,1,950000000,1,0,38,0,18
HOWRAH,howrah,17,WEST BENGAL,GEN,17.5,0,0,1,0,0,0,570000000,1,0,79,3,18
HYDERABAD,hyderabad,1,TELANGANA,GEN,20.8,0,0,0,0,0,0,30460000000,1,1,159,26,18
IDUKKI,idukki,161,KERALA,GEN,6.2,0,0,0,0,0,0,20040000000,1,1,24,7,16
INDORE,indore,2,MADHYA PRADESH,GEN,35.5,0,1,1,0,0,0,3800000000,1,0,50,6,18
INNER MANIPUR,,,MANIPUR,GEN,14.8,0,0,1,0,1,0,960000000,0,0,0,0,14
JABALPUR,jabalpur,1,MADHYA PRADESH,GEN,20.8,0,1,1,0,0,0,530000000,1,0,7,1,18
JADAVPUR,,,WEST BENGAL,GEN,9.8,0,0,1,0,0,0,1090000000,1,0,16,1,15
JAGATSINGHPUR,jagatsinghpur,7,ODISHA,SC,24.4,0,0,1,0,0,0,3090000000,1,0,6,0,14
JAHANABAD,,,BIHAR,GEN,5.2,0,1,0,0,1,0,870000000,0,0,3,0,11
JAIPUR,jaipur,2,RAJASTHAN,GEN,41.6,0,1,1,0,0,0,14420000000,1,0,142,13,18
JAIPUR RURAL,,,RAJASTHAN,GEN,32.8,1,1,1,0,0,1,23580000000,1,0,251,18,15
JAJPUR,"jajapur, jajpur ",39,ODISHA,SC,32.7,0,0,1,0,0,0,0,1,0,32,1,12
JALANDHAR,,,PUNJAB,SC,6.8,0,0,0,0,0,0,670000000,1,1,24,0,18
JALAUN,,,UTTAR PRADESH,SC,25.9,0,1,0,0,0,0,620000000,1,0,3,0,11
JALGAON,jalgaon,24,MAHARASHTRA,GEN,38.7,0,1,1,0,1,0,1030000000,0,0,50,0,14
JALNA,,,MAHARASHTRA,GEN,19.4,0,1,1,0,0,0,50720000000,1,0,246,10,14
JALORE,"jalore, abu road (sirohi dist)",41,RAJASTHAN,GEN,35.1,0,1,1,0,1,0,3450000000,0,0,6,0,11
JALPAIGURI,jalpaiguri,2,WEST BENGAL,SC,5.3,0,0,1,0,0,0,800000000,1,0,25,0,10
JAMMU,jammu,25,JAMMU AND KASHMIR,GEN,20.5,0,1,0,0,0,0,2970000000,1,0,33,1,14
JAMNAGAR,jamnagar,22,GUJARAT,GEN,20.6,0,1,1,0,0,0,1550000000,1,0,69,0,17
JAMSHEDPUR,jamshedpur,75,JHARKHAND,GEN,9.5,0,1,1,0,1,0,0,0,0,33,,17
JAMUI,,,BIHAR,SC,11.1,0,1,0,0,1,0,50000000,0,0,1,0,10
JANGIPUR,,,WEST BENGAL,GEN,0.7,0,0,0,0,1,0,470000000,0,1,1,0,10
JANJGIR-CHAMPA,janjgir-champa,1,CHHATTISGARH,SC,16.3,0,1,1,0,0,0,10860000000,1,0,39,0,11
JAUNPUR,jaunpur,2,UTTAR PRADESH,GEN,14.5,0,1,0,0,0,0,150000000,1,0,8,0,11
JAYNAGAR,,,WEST BENGAL,SC,9.1,0,0,1,0,0,0,1090000000,1,0,16,1,15
JHALAWAR-BARAN,jhalawar,16,RAJASTHAN,GEN,24.6,0,1,1,0,0,0,3620000000,1,0,7,2,10
JHANJHARPUR,,,BIHAR,GEN,5.9,1,1,1,0,0,0,0,1,0,1,0,9
JHANSI,jhansi,1,UTTAR PRADESH,GEN,14.4,1,1,0,0,0,0,0,1,0,2,0,10
JHARGRAM,,,WEST BENGAL,ST,27.7,0,0,1,0,0,0,3730000000,1,0,36,0,13
JHUNJHUNU,jhunjhunu,3,RAJASTHAN,GEN,23.2,0,1,1,0,0,0,6960000000,1,0,4,1,16
JODHPUR,jodhpur,2,RAJASTHAN,GEN,38,0,1,1,0,1,0,32790000000,0,0,49,0,9
JORHAT,jorhat,11,ASSAM,GEN,11,0,1,0,0,0,0,200000000,1,0,7,0,15
JUNAGADH,junagadh,2,GUJARAT,GEN,14.4,0,1,1,0,0,0,40000000,1,0,5,0,15
KACHCHH,"kutch, KACHCHH ",3,GUJARAT,SC,26.9,0,1,1,0,0,0,10690000000,1,0,194,6,17
KADAPA,kadapa,1,ANDHRA PRADESH,GEN,15.9,0,0,0,0,1,0,270000000,0,1,11,0,8
KAIRANA,,,UTTAR PRADESH,GEN,21.2,0,1,0,0,0,0,230000000,1,0,32,0,14
KAISERGANJ,,,UTTAR PRADESH,GEN,8.3,0,1,0,0,1,0,130000000,0,0,5,0,8
KAKINADA,kakinada,2,ANDHRA PRADESH,GEN,0.3,0,1,1,0,0,0,2350000000,1,0,357,3,15
KALAHANDI,,,ODISHA,GEN,5,0,0,1,0,1,0,900000000,0,0,0,0,7
KALIABOR,,,ASSAM,GEN,8,0,0,1,0,0,0,200000000,1,0,6,0,12
KALLAKURICHI,,,TAMIL NADU,GEN,20.2,0,0,1,0,0,0,1660000000,1,0,45,1,16
KALYAN,,,MAHARASHTRA,GEN,30.4,0,1,1,0,0,0,18690000000,1,0,335,14,17
KANCHEEPURAM,"kanchipuram, KANCHEEPURAM ",23,TAMIL NADU,SC,13,0,0,1,0,0,0,740000000,1,0,130,0,18
KANDHAMAL,,,ODISHA,GEN,21.6,0,0,1,0,1,0,1180000000,0,0,8,0,8
KANGRA,kangra,127,HIMACHAL PRADESH,GEN,21.3,0,1,0,0,1,0,170000000,0,0,247,0,16
KANKER,,,CHHATTISGARH,ST,3.5,0,1,1,0,1,0,8070000000,0,0,26,1,11
KANNAUJ,,,UTTAR PRADESH,GEN,1.8,0,0,1,0,0,0,3180000000,1,0,8,1,10
KANNIYAKUMARI,"kanyakumari, KANNIYAKUMARI ",21,TAMIL NADU,GEN,13,0,1,0,0,0,0,690000000,1,0,26,0,18
KANNUR,kannur,244,KERALA,GEN,0.7,0,0,0,0,0,0,220000000,1,1,1,0,16
KANPUR,"kanpur, kanpur dehat , kanpur nagar ",11,UTTAR PRADESH,GEN,26.7,0,1,0,0,0,0,3820000000,1,0,21,3,18
KANTHI,,,WEST BENGAL,GEN,17.8,0,0,1,0,0,0,0,1,0,0,0,14
KARAKAT,,,BIHAR,GEN,13.3,1,1,0,0,1,0,0,0,0,248,10,9
KARAULI-DHOLPUR,,,RAJASTHAN,SC,3.2,0,1,1,0,1,0,0,0,0,0,0,12
KARIMGANJ,,,ASSAM,SC,11.5,0,0,0,0,1,0,0,0,1,1,0,9
KARIMNAGAR,karimnagar,2,TELANGANA,GEN,18.2,0,0,1,0,0,0,13180000000,1,0,29,2,14
KARNAL,karnal,32,HARYANA,GEN,30.2,0,1,1,0,0,0,1400000000,1,0,12,0,16
KARUR,karur,6,TAMIL NADU,GEN,18.7,0,0,1,0,0,0,5030000000,1,0,37,3,16
KASARAGOD,,,KERALA,GEN,0.7,0,0,0,0,0,0,220000000,1,1,1,0,16
KATIHAR,,,BIHAR,GEN,11.7,0,0,0,0,1,0,0,0,1,0,0,8
KAUSHAMBI,,,UTTAR PRADESH,SC,4.7,0,1,0,0,0,0,70000000,1,0,0,0,9
KENDRAPARA,,,ODISHA,GEN,18.3,0,0,1,0,0,0,2820000000,1,0,4,0,12
KEONJHAR,"kendujhar, KEONJHAR ",6,ODISHA,ST,14.5,0,0,1,0,0,0,410000000,1,0,41,0,8
KHADOOR SAHIB,,,PUNJAB,GEN,9.7,0,1,1,0,1,0,1740000000,0,0,18,0,17
KHAGARIA,,,BIHAR,GEN,8.5,0,1,0,0,1,0,0,0,0,1,0,8
KHAJURAHO,,,MADHYA PRADESH,GEN,28.3,0,1,1,0,1,0,520000000,0,0,7,0,10
KHAMMAM,khammam,38,TELANGANA,GEN,1,0,0,0,0,1,0,1180000000,0,1,20,3,15
KHANDWA,,,MADHYA PRADESH,GEN,20.7,0,1,1,0,1,0,4120000000,0,0,24,4,12
KHARGONE,,,MADHYA PRADESH,ST,22.4,0,1,1,0,1,0,540000000,0,0,9,1,9
KHEDA,kheda,1,GUJARAT,GEN,24.4,0,1,1,1,0,1,89080000000,1,0,372,35,16
KHERI,,,UTTAR PRADESH,GEN,10.2,0,1,0,0,0,0,0,1,0,0,0,7
KHUNTI,khunti,36,JHARKHAND,ST,12.5,0,1,1,0,1,0,1080000000,0,0,66,0,9
KISHANGANJ,,,BIHAR,GEN,21,0,0,0,0,1,0,0,0,1,0,0,8
KODARMA,,,JHARKHAND,GEN,9.6,0,1,1,0,1,0,800000000,0,0,4,0,9
KOKRAJHAR,,,ASSAM,ST,29.1,0,0,0,0,1,0,880000000,0,1,11,0,11
KOLAR,kolar,1,KARNATAKA,SC,4.2,0,0,1,0,0,0,640000000,1,0,29,1,16
KOLHAPUR,kolhapur,10,MAHARASHTRA,GEN,2.6,0,0,0,0,0,0,1910000000,1,1,54,1,18
KOLKATA DAKSHIN,"kolkata, KOLKATA DAKSHIN ",28,WEST BENGAL,GEN,11.7,0,0,1,0,0,0,71540000000,1,0,213,35,16
KOLKATA UTTAR,"kolkata, KOLKATA UTTAR ",27,WEST BENGAL,GEN,10.1,0,0,1,0,0,0,70450000000,1,0,197,34,18
KOLLAM,,,KERALA,GEN,4.3,0,0,0,0,0,0,150000000,1,1,0,0,14
KOPPAL,koppal,198,KARNATAKA,GEN,3.2,0,1,0,0,0,0,4100000000,1,0,35,3,13
KORAPUT,koraput,2,ODISHA,ST,2,0,0,1,0,1,0,4880000000,0,0,3,0,8
KORBA,korba,1,CHHATTISGARH,GEN,0.4,0,1,1,0,1,0,23120000000,0,0,41,2,13
KOTA,kota,1,RAJASTHAN,GEN,17.4,0,1,1,0,0,0,5360000000,1,0,13,2,14
KOTTAYAM,kottayam,1,KERALA,GEN,14.5,0,0,0,0,0,0,21410000000,1,1,29,8,16
KOZHIKODE,"krishnagiri, krisnagiri ",86,KERALA,GEN,1.8,0,0,1,0,0,0,340000000,1,0,0,0,16
KRISHNAGIRI,,,TAMIL NADU,GEN,19.3,0,0,1,0,0,0,1060000000,1,0,59,3,13
KRISHNANAGAR,,,WEST BENGAL,GEN,5.7,0,0,1,0,1,0,1670000000,0,0,2,0,11
KURNOOL,kurnool,3,ANDHRA PRADESH,GEN,4.1,0,0,0,0,0,0,4190000000,1,1,37,3,15
KURUKSHETRA,,,HARYANA,GEN,11.4,0,1,1,0,0,0,830000000,1,0,2,0,17
KUSHI NAGAR,"kushinagar, KUSHI NAGAR ",1,UTTAR PRADESH,GEN,9,0,1,0,0,0,0,0,1,0,3,0,10
LADAKH,alchi (leh dist),15,JAMMU AND KASHMIR,GEN,0,0,1,0,0,0,0,230000000,1,0,0,0,16
LAKHIMPUR,"lakhimpur, lakhimpur kheri ",172,ASSAM,GEN,26.3,1,1,0,0,0,0,16940000000,1,0,16,3,13
LAKSHADWEEP,,,LAKSHADWEEP,ST,3.6,0,0,0,0,0,0,0,1,1,0,0,16
LALGANJ,,,UTTAR PRADESH,SC,7,0,1,0,0,0,0,0,1,0,0,0,11
LATUR,latur,1,MAHARASHTRA,SC,24,0,1,1,0,1,0,3040000000,0,0,9,0,14
LOHARDAGA,lohardaga,1,JHARKHAND,ST,1,1,1,1,0,1,1,830000000,0,0,48,0,7
LUCKNOW,lucknow,1,UTTAR PRADESH,GEN,26.4,1,1,0,0,0,1,3480000000,1,0,39,3,16
LUDHIANA,ludhiana,39,PUNJAB,GEN,1.8,0,0,0,0,0,0,7260000000,1,1,60,8,18
MACHHLISHAHR,,,UTTAR PRADESH,SC,17.3,0,1,0,0,0,0,4500000000,1,0,19,2,13
MACHILIPATNAM,,,ANDHRA PRADESH,GEN,7.1,0,1,0,1,0,0,6760000000,1,0,27,1,17
MADHA,,,MAHARASHTRA,GEN,2.3,0,0,0,0,0,0,2710000000,1,1,94,4,16
MADHEPURA,,,BIHAR,GEN,5.4,0,0,0,0,0,0,0,1,1,0,0,8
MADHUBANI,madhubani,60,BIHAR,GEN,2.4,0,1,1,0,0,0,0,1,0,1,0,8
MADURAI,madurai,1,TAMIL NADU,GEN,20.2,0,0,1,0,0,0,2580000000,1,0,19,2,18
MAHABUBABAD,mahabubnagar,20,TELANGANA,ST,3.1,0,0,1,0,1,0,1180000000,0,0,20,3,14
MAHARAJGANJ,,,BIHAR,GEN,4.5,0,1,1,0,0,0,270000000,1,0,0,0,10
MAHARAJGANJ,,,UTTAR PRADESH,GEN,22.8,0,1,0,0,0,0,0,1,0,0,0,10
MAHASAMUND,,,CHHATTISGARH,GEN,0.1,0,1,1,0,1,0,11010000000,0,0,36,0,11
MAHBUBNAGAR,,,TELANGANA,GEN,0.3,0,0,1,0,0,0,1730000000,1,0,18,1,14
MAHESANA,"mehsana, MAHESANA ",13,GUJARAT,GEN,20.8,0,1,1,0,0,0,3740000000,1,0,109,4,17
MAINPURI,,,UTTAR PRADESH,GEN,36.5,0,0,1,0,0,0,0,1,0,0,0,10
MALAPPURAM,,,KERALA,GEN,22.8,0,0,0,0,0,0,0,1,1,0,0,16
MALDAHA DAKSHIN,,,WEST BENGAL,GEN,15,0,0,0,0,1,0,470000000,0,1,1,0,10
MALDAHA UTTAR,,,WEST BENGAL,GEN,5.6,0,0,0,0,1,0,0,0,1,0,0,10
MALKAJGIRI,,,TELANGANA,GEN,1.8,0,1,0,0,0,0,34200000000,1,0,273,27,18
MANDI,mandi,6,HIMACHAL PRADESH,GEN,5.5,0,1,0,0,1,0,390000000,0,0,19,0,17
MANDLA,"mandal, MANDLA ",1,MADHYA PRADESH,ST,9.1,0,1,1,0,0,0,1050000000,1,0,9,0,9
MANDSOUR,"mandsaur, MANDSOUR ",1,MADHYA PRADESH,GEN,26.1,0,1,1,0,0,0,400000000,1,0,11,0,11
MANDYA,mandya,2,KARNATAKA,GEN,0.5,0,0,0,0,0,0,830000000,1,1,89,0,16
MANGALDOI,,,ASSAM,GEN,1.9,0,1,0,0,1,0,4340000000,0,0,87,0,13
MATHURA,mathura,7,UTTAR PRADESH,GEN,30.7,0,1,0,0,0,0,1040000000,1,0,7,1,12
MATHURAPUR,,,WEST BENGAL,SC,10.9,0,0,1,0,0,0,240000000,1,0,38,0,18
MAVAL,,,MAHARASHTRA,GEN,13.4,0,1,1,0,0,0,177470000000,1,0,1411,56,14
MAVELIKKARA,,,KERALA,SC,3.7,0,0,1,0,0,0,4900000000,1,0,15,2,15
MAYILADUTHURAI,,,TAMIL NADU,GEN,27,0,0,1,0,0,0,5840000000,1,0,9,1,16
MAYURBHANJ,mayurbhanj,1,ODISHA,ST,11.7,0,0,1,0,0,0,410000000,1,0,3,0,7
MEDAK,medak,3,TELANGANA,GEN,33.3,0,0,1,0,0,0,3500000000,1,0,110,3,15
MEDINIPUR,,,WEST BENGAL,GEN,14.7,0,0,1,0,0,0,0,1,0,29,0,14
MEERUT,meerut,114,UTTAR PRADESH,GEN,20.9,0,1,0,0,0,0,1380000000,1,0,146,3,17
MIRZAPUR,,,UTTAR PRADESH,GEN,21.7,0,1,0,0,0,0,0,1,0,0,0,11
MISRIKH,,,UTTAR PRADESH,SC,8.8,0,1,0,0,0,0,4510000000,1,0,33,3,11
MIZORAM,,,MIZORAM,ST,1.4,0,0,1,0,1,0,830000000,0,0,0,0,15
MOHANLALGANJ,,,UTTAR PRADESH,SC,13,0,1,0,0,0,0,4110000000,1,0,51,3,11
MORADABAD,moradabad,1,UTTAR PRADESH,GEN,7.8,0,1,0,0,0,0,1250000000,1,0,20,1,11
MORENA,morena,1,MADHYA PRADESH,GEN,15.6,0,1,1,0,0,0,440000000,1,0,8,0,8
MUMBAI NORTH,"mumbai, MUMBAI NORTH ",30,MAHARASHTRA,GEN,47.2,0,1,1,0,0,0,330000000,1,0,166,40,18
MUMBAI NORTH CENTRAL,"mumbai city, MUMBAI NORTH CENTRAL ",31,MAHARASHTRA,GEN,22.1,0,1,1,0,0,0,330000000,1,0,166,40,18
MUMBAI NORTH EAST,"mumbai suburban, MUMBAI NORTH EAST ",30,MAHARASHTRA,GEN,36.8,0,1,1,0,0,0,330000000,1,0,166,40,18
MUMBAI NORTH WEST,"mumbai, MUMBAI NORTH WEST ",30,MAHARASHTRA,GEN,20.4,0,1,1,0,0,0,330000000,1,0,166,40,18
MUMBAI SOUTH,"mumbai, MUMBAI SOUTH ",30,MAHARASHTRA,GEN,16.4,0,1,1,1,0,1,34560000000,1,0,176,49,18
MUMBAI SOUTH CENTRAL,"mumbai, MUMBAI SOUTH CENTRAL ",30,MAHARASHTRA,GEN,18,0,1,1,1,0,1,34560000000,1,0,176,49,18
MUNGER,munger,4,BIHAR,GEN,11.9,0,1,0,1,0,1,2430000000,1,0,36,2,11
MURSHIDABAD,murshidabad,1,WEST BENGAL,GEN,1.4,0,0,0,0,1,0,2140000000,0,1,3,0,10
MUZAFFARNAGAR,muzaffarnagar,1,UTTAR PRADESH,GEN,36.2,1,1,0,0,0,1,540000000,1,0,25,0,15
MUZAFFARPUR,muzaffarpur,12,BIHAR,GEN,23.4,0,1,1,0,1,0,2460000000,0,0,3,0,8
MYSORE,mysore,3,KARNATAKA,GEN,2.7,0,1,0,0,0,0,820000000,1,0,87,0,17
NABARANGPUR,nabarangpur,86,ODISHA,ST,0.2,0,0,1,0,1,0,4880000000,0,0,2,0,8
NAGALAND,,,NAGALAND,ST,38.5,0,1,1,0,1,0,360000000,0,0,1,1,13
NAGAPATTINAM,nagapattinam,1,TAMIL NADU,SC,11.3,0,0,1,0,0,0,1850000000,1,0,4,0,15
NAGARKURNOOL,,,TELANGANA,SC,1.5,0,0,0,0,0,0,1730000000,1,1,18,1,14
NAGAUR,,,RAJASTHAN,GEN,7.5,0,1,1,0,0,0,4010000000,1,0,0,0,11
NAGINA,,,UTTAR PRADESH,SC,9.8,0,1,0,0,0,0,150000000,1,0,7,0,11
NAGPUR,"nagpur, nagapur ",8,MAHARASHTRA,GEN,26.3,1,1,1,0,0,1,8260000000,1,0,459,8,18
NAINITAL-UDHAMSINGH NAGAR,nainital,2,UTTARAKHAND,GEN,25.8,0,1,0,0,1,0,170000000,0,0,208,1,15
NALANDA,,,BIHAR,GEN,1,0,1,1,0,0,0,280000000,1,0,0,0,8
NALGONDA,nalgonda,3,TELANGANA,GEN,16.2,0,0,0,0,0,0,1860000000,1,1,41,7,14
NAMAKKAL,namakkal,41,TAMIL NADU,GEN,27.8,0,0,1,0,0,0,1760000000,1,0,33,1,18
NANDED,nanded,2,MAHARASHTRA,GEN,8,0,0,0,0,1,0,1040000000,0,1,8,0,15
NANDURBAR,,,MAHARASHTRA,ST,9.6,0,1,1,0,1,0,4250000000,0,0,16,0,11
NANDYAL,,,ANDHRA PRADESH,GEN,8.8,0,0,0,0,0,0,4190000000,1,1,37,3,15
NARASARAOPET,,,ANDHRA PRADESH,GEN,2.8,0,1,1,0,0,0,5850000000,1,0,22,3,16
NARSAPURAM,,,ANDHRA PRADESH,GEN,7.8,0,1,0,1,0,0,4270000000,1,0,21,1,15
NASHIK,nashik,8,MAHARASHTRA,GEN,20,0,1,1,0,0,0,11470000000,1,0,205,8,18
NAVSARI,navsari,61,GUJARAT,GEN,48.1,0,1,1,0,0,0,22120000000,1,0,339,6,18
NAWADA,,,BIHAR,GEN,15.8,1,1,1,0,1,0,0,0,0,0,0,8
NELLORE,nellore,1,ANDHRA PRADESH,GEN,1.1,0,0,0,0,0,0,230000000,1,1,35,0,14
NEW DELHI,new delhi,31,DELHI,GEN,16.8,0,1,0,0,0,0,15720000000,1,0,81,5,18
NILGIRIS,nilgiris,3,TAMIL NADU,SC,11.2,0,0,1,0,0,0,17760000000,1,0,184,14,18
NIZAMABAD,nizamabad,1,TELANGANA,GEN,16.2,0,0,1,0,0,0,13190000000,1,0,31,2,14
NORTH EAST DELHI,north delhi,38,DELHI,GEN,10.9,0,1,0,0,0,0,2800000000,1,0,1,0,18
NORTH GOA,north goa,1,GOA,GEN,26,1,1,1,0,0,1,710000000,1,0,80,1,18
NORTH WEST DELHI,north west delhi,80,DELHI,SC,7.9,0,1,0,0,0,0,49790000000,1,0,4,0,18
NOWGONG,,,ASSAM,GEN,11.7,0,1,0,0,0,0,0,1,0,1,0,9
ONGOLE,,,ANDHRA PRADESH,GEN,1.3,0,0,0,0,0,0,230000000,1,1,27,0,14
OSMANABAD,osmanabad,18,MAHARASHTRA,GEN,21,0,1,1,0,0,0,3940000000,1,0,37,2,13
OUTER MANIPUR,padra,2,MANIPUR,ST,2,0,0,1,0,1,0,960000000,0,0,0,0,12
PALAKKAD,palakkad,1,KERALA,GEN,11.6,0,0,0,0,0,0,1400000000,1,1,15,0,16
PALAMAU,palamu,1,JHARKHAND,SC,27,0,1,1,0,1,0,0,0,0,1,0,7
PALGHAR,palghar,1,MAHARASHTRA,ST,24.1,0,1,1,0,0,0,20330000000,1,0,383,16,17
PALI,pali,48,RAJASTHAN,GEN,36.4,0,1,1,0,0,0,31920000000,1,0,13,0,11
PANCHMAHAL,panchmahal,33,GUJARAT,GEN,18.3,0,1,1,1,0,1,710000000,1,0,54,2,12
PARBHANI,parbhani,1,MAHARASHTRA,GEN,10.9,0,1,1,0,0,0,40440000000,1,0,28,0,12
PASCHIM CHAMPARAN,,,BIHAR,GEN,12.9,0,1,1,0,0,0,0,1,0,0,0,8
PATALIPUTRA,,,BIHAR,GEN,4.1,1,1,1,1,0,1,2380000000,1,0,35,2,14
PATAN,patan,3,GUJARAT,GEN,14.5,0,1,1,0,0,0,8390000000,1,0,106,3,16
PATHANAMTHITTA,pathanamthitta,5,KERALA,GEN,6.5,0,0,1,0,0,0,1820000000,1,0,10,2,16
PATIALA,patiala,1,PUNJAB,GEN,1.9,0,0,0,0,0,0,3290000000,1,1,30,2,17
PATNA SAHIB,"patna, PATNA SAHIB ",6,BIHAR,GEN,30.1,0,1,1,1,0,1,2380000000,1,0,35,2,14
PEDDAPALLE,,,TELANGANA,SC,28.5,0,0,1,0,1,0,13330000000,0,0,31,2,13
PERAMBALUR,perambalur,2,TAMIL NADU,GEN,20.7,0,0,1,0,0,0,3650000000,1,0,17,2,17
PHULPUR,,,UTTAR PRADESH,GEN,32.1,0,1,0,0,0,0,630000000,1,0,0,0,12
PILIBHIT,,,UTTAR PRADESH,GEN,29.2,1,1,0,0,0,0,660000000,1,0,16,0,10
POLLACHI,,,TAMIL NADU,GEN,13.9,0,0,1,0,0,0,16560000000,1,0,135,13,18
PONDICHERRY,"pondicherry, puducherry ",28,PUDUCHERRY,GEN,8.2,1,1,1,0,0,1,250000000,1,0,89,1,18
PONNANI,,,KERALA,GEN,2.9,0,0,0,0,0,0,1400000000,1,1,15,0,16
PORBANDAR,porbandar,1,GUJARAT,GEN,33.1,0,1,1,0,0,0,7260000000,1,0,31,2,17
PRATAPGARH,,,UTTAR PRADESH,GEN,18.8,0,1,0,0,0,0,70000000,1,0,0,0,10
PUNE,pune,783,MAHARASHTRA,GEN,31.8,0,1,1,0,0,0,176290000000,1,0,779,49,18
PURI,,,ODISHA,GEN,25.3,0,0,1,0,0,0,1700000000,1,0,37,0,14
PURNIA,,,BIHAR,GEN,11.5,0,1,1,0,1,0,0,0,0,0,0,8
PURULIA,purulia,25,WEST BENGAL,GEN,12.8,0,0,1,0,0,0,3730000000,1,0,7,0,9
PURVI CHAMPARAN,,,BIHAR,GEN,23.4,1,1,1,0,0,0,0,1,0,0,0,9
RAE BARELI,rae bareli,7,UTTAR PRADESH,GEN,42.7,0,0,0,0,0,0,3320000000,1,1,12,1,9
RAICHUR,raichur,2,KARNATAKA,ST,0.2,0,0,1,0,1,0,3280000000,0,0,29,0,14
RAIGAD,raigad,6,MAHARASHTRA,GEN,0.2,1,1,1,0,0,1,3550000000,1,0,661,9,12
RAIGANJ,,,WEST BENGAL,GEN,0.1,0,0,0,0,0,0,0,1,1,0,0,10
RAIGARH,raigarh,632,CHHATTISGARH,ST,17.4,1,1,1,0,0,0,170000000,1,0,33,1,13
RAIPUR,raipur,33,CHHATTISGARH,GEN,13.7,0,1,1,0,0,0,10860000000,1,0,37,0,12
RAJAHMUNDRY,,,ANDHRA PRADESH,GEN,14.5,0,1,1,1,0,0,6620000000,1,0,378,4,15
RAJAMPET,,,ANDHRA PRADESH,GEN,15.1,0,0,0,0,1,0,7740000000,0,1,57,4,11
RAJGARH,rajgarh,1,MADHYA PRADESH,GEN,22.6,0,1,1,0,1,0,340000000,0,0,12,0,10
RAJKOT,rajkot,2,GUJARAT,GEN,23.3,1,1,1,0,1,1,8570000000,0,0,20,0,16
RAJMAHAL,,,JHARKHAND,ST,4.3,0,0,0,0,1,0,0,0,1,0,0,10
RAJNANDGAON,rajnandgaon,20,CHHATTISGARH,GEN,20,0,1,1,0,1,0,1510000000,0,0,7,0,10
RAJSAMAND,rajsamand,7,RAJASTHAN,GEN,40.3,0,1,1,0,0,0,35510000000,1,0,19,2,13
RAMANATHAPURAM,ramanathapuram,2,TAMIL NADU,GEN,11.9,0,0,1,0,1,0,2280000000,0,0,20,2,16
RAMPUR,rampur,8,UTTAR PRADESH,GEN,2.5,0,1,0,0,0,0,1210000000,1,0,9,1,10
RAMTEK,,,MAHARASHTRA,SC,16.7,0,1,1,0,0,0,8260000000,1,0,459,8,18
RANAGHAT,,,WEST BENGAL,SC,14.9,0,0,1,0,1,0,1670000000,0,0,2,0,11
RANCHI,ranchi,9,JHARKHAND,GEN,19,0,1,1,0,1,0,830000000,0,0,65,0,11
RATLAM,ratlam,2,MADHYA PRADESH,ST,10,0,1,1,0,0,0,0,1,0,8,0,10
RATNAGIRI SINDHUDURG,ratnagiri,8,MAHARASHTRA,GEN,16.7,0,1,1,0,0,0,2370000000,1,0,32,2,14
RAVER,,,MAHARASHTRA,GEN,31.5,0,1,1,0,1,0,400000000,0,0,37,0,14
REWA,rewa,2,MADHYA PRADESH,GEN,20.3,0,1,1,0,0,0,200000000,1,0,3,1,12
ROBERTSGANJ,,,UTTAR PRADESH,SC,21.5,0,1,0,0,1,0,980000000,0,0,14,1,10
ROHTAK,rohtak,6,HARYANA,GEN,16.3,0,0,0,1,0,0,7970000000,1,1,72,4,18
SABARKANTHA,sabarkatha,92,GUJARAT,GEN,7.7,0,1,1,0,0,0,210000000,1,0,3,0,13
SAGAR,,,MADHYA PRADESH,GEN,13.5,0,1,1,0,1,0,680000000,0,0,0,0,11
SAHARANPUR,saharanpur,3,UTTAR PRADESH,GEN,5.5,0,1,0,0,0,0,230000000,1,0,20,0,14
SALEM,salem,1,TAMIL NADU,GEN,23.3,0,0,1,0,0,0,1660000000,1,0,31,1,18
SALEMPUR,,,UTTAR PRADESH,GEN,27.2,0,1,0,0,0,0,330000000,1,0,1,0,12
SAMASTIPUR,samastipur,33,BIHAR,SC,0.8,0,1,0,0,0,0,0,1,0,1,0,8
SAMBALPUR,sambalpur,8,ODISHA,GEN,3.1,0,0,1,0,0,0,42040000000,1,0,31,1,11
SAMBHAL,sambhal,3,UTTAR PRADESH,GEN,0.5,0,1,0,0,0,0,1150000000,1,0,17,2,11
SANGLI,,,MAHARASHTRA,GEN,22.9,0,1,1,0,0,0,1310000000,1,0,10,0,16
SANGRUR,"sangrur, ahmedgarh (sangrur dist) ",16,PUNJAB,GEN,19.3,0,0,0,0,0,0,1300000000,1,1,195,2,15
SANT KABIR NAGAR,sant kabir nagar,1,UTTAR PRADESH,GEN,9.7,0,1,0,0,0,0,3240000000,1,0,13,0,11
SARAN,,,BIHAR,GEN,4.7,1,1,1,0,0,0,270000000,1,0,0,0,9
SASARAM,,,BIHAR,SC,7.5,0,1,1,0,0,0,0,1,0,2,0,9
SATARA,satara,1,MAHARASHTRA,GEN,37.5,0,0,0,0,0,0,1750000000,1,1,60,2,17
SATNA,satna,1,MADHYA PRADESH,GEN,1,0,1,1,0,0,0,560000000,1,0,10,0,12
SECUNDERABAD,"secunderabad, sikandrabad ",2,TELANGANA,GEN,25.4,1,1,0,0,0,1,30460000000,1,0,159,26,18
SHAHDOL,shahdol,14,MADHYA PRADESH,ST,24.9,0,1,1,0,0,0,570000000,1,0,277,2,11
SHAHJAHANPUR,shahjahanpur,270,UTTAR PRADESH,SC,20.8,0,1,0,0,0,0,3310000000,1,0,5,0,8
SHEOHAR,sehore,1,BIHAR,GEN,16.2,0,1,1,0,1,0,200000000,0,0,2,0,9
SHILLONG,,,MEGHALAYA,ST,6.5,0,0,1,0,1,0,1560000000,0,0,3,0,10
SHIMLA,shimla,1,HIMACHAL PRADESH,SC,11.4,0,1,0,0,0,0,2580000000,1,0,186,1,18
SHIMOGA,shimoga,11,KARNATAKA,GEN,32.2,0,1,0,0,0,0,3100000000,1,0,14,1,17
SHIRDI,,,MAHARASHTRA,SC,21.4,0,1,1,0,0,0,340000000,1,0,21,0,14
SHIRUR,,,MAHARASHTRA,GEN,27.7,0,1,1,0,0,0,176290000000,1,0,779,49,18
SHRAWASTI,,,UTTAR PRADESH,GEN,8.8,0,1,0,0,1,0,60000000,0,0,4,0,7
SIDHI,sidhi,4,MADHYA PRADESH,GEN,10.9,0,1,1,0,1,0,50070000000,0,0,290,3,9
SIKAR,sikar,2,RAJASTHAN,GEN,22.4,0,1,1,0,0,0,910000000,1,0,2,1,16
SIKKIM,,,SIKKIM,GEN,13.5,0,0,1,0,1,0,310000000,0,0,16,0,17
SILCHAR,,,ASSAM,GEN,4.4,0,0,1,0,0,0,0,1,0,0,0,13
SINGHBHUM,,,JHARKHAND,ST,11,0,1,1,0,1,0,0,0,0,18,0,11
SIRSA,,,HARYANA,SC,9,0,0,0,0,0,0,410000000,1,1,0,0,15
SITAMARHI,sitamarhi,3,BIHAR,GEN,16.4,0,1,0,0,1,0,200000000,0,0,2,0,9
SITAPUR,sitapur,2,UTTAR PRADESH,GEN,5,0,1,0,0,0,0,630000000,1,0,12,0,7
SIVAGANGA,sivaganga,12,TAMIL NADU,GEN,22.3,0,0,1,0,0,0,300000000,1,0,17,0,15
SIWAN,,,BIHAR,GEN,12.9,0,1,1,0,0,0,0,1,0,0,0,15
SOLAPUR,solapur,152,MAHARASHTRA,SC,15.7,0,1,1,0,0,0,960000000,1,0,34,2,15
SONIPAT,sonipat,14,HARYANA,GEN,7.9,0,1,1,0,0,0,10360000000,1,0,15,0,16
SOUTH DELHI,south delhi,10,DELHI,GEN,9.7,0,1,0,0,0,0,5400000000,1,0,34,4,18
SOUTH GOA,south goa,20,GOA,GEN,7.9,0,1,1,0,0,0,1340000000,1,0,118,1,18
SREERAMPUR,,,WEST BENGAL,GEN,11.8,0,0,1,0,0,0,1330000000,1,0,107,3,18
SRIKAKULAM,srikakulam,3,ANDHRA PRADESH,GEN,12.1,0,1,1,0,0,0,5970000000,1,0,25,2,13
SRINAGAR,,,JAMMU AND KASHMIR,GEN,13.5,0,0,0,0,0,0,16420000000,1,1,0,0,16
SRIPERUMBUDUR,sriperumbudur,25,TAMIL NADU,GEN,8,0,0,1,0,0,0,800000000,1,0,264,1,18
SULTANPUR,sultanpur,3,UTTAR PRADESH,GEN,18.5,0,1,0,0,0,0,100000000,1,0,6,0,10
SUNDARGARH,sundargarh,1,ODISHA,ST,1.9,1,1,0,0,0,0,0,1,0,29,0,13
SUPAUL,supaul,29,BIHAR,GEN,6.1,0,0,0,0,0,0,0,1,1,1,0,8
SURAT,surat,1,GUJARAT,GEN,56.2,0,1,1,0,0,0,21930000000,1,0,338,6,18
SURENDRANAGAR,surendranagar,338,GUJARAT,GEN,21.5,0,1,1,0,0,0,2950000000,1,0,6,0,14
SURGUJA,,,CHHATTISGARH,ST,12.4,0,1,1,0,0,0,650000000,1,0,4,0,8
TAMLUK,,,WEST BENGAL,GEN,18.4,0,0,1,0,0,0,0,1,0,0,0,14
TEHRI GARHWAL,,,UTTARAKHAND,GEN,24.8,0,1,0,0,0,0,33850000000,1,0,106,1,16
TENKASI,,,TAMIL NADU,SC,15.9,0,0,1,0,1,0,6790000000,0,0,84,2,18
TEZPUR,,,ASSAM,GEN,8.8,0,1,0,0,0,0,12290000000,1,0,11,0,9
THANE,,,MAHARASHTRA,GEN,26.7,0,1,1,0,0,0,18690000000,1,0,335,14,17
THANJAVUR,thanjavur,325,TAMIL NADU,GEN,14.2,0,0,1,0,0,0,5490000000,1,0,5,1,16
THENI,theni,5,TAMIL NADU,GEN,29.2,0,0,1,0,0,0,2740000000,1,0,22,2,17
THIRUVANANTHAPURAM,thiruvananthapuram,3,KERALA,GEN,1.8,0,0,1,0,0,0,2640000000,1,0,5,2,16
THOOTHUKKUDI,thoothukudi,5,TAMIL NADU,GEN,13.5,0,0,1,0,0,0,2540000000,1,0,21,2,18
THRISSUR,thrissur,1,KERALA,GEN,4.2,0,0,0,0,0,0,5460000000,1,1,5,2,16
TIKAMGARH,,,MADHYA PRADESH,SC,27.2,0,1,1,0,1,0,0,0,0,1,0,10
TIRUCHIRAPPALLI,tiruchirappalli,14,TAMIL NADU,GEN,15.2,0,0,1,0,0,0,2740000000,1,0,18,0,15
TIRUNELVELI,tirunelveli,5,TAMIL NADU,GEN,13.1,0,0,1,0,0,0,5180000000,1,0,78,0,18
TIRUPATI,,,ANDHRA PRADESH,SC,3.1,0,0,0,0,0,0,7470000000,1,1,54,4,14
TIRUPPUR,tiruppur,78,TAMIL NADU,GEN,17.1,0,0,1,0,0,0,790000000,1,0,19,1,18
TIRUVALLUR,tiruvallur,37,TAMIL NADU,SC,25.8,0,0,1,0,0,0,60000000,1,0,134,1,18
TIRUVANNAMALAI,tiruvannamalai,136,TAMIL NADU,GEN,15.8,0,0,1,0,0,0,216390000000,1,0,32,1,16
TONK-SAWAI MADHOPUR,tonk,5,RAJASTHAN,GEN,13,0,1,1,0,0,0,130000000,1,0,9,0,12
TRIPURA EAST,,,TRIPURA,ST,50.9,0,0,1,0,1,0,1020000000,0,0,0,0,15
TRIPURA WEST,,,TRIPURA,GEN,46.9,0,0,1,0,0,0,800000000,1,0,0,0,15
TUMKUR,tumkur,1,KARNATAKA,GEN,6.7,0,0,1,0,0,0,2100000000,1,0,8,2,14
TURA,,,MEGHALAYA,ST,8.7,0,1,0,0,0,0,0,1,0,0,0,10
UDAIPUR,udaipur,8,RAJASTHAN,ST,19.8,0,1,1,0,0,0,3250000000,1,0,12,1,9
UDHAMPUR,udhampur,201,JAMMU AND KASHMIR,GEN,5.9,1,1,0,0,0,1,70000000,1,0,3,1,13
UDUPI CHIKMAGALUR,udupi,2,KARNATAKA,GEN,17.6,0,1,0,0,0,0,2550000000,1,0,13,1,17
UJIARPUR,,,BIHAR,GEN,7,0,1,1,0,0,0,0,1,0,7,0,8
UJJAIN,ujjain,10,MADHYA PRADESH,SC,30.5,0,1,1,1,0,0,990000000,1,0,18,1,13
ULUBERIA,,,WEST BENGAL,GEN,17,0,0,1,0,0,0,570000000,1,0,79,3,18
UNNAO,unnao,4,UTTAR PRADESH,GEN,25.8,0,1,0,0,0,0,180000000,1,0,6,0,7
UTTARA KANNADA,uttara kannada,1,KARNATAKA,GEN,14.1,0,1,0,0,0,0,640000000,1,0,37,1,15
VADAKARA,,,KERALA,GEN,0.3,0,0,1,0,0,0,560000000,1,0,1,0,16
VADODARA,vadodara,2,GUJARAT,GEN,49.1,0,1,1,0,0,0,9190000000,1,0,372,9,18
VAISHALI,vaishali,362,BIHAR,GEN,10.7,0,1,0,0,1,0,2460000000,0,0,9,0,8
VALMIKI NAGAR,,,BIHAR,GEN,13.1,0,1,1,0,0,0,0,1,0,0,0,8
VALSAD,valsad,6,GUJARAT,ST,18.5,0,1,1,0,0,0,6150000000,1,0,127,3,16
VARANASI,varanasi,2,UTTAR PRADESH,GEN,36.1,1,1,0,0,0,1,4350000000,1,0,11,2,15
VELLORE,"vellore, vellore dist ",28,TAMIL NADU,GEN,6.1,0,0,1,0,0,0,216040000000,1,0,27,1,18
VIDISHA,,,MADHYA PRADESH,GEN,38.3,1,1,1,0,1,1,8580000000,0,0,111,5,12
VIJAYAWADA,vijayawada,5,ANDHRA PRADESH,GEN,6.3,0,1,1,1,0,0,6760000000,1,0,27,1,17
VILUPPURAM,villupuram,4,TAMIL NADU,SC,18.1,0,0,1,0,0,0,0,1,0,14,0,14
VIRUDHUNAGAR,virudhunagar,1,TAMIL NADU,GEN,14.4,0,0,1,0,1,0,4190000000,0,0,25,4,18
VISAKHAPATNAM,"visakhapatnam, vishakhapatnam ",25,ANDHRA PRADESH,GEN,7.8,0,1,0,0,1,0,30420000000,0,0,136,6,14
VIZIANAGARAM,vizianagaram,94,ANDHRA PRADESH,GEN,9.5,1,1,1,0,1,1,5970000000,0,0,47,2,13
WARDHA,wardha,11,MAHARASHTRA,GEN,21.3,0,1,1,0,0,0,15050000000,1,0,7,0,16
WAYANAD,,,KERALA,GEN,2.3,0,0,1,0,1,0,950000000,0,0,0,0,16
WEST DELHI,west delhi,1,DELHI,GEN,19.9,0,1,0,0,0,0,49790000000,1,0,4,0,18
YAVATMAL-WASHIM,yavatmal,2,MAHARASHTRA,GEN,9.1,0,1,1,0,0,0,20000000,1,0,1,0,11
ZAHIRABAD,zaheerabad,14,TELANGANA,GEN,13.2,0,0,1,0,0,0,3510000000,1,0,112,3,14
