census_code,id,dist_name,id(ours),dist_name(ors),,,,ASSET_2019,BF_2019,CHH_2019,FC_2019,MSL_2019,MSW_2019,Aggregate_2019,ADI_Level,seperated from
532,3601,Adilabad,532,Adilabad,Adilabad,"[""Adilabad""]",3400000,3,1,3,1,3,2,13,2,
146,915,Agra,146,Agra,Agra,"[""Agra""]",73400000,3,1,3,2,3,2,14,2,
474,2407,Ahmedabad,474,Ahmadabad,Ahmedabad,"[""Ahmedabad""]",2863700000,3,3,3,3,3,3,18,3,
522,2726,Ahmednagar,522,Ahmadnagar,Ahmednagar,"[""Ahmednagar""]",51600000,3,1,3,3,3,1,14,2,
283,1503,Aizawl,283,Aizawl,Aizawl,"[""Aizawl""]",3800000,3,3,3,3,3,3,18,3,
119,821,Ajmer,119,Ajmer,Ajmer,"[""Ajmer""]",542000000,3,3,3,1,3,3,16,3,
501,2705,Akola,501,Akola,Akola,"[""Akola""]",32700000,3,1,3,1,3,3,14,2,
598,3211,Alappuzha,598,Alappuzha,Alappuzha,"[""Alappuzha""]",40400000,3,3,3,3,3,1,16,3,
143,912,Aligarh,143,Aligarh,Aligarh,"[""Aligarh""]",10700000,3,2,2,2,2,2,13,2,
175,944,Allahabad,175,Allahabad ,Allahabad,"[""Allahabad""]",210200000,3,1,2,2,2,2,12,2,
64,509,Almora,64,Almora,Almora,"[""Almora""]",6500000,3,2,3,1,3,3,15,3,
104,806,Alwar,104,Alwar,Alwar,"[""Alwar""]",416400000,3,1,2,2,3,2,13,2,
70,602,Ambala,70,Ambala,Ambala,"[""Ambala""]",6800000,3,3,3,3,3,3,18,3,
178,947,Ambedkar Nagar,178,Ambedkar Nagar,Ambedkar Nagar,"[""Ambedkar Nagar""]",17700000,3,1,2,2,1,2,11,2,
503,2707,Amravati,503,Amravati,Amravati,"[""Amravati""]",42200000,3,2,3,3,3,3,17,3,
480,2413,Amreli,480,Amreli,Amreli,"[""Amreli""]",8400000,3,2,3,2,3,3,16,3,
49,315,Amritsar,49,Amritsar,Amritsar,"[""Amritsar""]",33300000,3,3,2,3,3,3,17,3,Tarn Taran
,,,,,Tarn Taran,"[""Tarn Taran""]",200000,,,,,,,,,
137,906,Amroha,137,amroha/jyotibha phule nagar,Amroha,"[""Amroha"",""J.P. Nagar""]",10300000,3,1,1,2,2,2,11,2,
482,2415,Anand,482,Anand,Anand,"[""Anand""]",100900000,3,2,3,1,3,3,15,3,
553,3712,Anantapuram,553,Anantapur,Anantapuram,"[""Anantapur"",""Anantapuram""]",184300000,3,1,3,1,3,3,14,2,
14,114,Anantnag,14,Anantnag,Anantnag,"[""Anantnag""]",8900000,3,1,2,1,3,3,13,2,"Kulgam, Shupiyan"
639,3502,North and Middle Andaman,639,Andaman,,,,3,3,3,3,3,3,18,3,"South Andaman, North  & Middle Andaman"
384,2115,Angul,384,Anugul,Angul,"[""Angul""]",295400000,2,1,1,1,2,1,8,1,
209,1007,Araria,209,Araria,,,,1,1,1,2,1,2,8,1,
616,3315,Ariyalur,616,Ariyalur  ,Ariyalur,"[""Ariyalur""]",0,3,1,2,1,3,3,13,2,
241,1038,Arwal,240,Arwal,,,,3,3,3,1,3,3,16,3,
162,931,Auraiya,162,Auraiya,Auraiya,"[""Auraiya""]",25600000,3,1,1,1,2,2,10,1,
235,1033,Aurangabad,235,Aurangabad,Aurangabad,"[""Aurangabad""]",1335900000,1,1,1,2,1,2,8,1,
515,2719,Aurangabad,515,Aurangabad,,,,3,3,3,3,3,3,18,3,
191,960,Azamgarh,191,Azamgarh,Azamgarh,"[""Azamgarh""]",500000,3,1,2,2,1,2,11,2,
149,918,Badaun,149,Badaun,,,,1,1,1,2,1,2,8,1,
556,2902,Bagalkot,556,Bagalkot ,Bagalkot,"[""Bagalkot""]",9800000,3,1,3,1,3,3,14,2,
63,508,Bageshwar,63,Bageshwar,,,,3,2,2,1,3,3,14,2,
139,908,Bagpat,139,Baghpat,Bagpat,"[""Baghpat"",""Bagpat""]",7800000,3,2,3,2,3,2,15,3,
180,949,Bahraich,180,Bahraich,Bahraich,"[""Bahraich""]",200000,1,1,1,1,1,2,7,1,
457,2340,Balaghat,457,Balaghat,Balaghat,"[""Balaghat""]",3500000,1,1,2,1,2,2,9,1,
393,2124,Balangir,393,Balangir,,,,2,1,1,1,2,2,9,1,
377,2108,Balasore,377,Baleshwar,Balasore,"[""Balasore""]",20600000,2,2,2,2,3,2,13,2,
193,962,Ballia,193,Ballia,Ballia,"[""Ballia""]",3300000,3,2,2,2,2,2,13,2,
182,951,Balrampur,182,Balrampur,Balrampur,"[""Balrampur""]",5700000,1,1,1,1,1,2,7,1,
469,2402,Banaskantha,469,Banas Kantha,Banaskantha,"[""Banaskantha"",""Palanpur""]",15400000,3,1,3,1,3,3,14,2,
170,939,Banda,170,Banda,,,,1,1,2,1,1,2,8,1,
572,2918,Bangalore Urban,572,Bangalore,Bangalore Urban,"[""Bengaluru Urban"",""Bangalore Urban"",""Banglore Urban""]",887000000,3,3,3,3,3,3,18,3,
583,2929,Bangalore Rural,583,Bangalore Rural,Bangalore Rural,"[""Bengaluru Rural"",""Bangalore Rural"",""Banglore Rural""]",2402200000,3,3,3,1,3,3,16,3,Ramanagara
,,,,,Ramanagara,"[""Ramanagara""]",17100000,,,,,,,,,
225,1023,Banka,225,Banka,Banka,"[""Banka""]",1400000,1,1,1,2,1,2,8,1,
339,1913,Bankura,339,Bankura ,Bankura,"[""Bankura""]",14700000,2,1,1,2,2,2,10,1,
125,827,Banswara,125,Banswara ,Banswara,"[""Banswara""]",35700000,1,1,1,1,1,2,7,1,
176,945,Barabanki,176,Bara Banki,Barabanki,"[""Barabanki""]",93200000,2,1,1,1,1,2,8,1,
8,108,Baramulla,8,Baramula,Baramulla,"[""Baramulla""]",8900000,3,1,2,1,3,3,13,2,Bandipore
128,830,Baran,128,Baran ,Baran,"[""Baran""]",50200000,3,1,2,1,2,2,11,2,
335,1909,Bardhaman,335,Barddhaman ,,,,3,3,2,3,3,3,17,3,
150,919,Bareilly,150,Bareilly,Bareilly,"[""Bareilly""]",3700000,3,1,1,2,2,2,11,2,
370,2101,Bargarh,370,Bargarh,Bargarh,"[""Bargarh""]",700000,1,1,1,1,2,2,8,1,
115,817,Barmer,115,Barmer ,Barmer,"[""Barmer""]",302800000,3,1,1,1,2,1,9,1,
303,1804,Barpeta,303,Barpeta,Barpeta,"[""Barpeta""]",56300000,2,1,1,2,2,2,10,1,
441,2324,Barwani,441,Barwani ,Barwani,"[""Barwani""]",3200000,1,1,1,1,3,2,9,1,
414,2215,Bastar,414,Bastar,Bastar,"[""Bastar""]",64200000,1,1,2,1,2,2,9,1,Narayanpur
185,954,Basti,185,Basti,Basti,"[""Basti""]",13000000,3,1,2,1,1,2,10,1,
46,312,Bathinda,46,Bathinda,Bathinda,"[""Bathinda""]",12000000,3,2,2,3,3,3,16,3,
222,1020,Begusarai,222,Begusarai,Begusarai,"[""Begusarai""]",51100000,1,1,1,2,1,2,8,1,
555,2901,Belagavi,555,Belgaum,Belagavi,"[""Belagavi"",""Belgaum""]",3000000,3,2,3,1,3,3,15,3,
565,2911,Bellary,565,Bellary,Bellary,"[""Ballari"",""Bellary""]",99700000,3,1,3,1,3,3,14,2,
447,2330,Betul,447,Betul,Betul,"[""Betul""]",38600000,1,1,2,1,3,2,10,1,
378,2109,Bhadrak,378,Bhadrak,Bhadrak,"[""Bhadrak""]",11900000,1,1,1,2,3,2,10,1,
224,1022,Bhagalpur,224,Bhagalpur,Bhagalpur,"[""Bhagalpur""]",2100000,1,1,1,2,1,2,8,1,
506,2710,Bhandara,506,Bhandara,Bhandara,"[""Bhandara""]",15300000,3,2,3,1,3,1,13,2,
105,807,Bharatpur,105,Bharatpur ,Bharatpur,"[""Bharatpur""]",19700000,3,1,3,2,2,2,13,2,
488,2421,Bharuch,488,Bharuch,Bharuch,"[""Bharuch""]",298800000,3,3,3,3,3,3,18,3,
481,2414,Bhavnagar,481,Bhavnagar,Bhavnagar,"[""Bhavnagar""]",68400000,3,2,3,3,3,3,17,3,Botad
,,,,,Botad,"[""Botad""]",200000,,,,,,,,,
122,824,Bhilwara,122,Bhilwara,Bhilwara,"[""Bhilwara""]",154600000,2,1,2,1,3,2,11,2,
420,2303,Bhind,420,Bhind,Bhind,"[""Bhind""]",99200000,2,1,2,2,1,2,10,1,
81,613,Bhiwani,81,Bhiwani,Bhiwani,"[""Bhiwani""]",28600000,3,2,3,2,3,3,16,3,
231,1029,Bhojpur,231,Bhojpur,,,,1,2,1,2,1,2,9,1,
444,2327,Bhopal,444,Bhopal,Bhopal,"[""Bhopal""]",177700000,3,3,3,3,3,3,18,3,
523,2727,Beed,523,Bid,Beed,"[""Beed""]",21400000,2,1,3,1,3,3,13,2,
558,2904,Bidar,558,Bidar,Bidar,"[""Bidar""]",9000000,3,2,2,1,3,3,14,2,
557,2218,Bijapur,557,Bijapur,Bijapur,"[""Vijayapura"",""Bijapur""]",54700000,3,1,2,1,3,3,13,2,
134,903,Bijnor,134,Bijnor,Bijnor,"[""Bijnor""]",5600000,2,2,2,1,2,2,11,2,
101,803,Bikaner,101,Bikaner,Bikaner,"[""Bikaner""]",53500000,3,3,2,1,2,3,14,2,
30,208,Bilaspur,30,Bilaspur,Bilaspur,"[""Bilaspur""]",121500000,3,3,3,3,3,3,18,3,
406,2207,Bilaspur,406,Bilaspur,,,,2,1,1,1,3,2,10,1,
334,1908,Birbhum,334,Birbhum,Birbhum,"[""Birbhum""]",6700000,2,1,2,2,2,2,11,2,
275,1404,Bishnupur,275,Bishnupur,Bishnupur,"[""Bishnupur""]",9200000,3,2,3,3,3,1,15,3,
355,2010,Bokaro,355,Bokaro,Bokaro,"[""Bokaro""]",13100000,3,1,2,2,2,1,11,2,
319,1820,Bongaigaon,319,Bongaigaon,Bongaigaon,"[""Bongaigaon""]",212800000,2,1,1,1,2,2,9,1,Chirang
,,,,,Chirang,"[""Chirang""]",400000,,,,,,,,,
391,2122,Boudh,391,Boudh,,,,1,1,1,1,1,2,7,1,
2,102,Budgam,2,Budgam,,,,3,1,2,1,3,3,13,2,
142,911,Bulandshahar,142,Bulandshahr ,Bulandshahar,"[""Bulandshahr"",""Bulandshahar""]",39600000,3,3,1,2,2,2,13,2,
500,2704,Buldhana,500,Buldana,Buldhana,"[""Buldhana""]",10200000,2,1,2,1,3,3,12,2,
121,823,Bundi,121,Bundi ,Bundi,"[""Bundi""]",1300000,2,1,2,1,3,2,11,2,
232,1030,Buxar,232,Buxar,Buxar,"[""Buxar""]",2500000,2,2,1,2,2,2,11,2,
316,1817,Cachar,316,Cachar,Cachar,"[""Cachar""]",2500000,3,3,1,3,2,1,13,2,
95,706,Central Delhi,95,Central,Central Delhi,"[""Central Delhi""]",120200000,3,3,3,3,3,3,18,3,
578,2924,Chamarajanagar,578,Chamarajanagar,Chamarajanagar,"[""Chamarajanagar""]",3700000,3,1,2,1,3,3,13,2,
23,201,Chamba,23,Chamba,Chamba,"[""Chamba""]",5600000,3,2,3,1,3,3,15,3,
57,502,Chamoli,57,Chamoli,Chamoli,"[""Chamoli""]",104000000,3,2,3,1,3,3,15,3,
65,510,Champawat,65,Champawat,,,,3,3,3,1,3,3,16,3,
284,1504,Champhai,284,Champhai,,,,3,2,2,1,3,3,14,2,
196,965,Chandauli,196,Chandauli,,,,3,1,2,2,1,2,11,2,
280,1409,Chandel,280,Chandel,,,,3,2,1,1,2,1,10,1,
55,401,Chandigarh,55,Chandigarh,Chandigarh,"[""Chandigarh""]",142900000,3,3,3,3,3,3,18,3,
509,2713,Chandrapur,509,Chandrapur,Chandrapur,"[""Chandrapur""]",40000000,3,3,3,1,3,2,15,3,
253,1209,Changlang,253,Changlang,Changlang,"[""Changlang""]",1300000,3,2,2,1,3,3,14,2,
347,2002,Chatra,347,Chatra,,,,1,1,1,1,1,2,7,1,
603,3302,Chennai,603,Chennai,Chennai,"[""Chennai""]",3279800000,3,3,3,3,3,3,18,3,
425,2308,Chhatarpur,425,Chhatarpur,Chhatarpur,"[""Chhatarpur""]",15100000,2,1,2,1,3,2,11,2,
455,2338,Chhindwara,455,Chhindwara,Chhindwara,"[""Chhindwara""]",9000000,2,1,3,1,3,1,11,2,
570,2916,Chikkamagaluru,570,Chikmagalur,Chikkamagaluru,"[""Chikkamagaluru"",""Chikmagalur""]",4500000,3,3,3,3,3,3,18,3,
566,2912,Chitradurga,566,Chitradurga,Chitradurga,"[""Chitradurga""]",83900000,3,1,3,1,3,3,14,2,
171,940,Chitrakoot,171,Chitrakoot,,,,1,1,2,1,1,2,8,1,
126,828,Chittaurgarh,126,Chittaurgarh ,Chittaurgarh,"[""Chittorgarh"",""Chittaurgarh""]",97400000,3,1,2,1,3,2,12,2,Pratapgarh 
554,3713,Chittoor,554,Chittoor,Chittoor,"[""Chittoor""]",143300000,3,1,3,1,3,3,14,2,
274,1403,Churachandpur,274,Churachandpur,,,,2,2,2,1,3,1,11,2,
102,804,Churu,102,Churu ,Churu,"[""Churu""]",14700000,3,3,2,1,3,3,15,3,
632,3331,Coimbatore,632,Coimbatore,Coimbatore,"[""Coimbatore""]",596200000,3,3,3,3,3,3,18,3,Tiruppur
,,,,,Tiruppur,"[""Tiruppur""]",1600000,,,,,,,,,
617,3316,Cuddalore,617,Cuddalore,Cuddalore,"[""Cuddalore""]",67600000,3,2,3,1,3,3,15,3,
381,2112,Cuttack,381,Cuttack,Cuttack,"[""Cuttack""]",139500000,3,1,1,3,3,3,14,2,
496,2601,Dadra and Nagar Haveli,496,Dadra & Nagar Haveli,,,,3,3,3,3,3,2,17,3,
485,2418,Dahod,485,Dahod,Dahod,"[""Dahod""]",72300000,1,1,1,1,3,2,9,1,
416,2217,Dantewada,416,Dakshin Bastar Dantewada,,,,1,1,2,1,1,2,8,1,Bijapur
331,1905,Dakshin Dinajpur,331,Dakshin Dinajpur,,,,2,2,1,2,2,2,11,2,
575,2921,Dakshina Kannada,575,Dakshina Kannada,Dakshina Kannada,"[""Dakshina Kannada""]",11400000,3,3,3,3,3,1,16,3,
495,2502,Daman,495,Daman,Daman,"[""Daman""]",10300000,3,3,3,3,3,3,18,3,
428,2311,Damoh,428,Damoh,Damoh,"[""Damoh""]",3200000,2,1,3,1,2,2,11,2,
215,1013,Darbhanga,215,Darbhanga,Darbhanga,"[""Darbhanga""]",2600000,1,1,1,2,1,2,8,1,
327,1901,Darjeeling,327,Darjiling ,Darjeeling,"[""Darjeeling""]",32900000,3,3,3,3,3,1,16,3,
325,1826,Darrang,325,Darrang,Darrang,"[""Darrang""]",1100000,2,1,1,1,2,2,9,1,Udalguri
,,,,,Udalguri,"[""Udalguri""]",19400000,,,,,,,,,
422,2305,Datia,422,Datia,Datia,"[""Datia""]",200000,3,1,2,2,2,2,12,2,
109,811,Dausa,109,Dausa ,,,,3,1,2,1,3,2,12,2,
567,2913,Davanagere,567,Davanagere,,,,3,1,3,1,3,3,14,2,
60,505,Dehradun,60,Dehradun,Dehradun,"[""Dehradun""]",183700000,3,3,3,3,3,3,18,3,
350,2104,Deogarh,350,Deoghar,Deoghar,"[""Deoghar""]",11700000,2,1,1,2,2,2,10,1,
190,959,Deoria,190,Deoria,,,,3,1,2,1,2,2,11,2,
437,2320,Dewas,437,Dewas,Dewas,"[""Dewas""]",35000000,3,1,3,1,3,2,13,2,
291,1603,Dhalai,291,Dhalai,,,,2,2,3,1,3,1,12,2,
412,2213,Dhamtari,412,Dhamtari ,,,,2,2,2,1,3,2,12,2,
354,2009,Dhanbad,354,Dhanbad,Dhanbad,"[""Dhanbad""]",153600000,3,3,2,3,3,1,15,3,
438,2321,Dhar,438,Dhar,Dhar,"[""Dhar""]",2700000,1,1,2,1,3,2,10,1,
630,3329,Dharmapuri,630,Dharmapuri,Dharmapuri,"[""Dharmapuri""]",25200000,3,3,3,1,3,3,16,3,Krishnagiri
,,,,,Krishnagiri,"[""Krishnagiri""]",64200000,,,,,,,,,
562,2908,Dharwad,562,Dharwad,Dharwad,"[""Dharwad""]",80000000,3,3,3,3,3,3,18,3,
106,808,Dhaulpur,106,Dhaulpur,Dhaulpur,"[""Dholpur"",""Dhaulpur""]",1800000,3,1,2,2,3,2,13,2,
308,1809,Dhemaji,308,Dhemaji,Dhemaji,"[""Dhemaji""]",1000000,2,1,1,1,1,2,8,1,
383,2114,Dhenkanal,383,Dhenkanal,Dhenkanal,"[""Dhenkanal""]",35600000,2,2,1,1,3,1,10,1,
301,1802,Dhubri,301,Dhubri,Dhubri,"[""Dhubri""]",37100000,2,1,1,1,2,2,9,1,
498,2702,Dhule,498,Dhule,Dhule,"[""Dhule""]",52700000,2,1,3,1,3,3,13,2,
257,1213,Dibang Valley,257,Dibang Valley,Dibang Valley,"[""Dibang Valley""]",1300000,3,2,3,1,3,3,15,3,Lower Dibang Valley
,,,,,Lower Dibang Valley,"[""Lower Dibang Valley""]",1100000,,,,,,,,,
310,1811,Dibrugarh,310,Dibrugarh,Dibrugarh,"[""Dibrugarh""]",61000000,3,3,2,1,2,3,14,2,
315,1816,Dima Hasao,315,Dima Hasao,,,,2,2,1,1,3,1,10,1,
265,1305,Dimapur,265,Dimapur ,Dimapur,"[""Dimapur""]",5000000,3,3,3,3,3,1,16,3,
612,3311,Dindigul,612,Dindigul,Dindigul,"[""Dindigul""]",53900000,3,1,3,1,3,3,14,2,
453,2336,Dindori,453,Dindori ,Dindori,"[""Dindori""]",7900000,1,1,2,1,1,2,8,1,
494,2501,Diu,494,Diu,,,,3,3,3,3,3,3,18,3,
16,116,Doda,16,Doda,Doda,"[""Doda""]",0,1,2,2,1,3,3,12,2,"Ramban, Kishtwar"
,,,,,Ramban,"[""Ramban""]",0,,,,,,,,,
362,2017,Dumka,362,Dumka,Dumka,"[""Dumka""]",3700000,1,1,1,1,1,2,7,1,Jamtara
124,826,Dungarpur,124,Dungarpur ,Dungarpur,"[""Dungarpur""]",21700000,1,1,1,1,2,2,8,1,
409,2210,Durg,409,Durg,Durg,"[""Durg""]",123900000,3,2,3,1,3,2,14,2,
93,705,Delhi,93,east delhi,East Delhi,"[""East Delhi""]",1231800000,3,3,3,3,3,3,18,3,
294,1702,East Garo Hills,294,East Garo Hills,,,,1,2,2,1,2,2,10,1,
545,3704,East Godavari,545,East Godavari,East Godavari,"[""East Godavari""]",71500000,3,2,3,1,3,3,15,3,
247,1203,East Kameng,247,East Kameng,East Kameng,"[""East Kameng""]",1100000,2,1,1,1,3,3,11,2,
298,1706,East Khasi Hills,298,East Khasi Hills,East Khasi Hills,"[""East Khasi Hills""]",44700000,3,3,3,3,3,3,18,3,
251,1207,East Siang,251,East Siang,,,,3,2,2,1,3,3,14,2,
357,2012,East Singhbhum,357,East Singhbhum,,,,3,3,2,3,3,3,17,3,
595,3208,Ernakulam,595,Ernakulam,Ernakulam,"[""Ernakulam""]",551900000,3,3,3,3,3,1,16,3,
610,3309,Erode,610,Erode,Erode,"[""Erode""]",26300000,3,3,3,3,3,3,18,3,
201,970,Etah,201,Etah,Etah,"[""Etah""]",1800000,3,1,1,2,2,2,11,2,Kanshiram Nagar
161,930,Etawah,161,Etawah,,,,3,1,1,1,2,2,10,1,
177,946,Faizabad,177,Faizabad,Faizabad,"[""Faizabad""]",700000,3,1,2,1,1,2,10,1,
88,620,Faridabad,88,Faridabad,Faridabad,"[""Faridabad""]",165300000,3,3,3,3,3,3,18,3,Palwal 
,,,,,Palwal,"[""Palwal""]",18300000,,,,,,,,,
45,311,Faridkot,45,Faridkot,,,,3,3,3,3,3,3,18,3,
159,928,Farrukhabad,159,Farrukhabad,,,,3,1,1,2,2,2,11,2,
78,610,Fatehabad,78,Fatehabad,,,,3,2,2,2,3,3,15,3,
40,306,Fatehgarh Sahib,40,Fatehgarh Sahib,,,,3,3,3,3,3,3,18,3,
172,941,Fatehpur,172,Fatehpur,,,,2,1,1,1,1,2,8,1,
147,916,Firozabad,147,Firozabad,Firozabad,"[""Firozabad""]",100000,3,1,1,2,2,2,11,2,
43,309,Ferozepur,43,Firozpur,Ferozepur,"[""Ferozepur"",""Firozpur""]",23100000,3,2,2,2,3,2,14,2,
561,2907,Gadag,561,Gadag,Gadag,"[""Gadag""]",28400000,3,1,3,1,3,3,14,2,
508,2712,Gadchiroli,508,Gadchiroli,Gadchiroli,"[""Gadchiroli""]",33500000,1,1,2,1,3,2,10,1,
389,2120,Gajapati,389,Gajapati,,,,1,1,1,1,2,2,8,1,
473,2406,Gandhinagar,473,Gandhinagar,Gandhinagar,"[""Gandhinagar""]",79800000,3,3,3,3,3,3,18,3,
388,2119,Ganjam,388,Ganjam,Ganjam,"[""Ganjam""]",7500000,2,1,1,1,2,2,9,1,
346,2001,Garhwa,346,Garhwa ,,,,1,1,1,1,1,2,7,1,
61,506,Pauri Garhwal,61,Garhwal,Pauri Garhwal,"[""Pauri Garhwal""]",100000,3,2,3,1,3,3,15,3,
141,910,Gautam Buddh Nagar,141,Gautam Buddha Nagar,Gautam Buddh Nagar,"[""Gautam Buddha Nagar"",""Gautam Buddh Nagar""]",1061200000,3,3,3,3,3,3,18,3,
236,1034,Gaya,236,Gaya,Gaya,"[""Gaya""]",19100000,1,1,1,2,1,2,8,1,
140,909,Ghaziabad,140,Ghaziabad,Ghaziabad,"[""Ghaziabad""]",95900000,3,3,3,3,3,2,17,3,Hapur
,,,,,Hapur,"[""Hapur"",""Panchsheel Nagar""]",5900000,,,,,,,,,
195,964,Ghazipur,195,Ghazipur,Ghazipur,"[""Ghazipur""]",125700000,3,1,1,2,1,2,10,1,
349,2004,Giridih,349,Giridih,Giridih,"[""Giridih""]",11500000,1,1,2,1,1,1,7,1,
302,1803,Goalpara,302,Goalpara,Goalpara,"[""Goalpara""]",3700000,2,2,1,1,2,2,10,1,
351,2006,Godda,351,Godda,Godda,"[""Godda""]",300000,1,1,1,2,1,2,8,1,
313,1814,Golaghat,313,Golaghat,Golaghat,"[""Golaghat""]",197100000,2,2,1,1,2,3,11,2,
183,952,Gonda,183,Gonda,Gonda,"[""Gonda""]",1300000,3,1,1,1,1,2,9,1,
507,2711,Gondia,507,Gondiya,Gondia,"[""Gondia""]",95300000,2,2,3,1,3,2,13,2,
217,1015,Gopalganj,217,Gopalganj,,,,3,1,1,2,1,2,10,1,
188,957,Gorakhpur,188,Gorakhpur,Gorakhpur,"[""Gorakhpur""]",13500000,3,1,2,1,3,2,12,2,
579,2925,Gulbarga,579,Gulbarga,Gulbarga,"[""Kalaburagi"",""Gulbarga""]",17000000,3,2,2,1,3,3,14,2,Yadgir
366,2021,Gumla,366,Gumla,Gumla,"[""Gumla""]",200000,1,1,1,1,1,1,6,1,Simdega
,,,,,Simdega,"[""Simdega""]",4500000,,,,,,,,,
458,2341,Guna,458,Guna,Guna,"[""Guna""]",100000,1,1,2,1,3,2,10,1,Ashoknagar
548,3707,Guntur,548,Guntur,Guntur,"[""Guntur""]",125000000,2,2,3,3,3,3,16,3,
35,301,Gurdaspur,35,Gurdaspur,,,,3,2,3,3,3,3,17,3,
86,618,Gurgaon,86,Gurgaon,Gurgaon,"[""Gurgaon"",""Gurugram""]",1166800000,3,3,3,3,3,3,18,3,Mewat 
,,,,,Mewat,"[""Mewat""]",74500000,,,,,,,,,
421,2304,Gwalior,421,Gwalior,Gwalior,"[""Gwalior""]",16400000,3,3,3,3,3,3,18,3,
318,1819,Hailakandi,318,Hailakandi,Hailakandi,"[""Hailakandi""]",0,2,2,1,1,1,1,8,1,
28,206,Hamirpur,28,Hamirpur,Hamirpur,"[""Hamirpur""]",5800000,3,3,3,1,3,3,16,3,
168,937,Hamirpur,168,Hamirpur,,,,2,1,2,2,1,2,10,1,
100,802,Hanumangarh,100,Hanumangarh ,Hanumangarh,"[""Hanumangarh""]",200000,3,2,3,2,3,3,16,3,
448,2331,Harda,448,Harda,,,,3,1,2,1,3,2,12,2,
155,924,Hardoi,155,Hardoi,Hardoi,"[""Hardoi""]",800000,1,1,1,2,1,2,8,1,
68,513,Haridwar,68,Hardwar,Haridwar,"[""Haridwar""]",375900000,3,3,2,3,3,3,17,3,
574,2920,Hassan,574,Hassan,Hassan,"[""Hassan""]",14300000,3,1,3,1,3,3,14,2,
144,913,Hathras,144,Hathras,,,,3,1,1,2,3,2,12,2,
564,2910,Haveri,564,Haveri,Haveri,"[""Haveri""]",7800000,3,1,3,1,3,3,14,2,
360,2015,Hazaribagh,360,Hazaribagh,Hazaribagh,"[""Hazaribag"",""Hazaribagh""]",21200000,3,1,2,2,2,1,11,2,Ramgarh
512,2716,Hingoli,512,Hingoli,,,,3,1,2,1,3,2,12,2,
80,612,Hisar,80,Hisar,Hisar,"[""Hisar""]",490500000,3,2,2,2,3,3,15,3,
449,2332,Hoshangabad,449,Hoshangabad,Hoshangabad,"[""Hoshangabad""]",21800000,3,2,3,1,3,2,14,2,
38,304,Hoshiarpur,38,Hoshiarpur,Hoshiarpur,"[""Hoshiarpur""]",64800000,3,3,3,3,3,3,18,3,
341,1915,Howrah,341,Howrah,Howrah,"[""Howrah""]",30200000,3,3,3,3,3,3,18,3,
338,1912,Hooghly,338,Hugli ,Hooghly,"[""Hooghly""]",13500000,3,3,3,3,3,3,18,3,
536,3605,Hyderabad,536,Hyderabad,Hyderabad,"[""Hyderabad""]",1033200000,3,3,3,3,3,3,18,3,"Medchal, Sangareddy"
,,,,,Medchal,"[""Medchal""]",0,,,,,,,,,
,,,,,Sangareddy,"[""Sangareddy""]",3900000,,,,,,,,,
596,3209,Idukki,596,Idukki ,Idukki,"[""Idukki""]",9400000,3,3,3,3,3,1,16,3,
278,1407,Imphal East,278,Imphal East,Imphal East,"[""Imphal East""]",2600000,3,3,3,3,3,1,16,3,
277,1406,Imphal West,277,Imphal West,,,,3,3,3,3,3,3,18,3,
439,2322,Indore,439,Indore,Indore,"[""Indore""]",135200000,3,3,3,3,3,3,18,3,
451,2334,Jabalpur,451,Jabalpur,Jabalpur,"[""Jabalpur""]",61200000,3,3,3,3,3,3,18,3,
380,2111,Jagatsinghpur,380,Jagatsinghapur ,,,,2,3,2,2,3,2,14,2,
299,1707,West Jaintia Hills,299,Jaintia Hills,,,,2,1,2,1,2,1,9,1,
110,812,Jaipur,110,Jaipur ,Jaipur,"[""Jaipur""]",475400000,3,3,3,3,3,3,18,3,
114,816,Jaisalmer,114,Jaisalmer,Jaisalmer,"[""Jaisalmer""]",55100000,2,1,1,1,2,2,9,1,
382,2113,Jajpur,382,Jajapur  ,Jajpur,"[""Jajpur""]",19200000,2,2,1,2,3,2,12,2,
37,303,Jalandhar,37,Jalandhar,Jalandhar,"[""Jalandhar""]",4800000,3,3,3,3,3,3,18,3,
165,934,Jalaun,165,Jalaun ,,,,3,1,1,2,1,2,10,1,
499,2703,Jalgaon,499,Jalgaon,Jalgaon,"[""Jalgaon""]",100200000,3,2,3,2,3,3,16,3,
514,2718,Jalna,514,Jalna,Jalna,"[""Jalna""]",532900000,2,1,3,1,3,1,11,2,
116,818,Jalore,116,Jalor,Jalore,"[""Jalore""]",15100000,3,1,1,1,3,1,10,1,
328,1902,Jalpaiguri,328,Jalpaiguri ,Jalpaiguri,"[""Jalpaiguri""]",18900000,2,3,1,1,2,1,10,1,Alipurduar
,,,,,Alipurduar,"[""Alipurduar""]",10100000,,,,,,,,,
21,121,Jammu,21,Jammu,Jammu,"[""Jammu""]",33500000,3,3,3,3,3,3,18,3,Samba
,,,,,Samba,"[""Samba""]",8900000,,,,,,,,,
477,2410,Jamnagar,477,Jamnagar,Jamnagar,"[""Jamnagar""]",62100000,3,2,3,3,3,3,17,3,
238,1036,Jamui,238,Jamui,Jamui,"[""Jamui""]",0,2,1,1,2,1,2,9,1,
405,2206,Janjgir-Champa,405,Janjgir - Champa,,,,1,1,1,1,3,2,9,1,
402,2203,Jashpur,402,Jashpur ,Jashpur,"[""Jashpur""]",6400000,1,1,2,1,2,2,9,1,
194,963,Jaunpur,194,Jaunpur,Jaunpur,"[""Jaunpur""]",6600000,3,1,2,2,1,2,11,2,
239,1037,Jehanabad,239,Jehanabad ,Jehanabad,"[""Jehanabad""]",4800000,1,1,1,2,1,2,8,1,
464,2347,Jhabua,464,Jhabua,Jhabua,"[""Jhabua""]",39900000,1,1,1,1,3,2,9,1,Alirajpur
83,615,Jhajjar,83,Jhajjar,Jhajjar,"[""Jhajjar""]",147100000,3,3,2,3,3,3,17,3,
129,831,Jhalawar,129,Jhalawar,Jhalawar,"[""Jhalawar""]",83100000,2,1,1,1,3,2,10,1,
166,935,Jhansi,166,Jhansi,Jhansi,"[""Jhansi""]",32900000,3,1,2,2,3,2,13,2,
371,2102,Jharsuguda,371,Jharsuguda,Jharsuguda,"[""Jharsuguda""]",112700000,3,3,3,3,3,3,18,3,
103,805,Jhunjhunu,103,Jhunjhunun,Jhunjhunu,"[""Jhunjhunu""]",72700000,3,3,3,1,3,3,16,3,
77,609,Jind,77,Jind,Jind,"[""Jind""]",1400000,3,2,2,2,3,3,15,3,
113,815,Jodhpur,113,Jodhpur,Jodhpur,"[""Jodhpur""]",344300000,2,1,2,1,3,1,10,1,
312,1813,Jorhat,312,Jorhat,Jorhat,"[""Jorhat""]",10700000,3,2,3,3,3,3,17,3,
479,2412,Junagadh,479,Junagadh,Junagadh,"[""Junagadh""]",6800000,3,2,3,1,3,3,15,3,
407,2208,Kawardha,407,kabir dham,,,,1,1,1,1,3,2,9,1,
468,2401,Kachchh,468,Kachchh,Kachchh,"[""Kachchh"",""Kutch""]",149200000,3,3,3,1,3,3,16,3,
233,1031,Kaimur,233,Kaimur (Bhabua),Kadapa,"[""YSR District Kadapa"",""Kadapa"",""Cuddapah""]",14200000,1,1,1,2,1,2,8,1,
73,605,Kaithal,73,Kaithal,Kaithal,"[""Kaithal""]",400000,3,2,2,2,3,3,15,3,
395,2126,Kalahandi,395,Kalahandi,Kalahandi,"[""Kalahandi""]",116700000,1,1,1,1,1,2,7,1,
321,1822,Kamrup,321,Kamrup,Kamrup,"[""Kamrup""]",58900000,3,3,3,3,3,3,18,3,Kamrup Metropolitan
604,3303,Kanchipuram,604,Kancheepuram,Kanchipuram,"[""Kanchipuram""]",21800000,3,3,3,3,3,3,18,3,
390,2121,Kandhamal,390,Kandhamal,Kandhamal,"[""Kandhamal""]",4000000,1,1,1,1,1,1,6,1,
24,202,Kangra,24,Kangra,Kangra,"[""Kangra""]",800000,3,3,3,3,3,3,18,3,
160,929,Kannauj,160,Kannauj,,,,2,1,1,2,1,2,9,1,
629,3328,Kanyakumari,629,Kanniyakumari,Kanyakumari,"[""Kanyakumari""]",16000000,3,3,3,3,3,3,18,3,
589,3202,Kannur,589,Kannur,Kannur,"[""Kannur""]",3700000,3,3,3,3,3,1,16,3,
163,932,Kanpur Dehat,163,Kanpur Dehat,Kanpur Dehat,"[""Kanpur Dehat""]",54000000,2,2,1,2,1,2,10,1,
164,933,Kanpur Nagar,164,Kanpur Nagar,Kanpur Nagar,"[""Kanpur Nagar""]",101700000,3,3,3,3,3,3,18,3,
36,302,Kapurthala,36,Kapurthala ,Kapurthala,"[""Kapurthala""]",14800000,3,3,3,3,3,3,18,3,
637,3404,Karaikal,637,Karaikal,Karaikal,"[""Karaikal""]",4800000,3,3,3,3,3,3,18,3,
107,809,Karauli,107,Karauli ,Karauli,"[""Karauli""]",300000,2,1,1,2,3,2,11,2,
314,1815,Karbi Anglong,314,Karbi Anglong,Karbi Anglong,"[""Karbi Anglong""]",600000,1,2,1,1,1,2,8,1,
4,104,Kargil,4,Kargil,Kargil,"[""Kargil""]",11900000,2,3,3,3,3,3,17,3,
317,1818,Karimganj,317,Karimganj,,,,2,2,2,1,2,1,10,1,
534,3603,Karimnagar,534,Karimnagar,Karimnagar,"[""Karimnagar""]",130800000,3,1,3,1,3,3,14,2,Siddipet
,,,,,Siddipet,"[""Siddipet""]",1600000,,,,,,,,,
74,606,Karnal,74,Karnal,Karnal,"[""Karnal""]",11100000,3,2,2,2,3,3,15,3,
613,3312,Karur,613,Karur ,Karur,"[""Karur""]",17300000,3,3,3,3,3,3,18,3,
588,3201,Kasaragod,588,Kasaragod,,,,3,3,3,3,3,1,16,3,
7,107,Kathua,7,Kathua,Kathua,"[""Kathua""]",500000,3,2,3,1,3,3,15,3,
212,1010,Katihar,212,Katihar,Katihar,"[""Katihar""]",0,1,1,1,2,1,2,8,1,
450,2333,Katni,450,Katni ,Katni,"[""Katni""]",22800000,2,1,3,1,3,2,12,2,
174,943,Kaushambi,174,Kaushambi,,,,2,1,1,1,1,2,8,1,
379,2110,Kendrapara,379,Kendrapara ,,,,3,1,1,2,2,2,11,2,
375,2106,Kendujhar,375,Kendujhar,,,,2,1,1,1,2,2,9,1,
223,1021,Khagaria,223,Khagaria,Khagaria,"[""Khagaria""]",8000000,1,1,1,2,1,2,8,1,
541,3610,Khammam,541,Khammam,Khammam,"[""Khammam""]",65900000,3,2,3,1,3,3,15,3,
466,2349,Khandwa,466,Khandwa (East Nimar),Khandwa,"[""Khandwa""]",106900000,2,1,2,1,3,3,12,2,Burhanpur
440,2323,Khargone,440,Khargone (West Nimar),Khargone,"[""Khargone""]",7600000,1,1,1,1,3,3,10,1,
483,2416,Kheda,483,Kheda,Kheda,"[""Kheda"",""Nadiad""]",15100000,2,2,3,1,3,3,14,2,
386,2117,Khordha,386,Khordha ,Khordha,"[""Khordha""]",63500000,3,3,3,3,3,1,16,3,
34,212,Kinnaur,34,Kinnaur,,,,3,3,3,3,3,3,18,3,
210,1008,Kishanganj,210,Kishanganj,Kishanganj,"[""Kishanganj""]",1000000,1,1,1,2,1,2,8,1,
329,1903,Cooch Behar,329,Koch Bihar ,,,,2,2,1,1,2,2,10,1,
576,2922,Kodagu,576,Kodagu,Kodagu,"[""Kodagu""]",10500000,3,3,3,3,3,1,16,3,
348,2003,Koderma,348,Kodarma,Koderma,"[""Koderma""]",100000,3,1,2,1,2,1,10,1,
270,1310,Kohima,270,Kohima,Kohima,"[""Kohima""]",0,3,3,3,3,3,1,16,3,Peren
300,1801,Kokrajhar,300,Kokrajhar,Kokrajhar,"[""Kokrajhar""]",4700000,2,1,1,1,2,2,9,1,
581,2927,Kolar,581,Kolar,Kolar,"[""Kolar""]",143500000,3,3,3,1,3,3,16,3,Chikkaballapura
282,1502,Kolasib,282,Kolasib,,,,3,3,3,3,3,3,18,3,
530,2734,Kolhapur,530,Kolhapur,Kolhapur,"[""Kolhapur""]",115400000,3,3,3,3,3,3,18,3,
342,1916,Kolkata,342,Kolkata,Kolkata,"[""Kolkata""]",2064800000,3,3,3,3,3,3,18,3,
600,3213,Kollam,600,Kollam,Kollam,"[""Kollam""]",4400000,3,3,3,1,3,1,14,2,
560,2906,Koppal,560,Koppal,Koppal,"[""Koppal""]",6800000,3,1,2,1,3,3,13,2,
398,2129,Koraput,398,Koraput,Koraput,"[""Koraput""]",280100000,2,1,1,1,1,2,8,1,
404,2205,Korba,404,Korba ,Korba,"[""Korba""]",1428300000,2,1,2,1,3,2,11,2,
400,2201,Koriya,400,Koriya,,,,2,1,2,1,2,2,10,1,
127,829,Kota,127,Kota ,Kota,"[""Kota""]",148200000,3,3,3,3,3,3,18,3,
597,3210,Kottayam,597,Kottayam,Kottayam,"[""Kottayam""]",33800000,3,3,3,3,3,1,16,3,
591,3204,Kozhikode,591,Kozhikode,Kozhikode,"[""Kozhikode""]",17700000,3,3,3,3,3,1,16,3,
547,3706,Krishna,547,Krishna,Krishna,"[""Krishna""]",552100000,2,3,3,3,3,3,17,3,
26,204,Kullu,26,Kullu,Kullu,"[""Kullu""]",300000,3,2,3,1,3,3,15,3,
1,101,Kupwara,1,Kupwara,Kupwara,"[""Kupwara""]",200000,2,1,1,1,3,1,9,1,
552,3711,Kurnool,552,Kurnool,Kurnool,"[""Kurnool""]",141700000,3,2,3,1,3,3,15,3,
72,604,Kurukshetra,72,Kurukshetra,Kurukshetra,"[""Kurukshetra""]",3900000,3,3,3,3,3,3,18,3,
189,958,Kushinagar,189,Kushinagar,Kushinagar,"[""Kushinagar"",""Padrauna""]",8600000,3,1,1,2,1,2,10,1,
25,203,Lahaul And Spiti,25,Lahul & Spiti,Lahaul And Spiti,"[""Lahaul & Spiti"",""Lahaul And Spiti"",""Lahaul Spiti""]",1700000,3,3,3,1,3,3,16,3,
307,1808,Lakhimpur,307,Lakhimpur,Lakhimpur,"[""Lakhimpur""]",127500000,2,2,1,1,2,2,10,1,
227,1025,Lakhisarai,227,Lakhisarai,Lakhisarai,"[""Lakhisarai""]",1300000,1,1,1,2,1,2,8,1,
587,3101,Lakshadweep,587,Lakshadweep,Lakshadweep,"[""Lakshadweep""]",0,3,3,3,3,3,1,16,3,
167,936,Lalitpur,167,Lalitpur,Lalitpur,"[""Lalitpur""]",21900000,1,1,2,1,1,2,8,1,
524,2728,Latur,524,Latur,Latur,"[""Latur""]",63600000,3,1,3,1,3,3,14,2,
287,1507,Lawngtlai,287,Lawngtlai,,,,2,2,2,1,3,1,11,2,
3,103,Leh,3,Leh(Ladakh),Leh,"[""Leh""]",2600000,3,2,3,3,3,1,15,3,
356,2011,Lohardaga,356,Lohardaga,,,,1,1,1,1,1,1,6,1,
255,1211,Lower Subansiri,255,Lower Subansiri,,,,2,1,3,1,3,3,13,2,
157,926,Lucknow,157,Lucknow,Lucknow,"[""Lucknow""]",197200000,3,3,3,3,2,2,16,3,
41,307,Ludhiana,41,Ludhiana,Ludhiana,"[""Ludhiana""]",402800000,3,3,3,3,3,3,18,3,
286,1506,Lunglei,286,Lunglei,,,,3,2,2,1,3,1,12,2,
213,1011,Madhepura,213,Madhepura,,,,1,1,1,2,1,2,8,1,
207,1005,Madhubani,207,Madhubani,Madhubani,"[""Madhubani""]",0,1,1,2,2,1,2,9,1,
623,3322,Madurai,623,Madurai,Madurai,"[""Madurai""]",84500000,3,3,3,3,3,3,18,3,
411,2212,Mahasamund,411,Mahasamund,Mahasamund,"[""Mahasamund""]",1500000,1,1,1,1,2,2,8,1,
538,3607,Mahabubnagar,538,Mahbubnagar,Mahabubnagar,"[""Mahabubnagar"",""Mahbubnagar""]",21900000,3,1,3,1,3,3,14,2,
636,3403,Mahe,636,Mahe,,,,3,3,3,3,3,1,16,3,
84,616,Mahendragarh,84,Mahendragarh,,,,3,3,3,2,3,3,17,3,
471,2404,Mehsana,471,Mahesana,Mehsana,"[""Mehsana""]",39400000,3,2,3,3,3,3,17,3,
169,938,Mahoba,169,Mahoba,Mahoba,"[""Mahoba""]",1400000,3,1,2,2,1,2,11,2,
187,956,Maharajganj,187,Mahrajganj,Maharajganj,"[""Maharajganj""]",14400000,3,1,1,1,1,2,9,1,
148,917,Mainpuri,148,Mainpuri,,,,3,1,1,2,2,2,11,2,
592,3205,Malappuram,592,Malappuram,Malappuram,"[""Malappuram""]",5100000,3,3,3,3,3,1,16,3,
332,1906,Malda,332,Maldah ,Malda,"[""Malda""]",700000,2,1,1,2,2,2,10,1,
399,2130,Malkangiri,399,Malkangiri  ,Malkangiri,"[""Malkangiri""]",100000,3,1,1,1,1,2,9,1,
281,1501,Mamit,281,Mamit,,,,3,2,2,1,3,1,12,2,
27,205,Mandi,27,Mandi,Mandi,"[""Mandi""]",6700000,3,3,3,1,3,3,16,3,
454,2337,Mandla,454,Mandla,Mandla,"[""Mandla""]",500000,1,1,2,1,2,2,9,1,
433,2316,Mandsaur,433,Mandsaur,Mandsaur,"[""Mandsaur""]",2400000,2,1,2,1,3,1,10,1,
573,2919,Mandya,573,Mandya,Mandya,"[""Mandya""]",2100000,3,1,3,1,3,3,14,2,
47,313,Mansa,47,Mansa,Mansa,"[""Mansa""]",20600000,3,2,2,2,3,2,14,2,
145,914,Mathura,145,Mathura,Mathura,"[""Mathura""]",212800000,3,1,2,2,2,2,12,2,
192,961,Mau,192,Mau,Mau,"[""Mau""]",3200000,3,1,2,2,3,2,13,2,
376,2107,Mayurbhanj,376,Mayurbhanj,Mayurbhanj,"[""Mayurbhanj""]",1100000,1,1,1,1,1,2,7,1,
535,3604,Medak,535,Medak,Medak,"[""Medak""]",43500000,3,1,3,1,3,3,14,2,
344,1918,West Medinipur,344,Medinipur,,,,2,3,2,2,3,2,14,2,"Purba Medinipur, Paschim Medinipur"
138,907,Meerut,138,Meerut,Meerut,"[""Meerut""]",16000000,3,3,3,3,3,2,17,3,
199,968,Mirzapur,199,Mirzapur,Mirzapur,"[""Mirzapur""]",100000,3,1,2,2,1,2,11,2,
42,308,Moga,42,Moga,Moga,"[""Moga""]",600000,3,2,2,2,3,2,14,2,
262,1302,Mokokchung,262,Mokokchung,,,,3,3,3,3,3,1,16,3,
261,1301,Mon,261,Mon,Mon,"[""Mon""]",6700000,1,2,1,1,1,1,7,1,
135,904,Moradabad,135,Moradabad,Moradabad,"[""Moradabad""]",33800000,3,1,1,2,2,2,11,2,Sambhal
,,,,,Sambhal,"[""Sambhal"",""Bhim Nagar""]",500000,,,,,,,,,
419,2302,Morena,419,Morena,Morena,"[""Morena""]",1700000,1,1,2,2,1,2,9,1,
304,1805,Morigaon,304,Morigaon,Morigaon,"[""Morigaon""]",1100000,2,2,1,1,2,2,10,1,
44,310,Sri Muktsar Sahib,44,Muktsar,Sri Muktsar Sahib,"[""Muktsar"",""Sri Muktsar Sahib""]",4700000,3,2,1,3,3,3,15,3,
519,2723,Mumbai,519,Mumbai,Mumbai,"[""Mumbai City"",""Mumbai""]",5058000000,3,3,3,3,3,3,18,3,
518,2722,Mumbai Suburban,518,Mumbai Suburban,Mumbai Suburban,"[""Mumbai Suburban""]",3300000,3,3,3,3,3,3,18,3,
226,1024,Munger,226,Munger,Munger,"[""Munger"",""Monghyr""]",1500000,2,1,1,2,2,2,10,1,
333,1907,Murshidabad,333,Murshidabad ,Murshidabad,"[""Murshidabad""]",12700000,2,1,1,2,2,2,10,1,
133,902,Muzaffarnagar,133,Muzaffarnagar,Muzaffarnagar,"[""Muzaffarnagar""]",4200000,3,2,2,2,3,2,14,2,
216,1014,Muzaffarpur,216,Muzaffarpur,Muzaffarpur,"[""Muzaffarpur""]",8600000,1,1,1,2,1,2,8,1,
577,2923,Mysuru,577,Mysore,Mysuru,"[""Mysuru"",""Mysore""]",40100000,3,3,3,3,3,3,18,3,
397,2128,Nabarangpur,397,Nabarangapur ,,,,1,1,1,1,1,2,7,1,
336,1910,Nadia,336,Nadia ,Nadia,"[""Nadia""]",318900000,2,2,1,2,2,2,11,2,
305,1806,Nagaon,305,Nagaon,Nagaon,"[""Nagaon""]",11400000,1,2,1,1,2,2,9,1,
618,3317,Nagapattinam,618,Nagapattinam  ,Nagapattinam,"[""Nagapattinam""]",42600000,3,2,3,1,3,3,15,3,
112,814,Nagaur,112,Nagaur,Nagaur,"[""Nagaur""]",343900000,3,1,2,1,3,1,11,2,
505,2709,Nagpur,505,Nagpur,Nagpur,"[""Nagpur""]",476400000,3,3,3,3,3,3,18,3,
66,511,Nainital,66,Nainital,Nainital,"[""Nainital""]",2600000,3,3,3,3,3,3,18,3,
229,1027,Nalanda,229,Nalanda,Nalanda,"[""Nalanda""]",5300000,1,1,1,2,1,2,8,1,
323,1824,Nalbari,323,Nalbari,Nalbari,"[""Nalbari""]",1100000,3,3,1,3,3,3,16,3,Baksa
,,,,,Baksa,"[""Baksa""]",21000000,,,,,,,,,
539,3608,Nalgonda,539,Nalgonda,Nalgonda,"[""Nalgonda""]",49600000,3,1,3,1,3,3,14,2,Suryapet
,,,,,Suryapet,"[""Suryapet""]",15300000,,,,,,,,,
609,3308,Namakkal,609,Namakkal   ,Namakkal,"[""Namakkal""]",0,3,3,3,3,3,3,18,3,
,2715,Nanded,511,Nanded,Nanded,"[""Nanded""]",25800000,,,,,,,,,
497,2701,Nandurbar,497,Nandurbar,Nandurbar,"[""Nandurbar""]",31800000,1,1,2,1,2,3,10,1,
487,2420,Narmada,487,Narmada,Narmada,"[""Narmada"",""Rajpipla""]",241000000,2,1,2,1,3,2,11,2,
452,2335,Narsinghpur,452,Narsimhapur,Narsinghpur,"[""Narsinghpur""]",5900000,1,1,2,1,3,2,10,1,
516,2720,Nashik,516,Nashik,Nashik,"[""Nashik""]",347700000,3,3,3,3,3,3,18,3,
490,2423,Navsari,490,Navsari  ,Navsari,"[""Navsari""]",6200000,3,3,3,3,3,3,18,3,
237,1035,Nawada,237,Nawada,,,,1,1,1,1,1,2,7,1,
385,2116,Nayagarh,385,Nayagarh  ,Nayagarh,"[""Nayagarh""]",5800000,2,2,1,1,3,2,11,2,
432,2315,Neemuch,432,Neemuch ,Neemuch,"[""Neemuch""]",4200000,3,1,3,1,3,1,12,2,
550,3709,Nellore,550,Nellore,,,,3,1,3,1,3,3,14,2,
638,3501,Nicobar,638,Nicobars,,,,3,3,3,1,3,3,16,3,
533,3602,Nizamabad,533,Nizamabad,Nizamabad,"[""Nizamabad""]",500000,3,1,3,1,3,3,14,2,
91,702,North Delhi,91,North,North Delhi,"[""North Delhi""]",25000000,3,3,3,3,3,3,18,3,
242,1101,North Sikkim,241,North  District,,,,2,3,2,1,3,3,14,2,
92,703,North East  Delhi,92,North East,Delhi,"[""New Delhi"",""Delhi""]",936000000,3,3,3,3,3,3,18,3,
585,3001,North Goa,585,North Goa,North Goa,"[""North Goa""]",29300000,3,3,3,3,3,3,18,3,
292,1604,North Tripura,292,North Tripura,North Tripura,"[""North Tripura""]",0,3,3,3,3,3,1,16,3,Unakoti
,,,,,Unakoti,"[""Unakoti""]",3600000,,,,,,,,,
337,1911,North 24 Parganas,337,North Twenty Four Parganas,North 24 Parganas,"[""North 24 Parganas""]",15900000,3,3,3,3,3,3,18,3,
90,701,North West  Delhi,90,North West,,,,3,3,3,3,3,3,18,3,
394,2125,Nuapada,394,Nuapada,,,,1,1,1,1,2,2,8,1,
525,2729,Osmanabad,525,Osmanabad,Osmanabad,"[""Osmanabad""]",10100000,3,1,2,1,2,3,12,2,
353,2008,Pakur,353,Pakur,Pakur,"[""Pakur""]",100000,2,1,2,2,2,2,11,2,
593,3206,Palakkad,593,Palakkad,Palakkad,"[""Palakkad""]",17800000,3,3,3,3,3,1,16,3,
358,2013,Palamu,358,Palamu,Palamu,"[""Palamu""]",0,1,1,1,1,1,2,7,1,Latehar
118,820,Pali,118,Pali ,Pali,"[""Pali""]",43700000,3,1,3,1,3,1,12,2,
69,601,Panchkula,69,Panchkula,Panchkula,"[""Panchkula""]",10900000,3,3,3,3,3,3,18,3,
484,2417,Panchmahal,484,Panchmahal,Panchmahal,"[""Panchmahal"",""Godhra""]",9300000,1,1,2,1,3,2,10,1,
75,607,Panipat,75,Panipat,Panipat,"[""Panipat""]",34200000,3,3,3,3,3,3,18,3,
426,2309,Panna,426,Panna,,,,1,1,2,1,1,2,8,1,
248,1204,Papum Pare,248,Papum Pare,Papum Pare,"[""Papum Pare""]",1300000,3,3,3,3,3,3,18,3,
513,2717,Parbhani,513,Parbhani,Parbhani,"[""Parbhani""]",159500000,3,1,3,1,3,2,13,2,
203,1001,Pashchim Champaran,203,Pashchim Champaran,,,,2,1,1,1,1,2,8,1,
368,2023,West Singhbhum,368,Pashchimi Singhbhum,West Singhbhum,"[""West Singhbhum""]",11000000,2,1,3,1,2,2,11,2,Saraikela-Kharsawan
470,2403,Patan,470,Patan  ,Patan,"[""Patan""]",68200000,3,3,3,1,3,3,16,3,
599,3212,Pathanamthitta,599,Pathanamthitta,Pathanamthitta,"[""Pathanamthitta""]",6600000,3,3,3,3,3,1,16,3,
48,314,Patiala,48,Patiala,Patiala,"[""Patiala""]",5500000,3,3,2,3,3,3,17,3,Sahibzada Ajit Singh Nagar
,,,,,Sahibzada Ajit Singh Nagar,"[""Sahibzada Ajit Singh Nagar"",""Mohali""]",31300000,,,,,,,,,
230,1028,Patna,230,Patna,Patna,"[""Patna""]",61200000,3,2,2,2,3,2,14,2,
615,3314,Perambalur,615,Perambalur  ,Perambalur,"[""Perambalur""]",1200000,3,1,3,1,3,3,14,2,
266,1306,Phek,266,Phek,Phek,"[""Phek""]",300000,3,2,2,1,3,3,14,2,
151,920,Pilibhit,151,Pilibhit,Pilibhit,"[""Pilibhit""]",11900000,3,1,1,1,1,2,9,1,
62,507,Pithoragarh,62,Pithoragarh,Pithoragarh,"[""Pithoragarh""]",1700000,3,2,3,1,3,3,15,3,
478,2411,Porbandar,478,Porbandar ,Porbandar,"[""Porbandar""]",13300000,3,3,3,3,3,3,18,3,
549,3708,Prakasam,549,Prakasam,Prakasam,"[""Prakasam""]",100000,3,1,3,1,3,3,14,2,
173,833,Pratapgarh,173,Pratapgarh,Pratapgarh,"[""Pratapgarh""]",17300000,3,1,2,1,1,2,10,1,
635,3402,Pondicherry,635,Puducherry,Pondicherry,"[""Pondicherry"",""Puducherry""]",70200000,3,3,3,3,3,3,18,3,
621,3320,Pudukkottai,621,Pudukkottai,Pudukkottai,"[""Pudukkottai""]",1100000,3,1,2,1,3,3,13,2,
12,112,Pulwama,12,Pulwama,Pulwama,"[""Pulwama""]",17500000,3,2,3,1,3,3,15,3,
5,105,Poonch,5,punch,,,,2,1,1,1,3,2,10,1,
521,2725,Pune,521,Pune,Pune,"[""Pune""]",3935500000,3,3,3,3,3,3,18,3,
204,1002,Purvi Champaran,204,Purba Champaran,,,,2,1,1,2,1,2,9,1,
387,2118,Puri,387,Puri,Puri,"[""Puri""]",31500000,2,3,1,2,3,2,13,2,
211,1009,Purnia,211,Purnia,,,,1,1,1,2,1,2,8,1,
340,1914,Purulia,340,Puruliya,Purulia,"[""Purulia""]",12300000,2,1,1,1,2,2,9,1,
158,927,Rae Bareli,158,Rae Bareli,Rae Bareli,"[""RaeBareli"",""Rae Bareli""]",33200000,3,1,1,1,1,2,9,1,
559,2905,Raichur,559,Raichur,Raichur,"[""Raichur""]",33000000,3,1,2,1,3,3,13,2,
403,2724,Raigad,403,Raigarh,Raigad,"[""Raigad""]",1419400000,2,1,1,1,3,2,10,1,
520,2204,Raigarh,520,Raigarh,Raigarh,"[""Raigarh""]",243200000,3,3,3,3,3,3,18,3,
410,2211,Raipur,410,Raipur,Raipur,"[""Raipur""]",593700000,3,1,2,1,3,2,12,2,
446,2329,Raisen,446,Raisen,Raisen,"[""Raisen""]",17000000,2,1,3,1,3,2,12,2,
442,2325,Rajgarh,442,Rajgarh,,,,2,1,1,1,2,2,9,1,
476,2409,Rajkot,476,Rajkot,Rajkot,"[""Rajkot""]",194600000,3,3,3,3,3,3,18,3,
408,2209,Rajnandgaon,408,Rajnandgaon,Rajnandgaon,"[""Rajnandgaon""]",40800000,2,1,3,1,3,2,12,2,
6,106,Rajouri,6,Rajouri,,,,2,1,2,1,3,1,10,1,
123,825,Rajsamand,123,Rajsamand,Rajsamand,"[""Rajsamand""]",51900000,3,1,2,1,3,3,13,2,
626,3325,Ramanathapuram,626,Ramanathapuram,Ramanathapuram,"[""Ramanathapuram""]",9300000,3,3,3,3,3,3,18,3,
136,905,Rampur,136,Rampur,Rampur,"[""Rampur""]",34800000,3,1,1,2,1,2,10,1,
364,2019,Ranchi,364,Ranchi,Ranchi,"[""Ranchi""]",287300000,3,1,2,1,2,1,10,1,Khunti
,,,,,Khunti,"[""Khunti""]",3600000,,,,,,,,,
537,3606,Ranga Reddy,537,Rangareddy,Ranga Reddy,"[""Rangareddy"",""Ranga Reddy""]",61100000,3,3,3,3,3,3,18,3,
434,2317,Ratlam,434,Ratlam,Ratlam,"[""Ratlam""]",2300000,3,1,2,1,3,2,12,2,
528,2732,Ratnagiri,528,Ratnagiri,Ratnagiri,"[""Ratnagiri""]",88000000,3,2,3,1,3,3,15,3,
396,2127,Rayagada,396,Rayagada  ,Rayagada,"[""Rayagada""]",4100000,1,1,1,1,2,2,8,1,
430,2313,Rewa,430,Rewa,Rewa,"[""Rewa""]",18400000,1,1,3,2,3,2,12,2,
85,617,Rewari,85,Rewari,Rewari,"[""Rewari""]",16900000,3,3,3,3,3,3,18,3,
297,1705,Ri-Bhoi,297,Ribhoi,,,,2,2,1,1,2,1,9,1,
82,614,Rohtak,82,Rohtak,Rohtak,"[""Rohtak""]",20400000,3,3,3,3,3,3,18,3,
234,1032,Rohtas,234,Rohtas,,,,3,1,1,2,1,2,10,1,
58,503,Rudraprayag,58,Rudraprayag,Rudraprayag,"[""Rudraprayag""]",9500000,3,2,3,1,3,3,15,3,
51,317,Rupnagar,51,Rupnagar,,,,3,3,3,3,3,3,18,3,
472,2405,Sabarkatha,472,Sabar Kantha,Sabarkatha,"[""Sabarkantha"",""Sabarkatha"",""Himmatnagar""]",34600000,2,1,3,1,3,3,13,2,Aravalli
,,,,,Aravalli,"[""Aravalli""]",4100000,,,,,,,,,
427,2310,Sagar,427,Sagar,Sagar,"[""Sagar""]",13600000,2,1,3,1,3,2,12,2,
132,901,Saharanpur,132,Saharanpur,Saharanpur,"[""Saharanpur""]",23800000,3,2,2,2,3,2,14,2,
214,1012,Saharsa,214,Saharsa,Saharsa,"[""Saharsa""]",11000000,1,1,1,2,1,2,8,1,
352,2007,Sahibganj,352,Sahibganj,,,,2,1,1,2,2,2,10,1,
288,1508,Saiha,288,Saiha,Saiha,"[""Saiha""]",300000,3,2,3,3,3,3,17,3,
608,3307,Salem,608,Salem,Salem,"[""Salem""]",54100000,3,3,3,3,3,3,18,3,
221,1019,Samastipur,221,Samastipur,Samastipur,"[""Samastipur""]",4400000,1,1,1,2,1,2,8,1,
372,2103,Sambalpur,372,Sambalpur,Sambalpur,"[""Sambalpur""]",182800000,2,3,3,1,3,2,14,2,
531,2735,Sangli,531,Sangli,Sangli,"[""Sangli""]",22400000,3,2,3,2,3,3,16,3,
53,319,Sangrur,53,Sangrur,Sangrur,"[""Sangrur""]",29500000,3,2,2,3,3,2,15,3,Barnala
,,,,,Barnala,"[""Barnala""]",38900000,,,,,,,,,
186,955,Sant Kabir Nagar,186,Sant Kabir Nagar,Sant Kabir Nagar,"[""Sant Kabir Nagar""]",8200000,3,1,2,2,1,2,11,2,
198,967,Sant Ravidas Nagar,198,Sant Ravidas Nagar (Bhadohi),,,,3,1,2,2,2,2,12,2,
219,1017,Saran,219,Saran,Saran,"[""Saran""]",2500000,2,1,1,2,1,2,9,1,
527,2731,Satara,527,Satara,Satara,"[""Satara""]",49400000,3,2,3,3,3,3,17,3,
429,2312,Satna,429,Satna,Satna,"[""Satna""]",39300000,2,1,3,1,3,2,12,2,
108,810,Sawai Madhopur,108,Sawai Madhopur ,Sawai Madhopur,"[""Sawai Madhopur""]",17100000,3,1,2,2,3,2,13,2,
445,2328,Sehore,445,Sehore,Sehore,"[""Sehore""]",63700000,3,1,2,1,3,2,12,2,
272,1401,Senapati,272,Senapati,Senapati,"[""Senapati""]",2900000,1,2,1,1,3,1,9,1,
456,2339,Seoni,456,Seoni,Seoni,"[""Seoni""]",2500000,2,1,2,1,3,2,11,2,
285,1505,Serchhip,285,Serchhip,,,,3,3,2,1,3,3,15,3,
460,2343,Shahdol,460,Shahdol,Shahdol,"[""Shahdol""]",5500000,2,1,3,1,2,2,11,2,Anuppur
,,,,,Anuppur,"[""Anuppur""]",3600000,,,,,,,,,
39,305,Shaheed Bhagat Singh Nagar,39,Shahid Bhagat Singh Nagar ,,,,3,3,3,3,3,3,18,3,
152,921,Shahjahanpur,152,Shahjahanpur,Shahjahanpur,"[""Shahjahanpur""]",212900000,1,1,1,2,1,2,8,1,
436,2319,Shajapur,436,Shajapur,,,,2,1,2,1,3,2,11,2,
228,1026,Sheikhpura,228,Sheikhpura,,,,3,1,1,2,1,2,10,1,
205,1003,Sheohar,205,Sheohar,,,,2,1,1,2,1,2,9,1,
418,2301,Sheopur,418,Sheopur ,Sheopur,"[""Sheopur""]",12900000,1,1,1,1,2,2,8,1,
33,211,Shimla,33,Shimla,Shimla,"[""Shimla""]",22000000,3,3,3,3,3,3,18,3,
568,2914,Shimoga,568,Shimoga,Shimoga,"[""Shivamogga"",""Shimoga""]",30800000,3,3,3,3,3,3,18,3,
423,2306,Shivpuri,423,Shivpuri,,,,1,1,2,1,2,2,9,1,
181,950,Shrawasti,181,Shrawasti,Shrawasti,"[""Shravasti"",""Shrawasti""]",200000,2,1,1,1,1,2,8,1,
184,953,Siddharthnagar,184,Siddharthnagar,,,,1,1,2,2,1,2,9,1,
462,2345,Sidhi,462,Sidhi,Sidhi,"[""Sidhi""]",53500000,1,1,2,1,1,2,8,1,Singrauli
,,,,,Singrauli,"[""Singrauli""]",1007500000,,,,,,,,,
111,813,Sikar,111,Sikar,Sikar,"[""Sikar""]",16100000,3,3,3,1,3,3,16,3,
529,2733,Sindhudurg,529,Sindhudurg,Sindhudurg,"[""Sindhudurg""]",5600000,3,3,3,1,3,1,14,2,
32,210,Sirmaur,32,Sirmaur,,,,3,3,3,1,3,3,16,3,
117,819,Sirohi,117,Sirohi,Sirohi,"[""Sirohi""]",40500000,2,1,3,1,3,3,13,2,
79,611,Sirsa,79,Sirsa,Sirsa,"[""Sirsa""]",4000000,3,3,2,2,3,3,16,3,
206,1004,Sitamarhi,206,Sitamarhi,Sitamarhi,"[""Sitamarhi""]",108400000,2,1,1,2,1,2,9,1,
154,923,Sitapur,154,Sitapur,Sitapur,"[""Sitapur""]",13100000,1,1,1,1,1,2,7,1,
622,3321,Sivaganga,622,Sivaganga,Sivaganga,"[""Sivaganga""]",58000000,3,3,3,3,3,3,18,3,
311,1812,Sivasagar,311,Sivasagar,,,,3,2,3,1,3,3,15,3,
218,1016,Siwan,218,Siwan,Siwan,"[""Siwan""]",800000,3,2,2,2,2,2,13,2,
31,209,Solan,31,Solan,Solan,"[""Solan""]",521800000,3,3,3,3,3,3,18,3,
526,2730,Solapur,526,Solapur,Solapur,"[""Solapur""]",42200000,3,2,3,1,3,3,15,3,
200,969,Sonbhadra,200,Sonbhadra,Sonbhadra,"[""Sonbhadra""]",22800000,1,1,2,1,2,2,9,1,
76,608,Sonepat,76,Sonipat,Sonepat,"[""Sonipat"",""Sonepat""]",101500000,3,3,3,3,3,3,18,3,
306,1807,Sonitpur,306,Sonitpur,Sonitpur,"[""Sonitpur""]",19300000,2,2,1,1,2,1,9,1,
98,709,South Delhi,98,South Delhi,South Delhi,"[""South Delhi""]",151000000,3,3,3,3,3,3,18,3,South East Delhi
,,,,,South East Delhi,"[""South East Delhi""]",1200000,,,,,,,,,
244,1103,South Sikkim,243,South District,South Sikkim,"[""South Sikkim""]",6400000,3,3,3,3,3,3,18,3,
295,1703,South Garo Hills,295,South Garo Hills,,,,2,2,3,1,2,1,11,2,
586,3002,South Goa,586,South Goa,South Goa,"[""South Goa""]",19700000,3,3,3,3,3,3,18,3,
290,1602,South Tripura,290,South Tripura ,South Tripura,"[""South Tripura""]",4400000,2,2,3,1,3,1,12,2,
343,1917,South 24 Parganas,343,South Twenty Four Parganas,South 24 Parganas,"[""South 24 Parganas""]",6500000,2,2,3,3,2,3,15,3,
97,708,South West  Delhi,97,South West,,,,3,3,3,3,3,3,18,3,
99,801,Sri Ganganagar,99,Sri Ganganagar,Sri Ganganagar,"[""Sri Ganganagar"",""Ganganagar""]",0,3,3,3,3,3,3,18,3,
542,3701,Srikakulam,542,Srikakulam,Srikakulam,"[""Srikakulam""]",149600000,3,1,3,1,3,2,13,2,
10,110,Srinagar,10,Srinagar,Srinagar,"[""Srinagar""]",676300000,3,2,3,3,3,3,17,3,Ganderbal
392,2123,Subarnapur,392,Subarnapur,,,,1,1,1,1,2,2,8,1,
179,948,Sultanpur,179,Sultanpur,Sultanpur,"[""Sultanpur""]",2100000,3,1,2,1,1,2,10,1,
374,2105,Sundargarh,374,Sundargarh,Amethi,"[""Chatrapati Sahuji Mahraj Nagar"",""Amethi""]",134900000,2,3,1,1,3,3,13,2,
208,1006,Supaul,208,Supaul,,,,2,1,1,2,1,2,9,1,
492,2425,Surat,492,Surat,Surat,"[""Surat""]",429500000,3,3,3,3,3,3,18,3,Tapi
,,,,,Tapi,"[""Tapi"",""Vyara""]",6700000,,,,,,,,,
475,2408,Surendranagar,475,Surendranagar,Surendranagar,"[""Surendranagar""]",48800000,3,1,3,1,3,3,14,2,Morbi
,,,,,Morbi,"[""Morbi""]",14600000,,,,,,,,,
401,2202,Surguja,401,Surguja,Surguja,"[""Surguja""]",60200000,1,1,2,1,2,2,9,1,Surajpur
,,,,,Surajpur,"[""Surajpur""]",4300000,,,,,,,,,
273,1402,Tamenglong,273,Tamenglong ,,,,1,2,1,1,2,2,9,1,
245,1201,Tawang,245,Tawang,,,,2,2,3,1,3,3,14,2,
59,504,Tehri Garhwal,59,Tehri Garhwal,Tehri Garhwal,"[""Tehri Garhwal""]",398900000,3,2,3,1,3,3,15,3,
517,2721,Thane,517,Thane,Thane,"[""Thane""]",564000000,3,2,3,3,3,3,17,3,Palghar
,,,,,Palghar,"[""Palghar""]",238800000,,,,,,,,,
620,3319,Thanjavur,620,Thanjavur,Thanjavur,"[""Thanjavur""]",172000000,3,3,3,3,3,3,18,3,
489,2422,Dang,489,The Dangs,Dang,"[""Dangs"",""Dang"",""Ahwa""]",12400000,2,1,3,1,3,2,12,2,
611,3310,Nilgiris,611,The Nilgiris,Nilgiris,"[""Nilgiris""]",13900000,3,3,3,3,3,3,18,3,
624,3323,Theni,624,Theni  ,Theni,"[""Theni""]",4800000,3,1,3,3,3,3,16,3,
602,3301,Tiruvallur,602,Thiruvallur,Tiruvallur,"[""Tiruvallur""]",4200000,3,3,3,3,3,3,18,3,
601,3214,Thiruvananthapuram,601,Thiruvananthapuram,Thiruvananthapuram,"[""Thiruvananthapuram""]",175800000,3,3,3,3,3,1,16,3,
619,3318,Thiruvarur,619,Thiruvarur,Thiruvarur,"[""Tiruvarur"",""Thiruvarur""]",7500000,3,2,3,1,3,3,15,3,
627,3326,Thoothukudi,627,Thoothukkudi,Thoothukudi,"[""Thoothukudi"",""Tuticorin""]",140700000,3,3,3,3,3,3,18,3,
276,1405,Thoubal,276,Thoubal,Thoubal,"[""Thoubal""]",800000,3,2,3,1,3,1,13,2,
594,3207,Thrissur,594,Thrissur,Thrissur,"[""Thrissur""]",347700000,3,3,3,3,3,1,16,3,
424,2307,Tikamgarh,424,Tikamgarh,Tikamgarh,"[""Tikamgarh""]",800000,1,1,2,1,2,2,9,1,
309,1810,Tinsukia,309,Tinsukia,Tinsukia,"[""Tinsukia""]",182600000,3,2,2,1,2,3,13,2,
254,1210,Tirap,254,Tirap,,,,2,2,1,1,3,3,12,2,
614,3313,Tiruchirappalli,614,Tiruchirappalli,Tiruchirappalli,"[""Tiruchirappalli""]",97200000,3,3,3,3,3,3,18,3,
,3327,Tirunelveli,628,Tirunelveli ,Tirunelveli,"[""Tirunelveli""]",115700000,,,,,,,,,
606,3305,Tiruvannamalai,606,Tiruvannamalai,Tiruvannamalai,"[""Tiruvannamalai""]",4300000,3,1,3,1,3,3,14,2,
120,822,Tonk,120,Tonk ,Tonk,"[""Tonk""]",2100000,3,1,2,1,3,2,12,2,
267,1307,Tuensang,267,Tuensang,,,,1,2,1,1,2,3,10,1,"Longleng, Kiphire"
571,2917,Tumkur,571,Tumkur,Tumkur,"[""Tumakuru"",""Tumkur""]",23600000,3,1,3,1,3,3,14,2,
130,832,Udaipur,130,Udaipur,Udaipur,"[""Udaipur""]",231100000,2,1,2,1,2,2,10,1,
67,512,Udham Singh Nagar,67,Udham Singh Nagar,Udham Singh Nagar,"[""Udham Singh Nagar""]",3800000,3,2,2,1,3,2,13,2,
19,119,Udhampur,19,Udhampur,Udhampur,"[""Udhampur""]",12200000,3,3,3,1,3,1,14,2,Reasi
569,2915,Udupi,569,Udupi,Udupi,"[""Udupi""]",739100000,3,3,3,3,3,1,16,3,
435,2318,Ujjain,435,Ujjain,Ujjain,"[""Ujjain""]",36600000,3,2,3,1,3,2,14,2,
279,1408,Ukhrul,279,Ukhrul,,,,2,2,1,1,3,1,10,1,
431,2314,Umaria,431,Umaria,,,,1,1,2,1,2,2,9,1,
29,207,Una,29,Una,Una,"[""Una""]",5400000,3,3,3,1,3,3,16,3,
156,925,Unnao,156,Unnao,Unnao,"[""Unnao""]",1800000,1,1,1,1,1,2,7,1,
252,1208,Upper Siang,252,Upper Siang,,,,2,1,3,1,3,3,13,2,
249,1205,Upper Subansiri,249,Upper Subansiri,,,,2,1,1,1,3,3,11,2,
413,2214,Kanker,413,Uttar Bastar Kanker,Kanker,"[""Kanker"",""North Bastar""]",34300000,1,1,2,1,2,2,9,1,
330,1904,Uttar Dinajpur,330,Uttar Dinajpur,,,,2,1,1,2,2,2,10,1,
563,2909,Uttara Kannada,563,Uttara Kannada,Uttara Kannada,"[""Uttara Kannada"",""Karwar""]",7000000,3,3,3,3,3,1,16,3,
56,501,Uttarkashi,56,Uttarkashi,Uttarkashi,"[""Uttarkashi""]",20300000,3,1,3,1,3,3,14,2,
486,2419,Vadodara,486,Vadodara,Vadodara,"[""Vadodara""]",440400000,3,3,3,3,3,3,18,3,
220,1018,Vaishali,220,Vaishali,Vaishali,"[""Vaishali""]",56800000,2,1,1,2,1,2,9,1,
491,2424,Valsad,491,Valsad,Valsad,"[""Valsad""]",80000000,3,3,3,3,3,3,18,3,
197,966,Varanasi,197,Varanasi,Varanasi,"[""Varanasi""]",298400000,3,2,2,3,2,3,15,3,
605,3304,Vellore,605,Vellore,Vellore,"[""Vellore""]",2214400000,3,3,3,3,3,3,18,3,
443,2326,Vidisha,443,Vidisha,Vidisha,"[""Vidisha""]",4300000,2,1,2,1,3,2,11,2,
607,3306,Villupuram,607,Viluppuram,,,,3,1,3,1,3,3,14,2,
,3324,Virudhunagar,625,Virudhunagar,Virudhunagar,"[""Virudhunagar""]",67400000,,,,,,,,,
544,3703,Vishakhapatnam,544,Visakhapatnam,Vishakhapatnam,"[""Visakhapatnam"",""Vishakhapatnam""]",406500000,2,2,3,3,3,3,16,3,
543,3702,Vizianagaram,543,Vizianagaram,Vizianagaram,"[""Vizianagaram""]",2800000,3,1,3,1,3,2,13,2,
540,3609,Warangal,540,Warangal,Warangal Urban,"[""Warangal Urban""]",16200000,3,1,2,1,3,3,13,2,
504,2708,Wardha,504,Wardha,Wardha,"[""Wardha""]",226200000,3,2,3,1,3,3,15,3,
502,2706,Washim,502,Washim,Washim,"[""Washim""]",200000,3,1,2,1,3,1,11,2,
590,3203,Wayanad,590,Wayanad,Wayanad,"[""Wayanad""]",11100000,3,3,3,3,3,1,16,3,
96,707,West Delhi,96,West,West Delhi,"[""West Delhi""]",558300000,3,3,3,3,3,3,18,3,
243,1102,West Sikkim,242,West District,East Sikkim,"[""East Sikkim""]",4500000,3,3,3,3,3,3,18,3,
293,1701,West Garo Hills,293,West Garo Hills,,,,2,2,2,1,2,1,10,1,
546,3705,West Godavari,546,West Godavari,West Godavari,"[""West Godavari""]",65100000,3,2,3,1,3,3,15,3,
246,1202,West Kameng,246,West Kameng,,,,3,2,2,1,3,3,14,2,
296,1704,West Khasi Hills,296,West Khasi Hills,,,,1,1,1,1,2,2,8,1,
250,1206,West Siang,250,West Siang,,,,3,2,3,1,3,3,15,3,
289,1601,West Tripura,289,West Tripura ,West Tripura,"[""West Tripura""]",10900000,3,3,3,3,3,3,18,3,
264,1304,Wokha,264,Wokha,,,,3,2,3,1,3,1,13,2,
71,603,Yamuna Nagar,71,Yamunanagar,Yamuna Nagar,"[""Yamunanagar"",""Yamuna Nagar""]",17800000,3,3,2,3,3,3,17,3,
634,3401,Yanam,634,Yanam,,,,3,3,3,3,3,3,18,3,
510,2714,Yavatmal,510,Yavatmal,Yavatmal,"[""Yavatmal""]",31400000,3,2,2,1,2,1,11,2,
263,1303,Zunheboto,263,Zunheboto,,,,3,2,3,1,3,3,15,3,
94,,,,,,,,3,3,3,3,3,3,18,3,
153,,,,,,,,1,1,1,1,2,2,8,1,
373,,,,,,,,1,1,1,1,1,2,7,1,
551,,,,,,,,3,1,3,1,3,3,14,2,
