census_code,id,dist_name,id(ours),dist_name(ors),ASSET_2019,BF_2019,CHH_2019,FC_2019,MSL_2019,MSW_2019,Aggregate_2019,ADI_Level,seperated from
1,101,Kupwara,1,Kupwara,2,1,1,1,3,1,9,1,
2,102,Budgam,2,Budgam,3,1,2,1,3,3,13,2,
3,103,Leh,3,Leh(Ladakh),3,2,3,3,3,1,15,3,
4,104,Kargil,4,Kargil,2,3,3,3,3,3,17,3,
5,105,Poonch,5,punch,2,1,1,1,3,2,10,1,
6,106,Rajouri,6,Rajouri,2,1,2,1,3,1,10,1,
7,107,Kathua,7,Kathua,3,2,3,1,3,3,15,3,
8,108,Baramulla,8,Baramula,3,1,2,1,3,3,13,2,Bandipore
10,110,Srinagar,10,Srinagar,3,2,3,3,3,3,17,3,Ganderbal
12,112,Pulwama,12,Pulwama,3,2,3,1,3,3,15,3,
14,114,Anantnag,14,Anantnag,3,1,2,1,3,3,13,2,"Kulgam, Shupiyan"
16,116,Doda,16,Doda,1,2,2,1,3,3,12,2,"Ramban, Kishtwar"
19,119,Udhampur,19,Udhampur,3,3,3,1,3,1,14,2,Reasi
21,121,Jammu,21,Jammu,3,3,3,3,3,3,18,3,Samba
23,201,Chamba,23,Chamba,3,2,3,1,3,3,15,3,
24,202,Kangra,24,Kangra,3,3,3,3,3,3,18,3,
25,203,Lahaul And Spiti,25,Lahul & Spiti,3,3,3,1,3,3,16,3,
26,204,Kullu,26,Kullu,3,2,3,1,3,3,15,3,
27,205,Mandi,27,Mandi,3,3,3,1,3,3,16,3,
28,206,Hamirpur,28,Hamirpur,3,3,3,1,3,3,16,3,
29,207,Una,29,Una,3,3,3,1,3,3,16,3,
30,208,Bilaspur,30,Bilaspur,3,3,3,3,3,3,18,3,
31,209,Solan,31,Solan,3,3,3,3,3,3,18,3,
32,210,Sirmaur,32,Sirmaur,3,3,3,1,3,3,16,3,
33,211,Shimla,33,Shimla,3,3,3,3,3,3,18,3,
34,212,Kinnaur,34,Kinnaur,3,3,3,3,3,3,18,3,
35,301,Gurdaspur,35,Gurdaspur,3,2,3,3,3,3,17,3,
36,302,Kapurthala,36,Kapurthala ,3,3,3,3,3,3,18,3,
37,303,Jalandhar,37,Jalandhar,3,3,3,3,3,3,18,3,
38,304,Hoshiarpur,38,Hoshiarpur,3,3,3,3,3,3,18,3,
39,305,Shaheed Bhagat Singh Nagar,39,Shahid Bhagat Singh Nagar ,3,3,3,3,3,3,18,3,
40,306,Fatehgarh Sahib,40,Fatehgarh Sahib,3,3,3,3,3,3,18,3,
41,307,Ludhiana,41,Ludhiana,3,3,3,3,3,3,18,3,
42,308,Moga,42,Moga,3,2,2,2,3,2,14,2,
43,309,Ferozepur,43,Firozpur,3,2,2,2,3,2,14,2,
44,310,Sri Muktsar Sahib,44,Muktsar,3,2,1,3,3,3,15,3,
45,311,Faridkot,45,Faridkot,3,3,3,3,3,3,18,3,
46,312,Bathinda,46,Bathinda,3,2,2,3,3,3,16,3,
47,313,Mansa,47,Mansa,3,2,2,2,3,2,14,2,
48,314,Patiala,48,Patiala,3,3,2,3,3,3,17,3,Sahibzada Ajit Singh Nagar
49,315,Amritsar,49,Amritsar,3,3,2,3,3,3,17,3,Tarn Taran
51,317,Rupnagar,51,Rupnagar,3,3,3,3,3,3,18,3,
53,319,Sangrur,53,Sangrur,3,2,2,3,3,2,15,3,Barnala
55,401,Chandigarh,55,Chandigarh,3,3,3,3,3,3,18,3,
56,501,Uttarkashi,56,Uttarkashi,3,1,3,1,3,3,14,2,
57,502,Chamoli,57,Chamoli,3,2,3,1,3,3,15,3,
58,503,Rudraprayag,58,Rudraprayag,3,2,3,1,3,3,15,3,
59,504,Tehri Garhwal,59,Tehri Garhwal,3,2,3,1,3,3,15,3,
60,505,Dehradun,60,Dehradun,3,3,3,3,3,3,18,3,
61,506,Pauri Garhwal,61, Garhwal,3,2,3,1,3,3,15,3,
62,507,Pithoragarh,62,Pithoragarh,3,2,3,1,3,3,15,3,
63,508,Bageshwar,63,Bageshwar,3,2,2,1,3,3,14,2,
64,509,Almora,64,Almora,3,2,3,1,3,3,15,3,
65,510,Champawat,65,Champawat,3,3,3,1,3,3,16,3,
66,511,Nainital,66,Nainital,3,3,3,3,3,3,18,3,
67,512,Udham Singh Nagar,67,Udham Singh Nagar,3,2,2,1,3,2,13,2,
68,513,Haridwar,68,Hardwar,3,3,2,3,3,3,17,3,
69,601,Panchkula,69,Panchkula,3,3,3,3,3,3,18,3,
70,602,Ambala,70,Ambala,3,3,3,3,3,3,18,3,
71,603,Yamuna Nagar,71,Yamunanagar,3,3,2,3,3,3,17,3,
72,604,Kurukshetra,72,Kurukshetra,3,3,3,3,3,3,18,3,
73,605,Kaithal,73,Kaithal,3,2,2,2,3,3,15,3,
74,606,Karnal,74,Karnal,3,2,2,2,3,3,15,3,
75,607,Panipat,75,Panipat,3,3,3,3,3,3,18,3,
76,608,Sonepat,76,Sonipat,3,3,3,3,3,3,18,3,
77,609,Jind,77,Jind,3,2,2,2,3,3,15,3,
78,610,Fatehabad,78,Fatehabad,3,2,2,2,3,3,15,3,
79,611,Sirsa,79,Sirsa,3,3,2,2,3,3,16,3,
80,612,Hisar,80,Hisar,3,2,2,2,3,3,15,3,
81,613,Bhiwani,81,Bhiwani,3,2,3,2,3,3,16,3,
82,614,Rohtak,82,Rohtak,3,3,3,3,3,3,18,3,
83,615,Jhajjar,83,Jhajjar,3,3,2,3,3,3,17,3,
84,616,Mahendragarh,84,Mahendragarh,3,3,3,2,3,3,17,3,
85,617,Rewari,85,Rewari,3,3,3,3,3,3,18,3,
86,618,Gurgaon,86,Gurgaon,3,3,3,3,3,3,18,3,Mewat 
88,620,Faridabad,88,Faridabad,3,3,3,3,3,3,18,3,Palwal 
90,701,North West  Delhi,90,North West,3,3,3,3,3,3,18,3,
91,702,North Delhi,91,North,3,3,3,3,3,3,18,3,
92,703,North East  Delhi,92,North East,3,3,3,3,3,3,18,3,
93,705,Delhi,93,east delhi,3,3,3,3,3,3,18,3,
94,,,,,3,3,3,3,3,3,18,3,
95,706,Central Delhi,95,Central,3,3,3,3,3,3,18,3,
96,707,West Delhi,96,West,3,3,3,3,3,3,18,3,
97,708,South West  Delhi,97,South West,3,3,3,3,3,3,18,3,
98,709,South Delhi,98,South Delhi,3,3,3,3,3,3,18,3,
99,801,Sri Ganganagar,99,Sri Ganganagar,3,3,3,3,3,3,18,3,
100,802,Hanumangarh,100,Hanumangarh ,3,2,3,2,3,3,16,3,
101,803,Bikaner,101,Bikaner,3,3,2,1,2,3,14,2,
102,804,Churu,102,Churu ,3,3,2,1,3,3,15,3,
103,805,Jhunjhunu,103,Jhunjhunun,3,3,3,1,3,3,16,3,
104,806,Alwar,104,Alwar,3,1,2,2,3,2,13,2,
105,807,Bharatpur,105,Bharatpur ,3,1,3,2,2,2,13,2,
106,808,Dhaulpur,106,Dhaulpur,3,1,2,2,3,2,13,2,
107,809,Karauli,107,Karauli ,2,1,1,2,3,2,11,2,
108,810,Sawai Madhopur,108,Sawai Madhopur ,3,1,2,2,3,2,13,2,
109,811,Dausa,109,Dausa ,3,1,2,1,3,2,12,2,
110,812,Jaipur,110,Jaipur ,3,3,3,3,3,3,18,3,
111,813,Sikar,111,Sikar,3,3,3,1,3,3,16,3,
112,814,Nagaur,112,Nagaur,3,1,2,1,3,1,11,2,
113,815,Jodhpur,113,Jodhpur,2,1,2,1,3,1,10,1,
114,816,Jaisalmer,114,Jaisalmer,2,1,1,1,2,2,9,1,
115,817,Barmer,115,Barmer ,3,1,1,1,2,1,9,1,
116,818,Jalore,116,Jalor,3,1,1,1,3,1,10,1,
117,819,Sirohi,117,Sirohi,2,1,3,1,3,3,13,2,
118,820,Pali,118,Pali ,3,1,3,1,3,1,12,2,
119,821,Ajmer,119,Ajmer,3,3,3,1,3,3,16,3,
120,822,Tonk,120,Tonk ,3,1,2,1,3,2,12,2,
121,823,Bundi,121,Bundi ,2,1,2,1,3,2,11,2,
122,824,Bhilwara,122,Bhilwara,2,1,2,1,3,2,11,2,
123,825,Rajsamand,123,Rajsamand,3,1,2,1,3,3,13,2,
124,826,Dungarpur,124,Dungarpur ,1,1,1,1,2,2,8,1,
125,827,Banswara,125,Banswara ,1,1,1,1,1,2,7,1,
126,828,Chittaurgarh,126,Chittaurgarh ,3,1,2,1,3,2,12,2,Pratapgarh 
127,829,Kota,127,Kota ,3,3,3,3,3,3,18,3,
128,830,Baran,128,Baran ,3,1,2,1,2,2,11,2,
129,831,Jhalawar,129,Jhalawar,2,1,1,1,3,2,10,1,
130,832,Udaipur,130,Udaipur,2,1,2,1,2,2,10,1,
132,901,Saharanpur,132,Saharanpur,3,2,2,2,3,2,14,2,
133,902,Muzaffarnagar,133,Muzaffarnagar,3,2,2,2,3,2,14,2,
134,903,Bijnor,134,Bijnor,2,2,2,1,2,2,11,2,
135,904,Moradabad,135,Moradabad,3,1,1,2,2,2,11,2,
136,905,Rampur,136,Rampur,3,1,1,2,1,2,10,1,
137,906,Amroha,137,amroha/jyotibha phule nagar,3,1,1,2,2,2,11,2,
138,907,Meerut,138,Meerut,3,3,3,3,3,2,17,3,
139,908,Bagpat,139,Baghpat,3,2,3,2,3,2,15,3,
140,909,Ghaziabad,140,Ghaziabad,3,3,3,3,3,2,17,3,
141,910,Gautam Buddh Nagar,141,Gautam Buddha Nagar,3,3,3,3,3,3,18,3,
142,911,Bulandshahar,142,Bulandshahr ,3,3,1,2,2,2,13,2,
143,912,Aligarh,143,Aligarh,3,2,2,2,2,2,13,2,
144,913,Hathras,144,Hathras,3,1,1,2,3,2,12,2,
145,914,Mathura,145,Mathura,3,1,2,2,2,2,12,2,
146,915,Agra,146,Agra,3,1,3,2,3,2,14,2,
147,916,Firozabad,147,Firozabad,3,1,1,2,2,2,11,2,
148,917,Mainpuri,148,Mainpuri,3,1,1,2,2,2,11,2,
149,918,Badaun,149,Badaun,1,1,1,2,1,2,8,1,
150,919,Bareilly,150,Bareilly,3,1,1,2,2,2,11,2,
151,920,Pilibhit,151,Pilibhit,3,1,1,1,1,2,9,1,
152,921,Shahjahanpur,152,Shahjahanpur,1,1,1,2,1,2,8,1,
153,,,,,1,1,1,1,2,2,8,1,
154,923,Sitapur,154,Sitapur,1,1,1,1,1,2,7,1,
155,924,Hardoi,155,Hardoi,1,1,1,2,1,2,8,1,
156,925,Unnao,156,Unnao,1,1,1,1,1,2,7,1,
157,926,Lucknow,157,Lucknow,3,3,3,3,2,2,16,3,
158,927,Rae Bareli,158,Rae Bareli,3,1,1,1,1,2,9,1,
159,928,Farrukhabad,159,Farrukhabad,3,1,1,2,2,2,11,2,
160,929,Kannauj,160,Kannauj,2,1,1,2,1,2,9,1,
161,930,Etawah,161,Etawah,3,1,1,1,2,2,10,1,
162,931,Auraiya,162,Auraiya,3,1,1,1,2,2,10,1,
163,932,Kanpur Dehat,163,Kanpur Dehat,2,2,1,2,1,2,10,1,
164,933,Kanpur Nagar,164,Kanpur Nagar,3,3,3,3,3,3,18,3,
165,934,Jalaun,165,Jalaun ,3,1,1,2,1,2,10,1,
166,935,Jhansi,166,Jhansi,3,1,2,2,3,2,13,2,
167,936,Lalitpur,167,Lalitpur,1,1,2,1,1,2,8,1,
168,937,Hamirpur,168,Hamirpur,2,1,2,2,1,2,10,1,
169,938,Mahoba,169,Mahoba,3,1,2,2,1,2,11,2,
170,939,Banda,170,Banda,1,1,2,1,1,2,8,1,
171,940,Chitrakoot,171,Chitrakoot,1,1,2,1,1,2,8,1,
172,941,Fatehpur,172,Fatehpur,2,1,1,1,1,2,8,1,
173,833,Pratapgarh,173,Pratapgarh,3,1,2,1,1,2,10,1,
174,943,Kaushambi,174,Kaushambi,2,1,1,1,1,2,8,1,
175,944,Allahabad,175,Allahabad ,3,1,2,2,2,2,12,2,
176,945,Barabanki,176,Bara Banki,2,1,1,1,1,2,8,1,
177,946,Faizabad,177,Faizabad,3,1,2,1,1,2,10,1,
178,947,Ambedkar Nagar,178,Ambedkar Nagar,3,1,2,2,1,2,11,2,
179,948,Sultanpur,179,Sultanpur,3,1,2,1,1,2,10,1,
180,949,Bahraich,180,Bahraich,1,1,1,1,1,2,7,1,
181,950,Shrawasti,181,Shrawasti,2,1,1,1,1,2,8,1,
182,951,Balrampur,182,Balrampur,1,1,1,1,1,2,7,1,
183,952,Gonda,183,Gonda,3,1,1,1,1,2,9,1,
184,953,Siddharthnagar,184,Siddharthnagar,1,1,2,2,1,2,9,1,
185,954,Basti,185,Basti,3,1,2,1,1,2,10,1,
186,955,Sant Kabir Nagar,186,Sant Kabir Nagar,3,1,2,2,1,2,11,2,
187,956,Maharajganj,187,Mahrajganj,3,1,1,1,1,2,9,1,
188,957,Gorakhpur,188,Gorakhpur,3,1,2,1,3,2,12,2,
189,958,Kushinagar,189,Kushinagar,3,1,1,2,1,2,10,1,
190,959,Deoria,190,Deoria,3,1,2,1,2,2,11,2,
191,960,Azamgarh,191,Azamgarh,3,1,2,2,1,2,11,2,
192,961,Mau,192,Mau,3,1,2,2,3,2,13,2,
193,962,Ballia,193,Ballia,3,2,2,2,2,2,13,2,
194,963,Jaunpur,194,Jaunpur,3,1,2,2,1,2,11,2,
195,964,Ghazipur,195,Ghazipur,3,1,1,2,1,2,10,1,
196,965,Chandauli,196,Chandauli,3,1,2,2,1,2,11,2,
197,966,Varanasi,197,Varanasi,3,2,2,3,2,3,15,3,
198,967,Sant Ravidas Nagar,198,Sant Ravidas Nagar (Bhadohi),3,1,2,2,2,2,12,2,
199,968,Mirzapur,199,Mirzapur,3,1,2,2,1,2,11,2,
200,969,Sonbhadra,200,Sonbhadra,1,1,2,1,2,2,9,1,
201,970,Etah,201,Etah,3,1,1,2,2,2,11,2,Kanshiram Nagar
203,1001,Pashchim Champaran,203,Pashchim Champaran,2,1,1,1,1,2,8,1,
204,1002,Purvi Champaran,204,Purba Champaran,2,1,1,2,1,2,9,1,
205,1003,Sheohar,205,Sheohar,2,1,1,2,1,2,9,1,
206,1004,Sitamarhi,206,Sitamarhi,2,1,1,2,1,2,9,1,
207,1005,Madhubani,207,Madhubani,1,1,2,2,1,2,9,1,
208,1006,Supaul,208,Supaul,2,1,1,2,1,2,9,1,
209,1007,Araria,209,Araria,1,1,1,2,1,2,8,1,
210,1008,Kishanganj,210,Kishanganj,1,1,1,2,1,2,8,1,
211,1009,Purnia,211,Purnia,1,1,1,2,1,2,8,1,
212,1010,Katihar,212,Katihar,1,1,1,2,1,2,8,1,
213,1011,Madhepura,213,Madhepura,1,1,1,2,1,2,8,1,
214,1012,Saharsa,214,Saharsa,1,1,1,2,1,2,8,1,
215,1013,Darbhanga,215,Darbhanga,1,1,1,2,1,2,8,1,
216,1014,Muzaffarpur,216,Muzaffarpur,1,1,1,2,1,2,8,1,
217,1015,Gopalganj,217,Gopalganj,3,1,1,2,1,2,10,1,
218,1016,Siwan,218,Siwan,3,2,2,2,2,2,13,2,
219,1017,Saran,219,Saran,2,1,1,2,1,2,9,1,
220,1018,Vaishali,220,Vaishali,2,1,1,2,1,2,9,1,
221,1019,Samastipur,221,Samastipur,1,1,1,2,1,2,8,1,
222,1020,Begusarai,222,Begusarai,1,1,1,2,1,2,8,1,
223,1021,Khagaria,223,Khagaria,1,1,1,2,1,2,8,1,
224,1022,Bhagalpur,224,Bhagalpur,1,1,1,2,1,2,8,1,
225,1023,Banka,225,Banka,1,1,1,2,1,2,8,1,
226,1024,Munger,226,Munger,2,1,1,2,2,2,10,1,
227,1025,Lakhisarai,227,Lakhisarai,1,1,1,2,1,2,8,1,
228,1026,Sheikhpura,228,Sheikhpura,3,1,1,2,1,2,10,1,
229,1027,Nalanda,229,Nalanda,1,1,1,2,1,2,8,1,
230,1028,Patna,230,Patna,3,2,2,2,3,2,14,2,
231,1029,Bhojpur,231,Bhojpur,1,2,1,2,1,2,9,1,
232,1030,Buxar,232,Buxar,2,2,1,2,2,2,11,2,
233,1031,Kaimur,233,Kaimur (Bhabua),1,1,1,2,1,2,8,1,
234,1032,Rohtas,234,Rohtas,3,1,1,2,1,2,10,1,
235,1033,Aurangabad,235,Aurangabad,1,1,1,2,1,2,8,1,
236,1034,Gaya,236,Gaya,1,1,1,2,1,2,8,1,
237,1035,Nawada,237,Nawada,1,1,1,1,1,2,7,1,
238,1036,Jamui,238,Jamui,2,1,1,2,1,2,9,1,
239,1037,Jehanabad,239,Jehanabad ,1,1,1,2,1,2,8,1,
241,1038,Arwal,240,Arwal,3,3,3,1,3,3,16,3,
242,1101,North Sikkim,241,North  District,2,3,2,1,3,3,14,2,
243,1102,West Sikkim,242,West District,3,3,3,3,3,3,18,3,
244,1103,South Sikkim,243,South District,3,3,3,3,3,3,18,3,
245,1201,Tawang,245,Tawang,2,2,3,1,3,3,14,2,
246,1202,West Kameng,246,West Kameng,3,2,2,1,3,3,14,2,
247,1203,East Kameng,247,East Kameng,2,1,1,1,3,3,11,2,
248,1204,Papum Pare,248,Papum Pare,3,3,3,3,3,3,18,3,
249,1205,Upper Subansiri,249,Upper Subansiri,2,1,1,1,3,3,11,2,
250,1206,West Siang,250,West Siang,3,2,3,1,3,3,15,3,
251,1207,East Siang,251,East Siang,3,2,2,1,3,3,14,2,
252,1208,Upper Siang,252,Upper Siang,2,1,3,1,3,3,13,2,
253,1209,Changlang,253,Changlang,3,2,2,1,3,3,14,2,
254,1210,Tirap,254,Tirap,2,2,1,1,3,3,12,2,
255,1211,Lower Subansiri,255,Lower Subansiri,2,1,3,1,3,3,13,2,
257,1213,Dibang Valley,257,Dibang Valley,3,2,3,1,3,3,15,3,Lower Dibang Valley
261,1301,Mon,261,Mon,1,2,1,1,1,1,7,1,
262,1302,Mokokchung,262,Mokokchung,3,3,3,3,3,1,16,3,
263,1303,Zunheboto,263,Zunheboto,3,2,3,1,3,3,15,3,
264,1304,Wokha,264,Wokha,3,2,3,1,3,1,13,2,
265,1305,Dimapur,265,Dimapur ,3,3,3,3,3,1,16,3,
266,1306,Phek,266,Phek,3,2,2,1,3,3,14,2,
267,1307,Tuensang,267,Tuensang,1,2,1,1,2,3,10,1,"Longleng, Kiphire"
270,1310,Kohima,270,Kohima,3,3,3,3,3,1,16,3,Peren
272,1401,Senapati,272,Senapati,1,2,1,1,3,1,9,1,
273,1402,Tamenglong,273,Tamenglong ,1,2,1,1,2,2,9,1,
274,1403,Churachandpur,274,Churachandpur,2,2,2,1,3,1,11,2,
275,1404,Bishnupur,275,Bishnupur,3,2,3,3,3,1,15,3,
276,1405,Thoubal,276,Thoubal,3,2,3,1,3,1,13,2,
277,1406,Imphal West,277,Imphal West,3,3,3,3,3,3,18,3,
278,1407,Imphal East,278,Imphal East,3,3,3,3,3,1,16,3,
279,1408,Ukhrul,279,Ukhrul,2,2,1,1,3,1,10,1,
280,1409,Chandel,280,Chandel,3,2,1,1,2,1,10,1,
281,1501,Mamit,281,Mamit,3,2,2,1,3,1,12,2,
282,1502,Kolasib,282,Kolasib,3,3,3,3,3,3,18,3,
283,1503,Aizawl,283,Aizawl,3,3,3,3,3,3,18,3,
284,1504,Champhai,284,Champhai,3,2,2,1,3,3,14,2,
285,1505,Serchhip,285,Serchhip,3,3,2,1,3,3,15,3,
286,1506,Lunglei,286,Lunglei,3,2,2,1,3,1,12,2,
287,1507,Lawngtlai,287,Lawngtlai,2,2,2,1,3,1,11,2,
288,1508,Saiha,288,Saiha,3,2,3,3,3,3,17,3,
289,1601,West Tripura,289,West Tripura ,3,3,3,3,3,3,18,3,
290,1602,South Tripura,290,South Tripura ,2,2,3,1,3,1,12,2,
291,1603,Dhalai,291,Dhalai,2,2,3,1,3,1,12,2,
292,1604,North Tripura,292,North Tripura,3,3,3,3,3,1,16,3,
293,1701,West Garo Hills,293,West Garo Hills,2,2,2,1,2,1,10,1,
294,1702,East Garo Hills,294,East Garo Hills,1,2,2,1,2,2,10,1,
295,1703,South Garo Hills,295,South Garo Hills,2,2,3,1,2,1,11,2,
296,1704,West Khasi Hills,296,West Khasi Hills,1,1,1,1,2,2,8,1,
297,1705,Ri-Bhoi,297,Ribhoi,2,2,1,1,2,1,9,1,
298,1706,East Khasi Hills,298,East Khasi Hills,3,3,3,3,3,3,18,3,
299,1707,West Jaintia Hills,299,Jaintia Hills,2,1,2,1,2,1,9,1,
300,1801,Kokrajhar,300,Kokrajhar,2,1,1,1,2,2,9,1,
301,1802,Dhubri,301,Dhubri,2,1,1,1,2,2,9,1,
302,1803,Goalpara,302,Goalpara,2,2,1,1,2,2,10,1,
303,1804,Barpeta,303,Barpeta,2,1,1,2,2,2,10,1,
304,1805,Morigaon,304,Morigaon,2,2,1,1,2,2,10,1,
305,1806,Nagaon,305,Nagaon,1,2,1,1,2,2,9,1,
306,1807,Sonitpur,306,Sonitpur,2,2,1,1,2,1,9,1,
307,1808,Lakhimpur,307,Lakhimpur,2,2,1,1,2,2,10,1,
308,1809,Dhemaji,308,Dhemaji,2,1,1,1,1,2,8,1,
309,1810,Tinsukia,309,Tinsukia,3,2,2,1,2,3,13,2,
310,1811,Dibrugarh,310,Dibrugarh,3,3,2,1,2,3,14,2,
311,1812,Sivasagar,311,Sivasagar,3,2,3,1,3,3,15,3,
312,1813,Jorhat,312,Jorhat,3,2,3,3,3,3,17,3,
313,1814,Golaghat,313,Golaghat,2,2,1,1,2,3,11,2,
314,1815,Karbi Anglong,314,Karbi Anglong,1,2,1,1,1,2,8,1,
315,1816,Dima Hasao,315,Dima Hasao,2,2,1,1,3,1,10,1,
316,1817,Cachar,316,Cachar,3,3,1,3,2,1,13,2,
317,1818,Karimganj,317,Karimganj,2,2,2,1,2,1,10,1,
318,1819,Hailakandi,318,Hailakandi,2,2,1,1,1,1,8,1,
319,1820,Bongaigaon,319,Bongaigaon,2,1,1,1,2,2,9,1,Chirang
321,1822,Kamrup,321,Kamrup,3,3,3,3,3,3,18,3,Kamrup Metropolitan
323,1824,Nalbari,323,Nalbari,3,3,1,3,3,3,16,3,Baksa
325,1826,Darrang,325,Darrang,2,1,1,1,2,2,9,1,Udalguri
327,1901,Darjeeling,327,Darjiling ,3,3,3,3,3,1,16,3,
328,1902,Jalpaiguri,328,Jalpaiguri ,2,3,1,1,2,1,10,1,
329,1903,Cooch Behar,329,Koch Bihar ,2,2,1,1,2,2,10,1,
330,1904,Uttar Dinajpur,330,Uttar Dinajpur,2,1,1,2,2,2,10,1,
331,1905,Dakshin Dinajpur,331,Dakshin Dinajpur,2,2,1,2,2,2,11,2,
332,1906,Malda,332,Maldah ,2,1,1,2,2,2,10,1,
333,1907,Murshidabad,333,Murshidabad ,2,1,1,2,2,2,10,1,
334,1908,Birbhum,334,Birbhum,2,1,2,2,2,2,11,2,
335,1909,Bardhaman,335,Barddhaman ,3,3,2,3,3,3,17,3,
336,1910,Nadia,336,Nadia ,2,2,1,2,2,2,11,2,
337,1911,North 24 Parganas,337,North Twenty Four Parganas,3,3,3,3,3,3,18,3,
338,1912,Hooghly,338,Hugli ,3,3,3,3,3,3,18,3,
339,1913,Bankura,339,Bankura ,2,1,1,2,2,2,10,1,
340,1914,Purulia,340,Puruliya,2,1,1,1,2,2,9,1,
341,1915,Howrah,341,Howrah,3,3,3,3,3,3,18,3,
342,1916,Kolkata,342,Kolkata,3,3,3,3,3,3,18,3,
343,1917,South 24 Parganas,343,South Twenty Four Parganas,2,2,3,3,2,3,15,3,
344,1918,West Medinipur,344,Medinipur,2,3,2,2,3,2,14,2,"Purba Medinipur, Paschim Medinipur"
346,2001,Garhwa,346,Garhwa ,1,1,1,1,1,2,7,1,
347,2002,Chatra,347,Chatra,1,1,1,1,1,2,7,1,
348,2003,Koderma,348,Kodarma,3,1,2,1,2,1,10,1,
349,2004,Giridih,349,Giridih,1,1,2,1,1,1,7,1,
350,2104,Deogarh,350,Deoghar,2,1,1,2,2,2,10,1,
351,2006,Godda,351,Godda,1,1,1,2,1,2,8,1,
352,2007,Sahibganj,352,Sahibganj,2,1,1,2,2,2,10,1,
353,2008,Pakur,353,Pakur,2,1,2,2,2,2,11,2,
354,2009,Dhanbad,354,Dhanbad,3,3,2,3,3,1,15,3,
355,2010,Bokaro,355,Bokaro,3,1,2,2,2,1,11,2,
356,2011,Lohardaga,356,Lohardaga,1,1,1,1,1,1,6,1,
357,2012,East Singhbhum,357,East Singhbhum,3,3,2,3,3,3,17,3,
358,2013,Palamu,358,Palamu,1,1,1,1,1,2,7,1,Latehar
360,2015,Hazaribagh,360,Hazaribagh,3,1,2,2,2,1,11,2,Ramgarh
362,2017,Dumka,362,Dumka,1,1,1,1,1,2,7,1,Jamtara
364,2019,Ranchi,364,Ranchi,3,1,2,1,2,1,10,1,Khunti
366,2021,Gumla,366,Gumla,1,1,1,1,1,1,6,1,Simdega
368,2023,West Singhbhum,368,Pashchimi Singhbhum,2,1,3,1,2,2,11,2,Saraikela-Kharsawan
370,2101,Bargarh,370,Bargarh,1,1,1,1,2,2,8,1,
371,2102,Jharsuguda,371,Jharsuguda,3,3,3,3,3,3,18,3,
372,2103,Sambalpur,372,Sambalpur,2,3,3,1,3,2,14,2,
373,,,,,1,1,1,1,1,2,7,1,
374,2105,Sundargarh,374,Sundargarh,2,3,1,1,3,3,13,2,
375,2106,Kendujhar,375,Kendujhar,2,1,1,1,2,2,9,1,
376,2107,Mayurbhanj,376,Mayurbhanj,1,1,1,1,1,2,7,1,
377,2108,Balasore,377,Baleshwar,2,2,2,2,3,2,13,2,
378,2109,Bhadrak,378,Bhadrak,1,1,1,2,3,2,10,1,
379,2110,Kendrapara,379,Kendrapara ,3,1,1,2,2,2,11,2,
380,2111,Jagatsinghpur,380,Jagatsinghapur ,2,3,2,2,3,2,14,2,
381,2112,Cuttack,381,Cuttack,3,1,1,3,3,3,14,2,
382,2113,Jajpur,382,Jajapur  ,2,2,1,2,3,2,12,2,
383,2114,Dhenkanal,383,Dhenkanal,2,2,1,1,3,1,10,1,
384,2115,Angul,384,Anugul,2,1,1,1,2,1,8,1,
385,2116,Nayagarh,385,Nayagarh  ,2,2,1,1,3,2,11,2,
386,2117,Khordha,386,Khordha ,3,3,3,3,3,1,16,3,
387,2118,Puri,387,Puri,2,3,1,2,3,2,13,2,
388,2119,Ganjam,388,Ganjam,2,1,1,1,2,2,9,1,
389,2120,Gajapati,389,Gajapati,1,1,1,1,2,2,8,1,
390,2121,Kandhamal,390,Kandhamal,1,1,1,1,1,1,6,1,
391,2122,Boudh,391,Boudh,1,1,1,1,1,2,7,1,
392,2123,Subarnapur,392,Subarnapur,1,1,1,1,2,2,8,1,
393,2124,Balangir,393,Balangir,2,1,1,1,2,2,9,1,
394,2125,Nuapada,394,Nuapada,1,1,1,1,2,2,8,1,
395,2126,Kalahandi,395,Kalahandi,1,1,1,1,1,2,7,1,
396,2127,Rayagada,396,Rayagada  ,1,1,1,1,2,2,8,1,
397,2128,Nabarangpur,397,Nabarangapur ,1,1,1,1,1,2,7,1,
398,2129,Koraput,398,Koraput,2,1,1,1,1,2,8,1,
399,2130,Malkangiri,399,Malkangiri  ,3,1,1,1,1,2,9,1,
400,2201,Koriya,400,Koriya,2,1,2,1,2,2,10,1,
401,2202,Surguja,401,Surguja,1,1,2,1,2,2,9,1,
402,2203,Jashpur,402,Jashpur ,1,1,2,1,2,2,9,1,
403,2724,Raigad,403,Raigarh,2,1,1,1,3,2,10,1,
404,2205,Korba,404,Korba ,2,1,2,1,3,2,11,2,
405,2206,Janjgir-Champa,405,Janjgir - Champa,1,1,1,1,3,2,9,1,
406,2207,Bilaspur,406,Bilaspur,2,1,1,1,3,2,10,1,
407,2208,Kawardha,407,kabir dham,1,1,1,1,3,2,9,1,
408,2209,Rajnandgaon,408,Rajnandgaon,2,1,3,1,3,2,12,2,
409,2210,Durg,409,Durg,3,2,3,1,3,2,14,2,
410,2211,Raipur,410,Raipur,3,1,2,1,3,2,12,2,
411,2212,Mahasamund,411,Mahasamund,1,1,1,1,2,2,8,1,
412,2213,Dhamtari,412,Dhamtari ,2,2,2,1,3,2,12,2,
413,2214,Kanker,413,Uttar Bastar Kanker,1,1,2,1,2,2,9,1,
414,2215,Bastar,414,Bastar,1,1,2,1,2,2,9,1,Narayanpur
416,2217,Dantewada,416,Dakshin Bastar Dantewada,1,1,2,1,1,2,8,1,Bijapur
418,2301,Sheopur,418,Sheopur ,1,1,1,1,2,2,8,1,
419,2302,Morena,419,Morena,1,1,2,2,1,2,9,1,
420,2303,Bhind,420,Bhind,2,1,2,2,1,2,10,1,
421,2304,Gwalior,421,Gwalior,3,3,3,3,3,3,18,3,
422,2305,Datia,422,Datia,3,1,2,2,2,2,12,2,
423,2306,Shivpuri,423,Shivpuri,1,1,2,1,2,2,9,1,
424,2307,Tikamgarh,424,Tikamgarh,1,1,2,1,2,2,9,1,
425,2308,Chhatarpur,425,Chhatarpur,2,1,2,1,3,2,11,2,
426,2309,Panna,426,Panna,1,1,2,1,1,2,8,1,
427,2310,Sagar,427,Sagar,2,1,3,1,3,2,12,2,
428,2311,Damoh,428,Damoh,2,1,3,1,2,2,11,2,
429,2312,Satna,429,Satna,2,1,3,1,3,2,12,2,
430,2313,Rewa,430,Rewa,1,1,3,2,3,2,12,2,
431,2314,Umaria,431,Umaria,1,1,2,1,2,2,9,1,
432,2315,Neemuch,432,Neemuch ,3,1,3,1,3,1,12,2,
433,2316,Mandsaur,433,Mandsaur,2,1,2,1,3,1,10,1,
434,2317,Ratlam,434,Ratlam,3,1,2,1,3,2,12,2,
435,2318,Ujjain,435,Ujjain,3,2,3,1,3,2,14,2,
436,2319,Shajapur,436,Shajapur,2,1,2,1,3,2,11,2,
437,2320,Dewas,437,Dewas,3,1,3,1,3,2,13,2,
438,2321,Dhar,438,Dhar,1,1,2,1,3,2,10,1,
439,2322,Indore,439,Indore,3,3,3,3,3,3,18,3,
440,2323,Khargone,440,Khargone (West Nimar),1,1,1,1,3,3,10,1,
441,2324,Barwani,441,Barwani ,1,1,1,1,3,2,9,1,
442,2325,Rajgarh,442,Rajgarh,2,1,1,1,2,2,9,1,
443,2326,Vidisha,443,Vidisha,2,1,2,1,3,2,11,2,
444,2327,Bhopal,444,Bhopal,3,3,3,3,3,3,18,3,
445,2328,Sehore,445,Sehore,3,1,2,1,3,2,12,2,
446,2329,Raisen,446,Raisen,2,1,3,1,3,2,12,2,
447,2330,Betul,447,Betul,1,1,2,1,3,2,10,1,
448,2331,Harda,448,Harda,3,1,2,1,3,2,12,2,
449,2332,Hoshangabad,449,Hoshangabad,3,2,3,1,3,2,14,2,
450,2333,Katni,450,Katni ,2,1,3,1,3,2,12,2,
451,2334,Jabalpur,451,Jabalpur,3,3,3,3,3,3,18,3,
452,2335,Narsinghpur,452,Narsimhapur,1,1,2,1,3,2,10,1,
453,2336,Dindori,453,Dindori ,1,1,2,1,1,2,8,1,
454,2337,Mandla,454,Mandla,1,1,2,1,2,2,9,1,
455,2338,Chhindwara,455,Chhindwara,2,1,3,1,3,1,11,2,
456,2339,Seoni,456,Seoni,2,1,2,1,3,2,11,2,
457,2340,Balaghat,457,Balaghat,1,1,2,1,2,2,9,1,
458,2341,Guna,458,Guna,1,1,2,1,3,2,10,1,Ashoknagar
460,2343,Shahdol,460,Shahdol,2,1,3,1,2,2,11,2,Anuppur
462,2345,Sidhi,462,Sidhi,1,1,2,1,1,2,8,1,Singrauli
464,2347,Jhabua,464,Jhabua,1,1,1,1,3,2,9,1,Alirajpur
466,2349,Khandwa,466,Khandwa (East Nimar),2,1,2,1,3,3,12,2,Burhanpur
468,2401,Kachchh,468,Kachchh,3,3,3,1,3,3,16,3,
469,2402,Banaskantha,469,Banas Kantha,3,1,3,1,3,3,14,2,
470,2403,Patan,470,Patan  ,3,3,3,1,3,3,16,3,
471,2404,Mehsana,471,Mahesana,3,2,3,3,3,3,17,3,
472,2405,Sabarkatha,472,Sabar Kantha,2,1,3,1,3,3,13,2,
473,2406,Gandhinagar,473,Gandhinagar,3,3,3,3,3,3,18,3,
474,2407,Ahmedabad,474,Ahmadabad,3,3,3,3,3,3,18,3,
475,2408,Surendranagar,475,Surendranagar,3,1,3,1,3,3,14,2,
476,2409,Rajkot,476,Rajkot,3,3,3,3,3,3,18,3,
477,2410,Jamnagar,477,Jamnagar,3,2,3,3,3,3,17,3,
478,2411,Porbandar,478,Porbandar ,3,3,3,3,3,3,18,3,
479,2412,Junagadh,479,Junagadh,3,2,3,1,3,3,15,3,
480,2413,Amreli,480,Amreli,3,2,3,2,3,3,16,3,
481,2414,Bhavnagar,481,Bhavnagar,3,2,3,3,3,3,17,3,
482,2415,Anand,482,Anand,3,2,3,1,3,3,15,3,
483,2416,Kheda,483,Kheda,2,2,3,1,3,3,14,2,
484,2417,Panchmahal,484,Panchmahal,1,1,2,1,3,2,10,1,
485,2418,Dahod,485,Dahod,1,1,1,1,3,2,9,1,
486,2419,Vadodara,486,Vadodara,3,3,3,3,3,3,18,3,
487,2420,Narmada,487,Narmada,2,1,2,1,3,2,11,2,
488,2421,Bharuch,488,Bharuch,3,3,3,3,3,3,18,3,
489,2422,Dang,489,The Dangs,2,1,3,1,3,2,12,2,
490,2423,Navsari,490,Navsari  ,3,3,3,3,3,3,18,3,
491,2424,Valsad,491,Valsad,3,3,3,3,3,3,18,3,
492,2425,Surat,492,Surat,3,3,3,3,3,3,18,3,Tapi
494,2501,Diu,494,Diu,3,3,3,3,3,3,18,3,
495,2502,Daman,495,Daman,3,3,3,3,3,3,18,3,
496,2601,Dadra and Nagar Haveli,496,Dadra & Nagar Haveli,3,3,3,3,3,2,17,3,
497,2701,Nandurbar,497,Nandurbar,1,1,2,1,2,3,10,1,
498,2702,Dhule,498,Dhule,2,1,3,1,3,3,13,2,
499,2703,Jalgaon,499,Jalgaon,3,2,3,2,3,3,16,3,
500,2704,Buldhana,500,Buldana,2,1,2,1,3,3,12,2,
501,2705,Akola,501,Akola,3,1,3,1,3,3,14,2,
502,2706,Washim,502,Washim,3,1,2,1,3,1,11,2,
503,2707,Amravati,503,Amravati,3,2,3,3,3,3,17,3,
504,2708,Wardha,504,Wardha,3,2,3,1,3,3,15,3,
505,2709,Nagpur,505,Nagpur,3,3,3,3,3,3,18,3,
506,2710,Bhandara,506,Bhandara,3,2,3,1,3,1,13,2,
507,2711,Gondia,507,Gondiya,2,2,3,1,3,2,13,2,
508,2712,Gadchiroli,508,Gadchiroli,1,1,2,1,3,2,10,1,
509,2713,Chandrapur,509,Chandrapur,3,3,3,1,3,2,15,3,
510,2714,Yavatmal,510,Yavatmal,3,2,2,1,2,1,11,2,
,2715,Nanded,511,Nanded,,,,,,,,,
512,2716,Hingoli,512,Hingoli,3,1,2,1,3,2,12,2,
513,2717,Parbhani,513,Parbhani,3,1,3,1,3,2,13,2,
514,2718,Jalna,514,Jalna,2,1,3,1,3,1,11,2,
515,2719,Aurangabad,515,Aurangabad,3,3,3,3,3,3,18,3,
516,2720,Nashik,516,Nashik,3,3,3,3,3,3,18,3,
517,2721,Thane,517,Thane,3,2,3,3,3,3,17,3,
518,2722,Mumbai Suburban,518,Mumbai Suburban,3,3,3,3,3,3,18,3,
519,2723,Mumbai,519,Mumbai,3,3,3,3,3,3,18,3,
520,2204,Raigarh,520,Raigarh,3,3,3,3,3,3,18,3,
521,2725,Pune,521,Pune,3,3,3,3,3,3,18,3,
522,2726,Ahmednagar,522,Ahmadnagar,3,1,3,3,3,1,14,2,
523,2727,Beed,523,Bid,2,1,3,1,3,3,13,2,
524,2728,Latur,524,Latur,3,1,3,1,3,3,14,2,
525,2729,Osmanabad,525,Osmanabad,3,1,2,1,2,3,12,2,
526,2730,Solapur,526,Solapur,3,2,3,1,3,3,15,3,
527,2731,Satara,527,Satara,3,2,3,3,3,3,17,3,
528,2732,Ratnagiri,528,Ratnagiri,3,2,3,1,3,3,15,3,
529,2733,Sindhudurg,529,Sindhudurg,3,3,3,1,3,1,14,2,
530,2734,Kolhapur,530,Kolhapur,3,3,3,3,3,3,18,3,
531,2735,Sangli,531,Sangli,3,2,3,2,3,3,16,3,
532,3601,Adilabad,532,Adilabad,3,1,3,1,3,2,13,2,
533,3602,Nizamabad,533,Nizamabad,3,1,3,1,3,3,14,2,
534,3603,Karimnagar,534,Karimnagar,3,1,3,1,3,3,14,2,
535,3604,Medak,535,Medak,3,1,3,1,3,3,14,2,
536,3605,Hyderabad,536,Hyderabad,3,3,3,3,3,3,18,3,
537,3606,Ranga Reddy,537,Rangareddy,3,3,3,3,3,3,18,3,
538,3607,Mahabubnagar,538,Mahbubnagar,3,1,3,1,3,3,14,2,
539,3608,Nalgonda,539,Nalgonda,3,1,3,1,3,3,14,2,
540,3609,Warangal,540,Warangal,3,1,2,1,3,3,13,2,
541,3610,Khammam,541,Khammam,3,2,3,1,3,3,15,3,
542,3701,Srikakulam,542,Srikakulam,3,1,3,1,3,2,13,2,
543,3702,Vizianagaram,543,Vizianagaram,3,1,3,1,3,2,13,2,
544,3703,Vishakhapatnam,544,Visakhapatnam,2,2,3,3,3,3,16,3,
545,3704,East Godavari,545,East Godavari,3,2,3,1,3,3,15,3,
546,3705,West Godavari,546,West Godavari,3,2,3,1,3,3,15,3,
547,3706,Krishna,547,Krishna,2,3,3,3,3,3,17,3,
548,3707,Guntur,548,Guntur,2,2,3,3,3,3,16,3,
549,3708,Prakasam,549,Prakasam,3,1,3,1,3,3,14,2,
550,3709,Nellore,550,Nellore,3,1,3,1,3,3,14,2,
551,,,,,3,1,3,1,3,3,14,2,
552,3711,Kurnool,552,Kurnool,3,2,3,1,3,3,15,3,
553,3712,Anantapuram,553,Anantapur,3,1,3,1,3,3,14,2,
554,3713,Chittoor,554,Chittoor,3,1,3,1,3,3,14,2,
555,2901,Belagavi,555,Belgaum,3,2,3,1,3,3,15,3,
556,2902,Bagalkot,556,Bagalkot ,3,1,3,1,3,3,14,2,
557,2218,Bijapur,557,Bijapur,3,1,2,1,3,3,13,2,
558,2904,Bidar,558,Bidar,3,2,2,1,3,3,14,2,
559,2905,Raichur,559,Raichur,3,1,2,1,3,3,13,2,
560,2906,Koppal,560,Koppal,3,1,2,1,3,3,13,2,
561,2907,Gadag,561,Gadag,3,1,3,1,3,3,14,2,
562,2908,Dharwad,562,Dharwad,3,3,3,3,3,3,18,3,
563,2909,Uttara Kannada,563,Uttara Kannada,3,3,3,3,3,1,16,3,
564,2910,Haveri,564,Haveri,3,1,3,1,3,3,14,2,
565,2911,Bellary,565,Bellary,3,1,3,1,3,3,14,2,
566,2912,Chitradurga,566,Chitradurga,3,1,3,1,3,3,14,2,
567,2913,Davanagere,567,Davanagere,3,1,3,1,3,3,14,2,
568,2914,Shimoga,568,Shimoga,3,3,3,3,3,3,18,3,
569,2915,Udupi,569,Udupi,3,3,3,3,3,1,16,3,
570,2916,Chikkamagaluru,570,Chikmagalur,3,3,3,3,3,3,18,3,
571,2917,Tumkur,571,Tumkur,3,1,3,1,3,3,14,2,
572,2918,Bangalore Urban,572,Bangalore,3,3,3,3,3,3,18,3,
573,2919,Mandya,573,Mandya,3,1,3,1,3,3,14,2,
574,2920,Hassan,574,Hassan,3,1,3,1,3,3,14,2,
575,2921,Dakshina Kannada,575,Dakshina Kannada,3,3,3,3,3,1,16,3,
576,2922,Kodagu,576,Kodagu,3,3,3,3,3,1,16,3,
577,2923,Mysuru,577,Mysore,3,3,3,3,3,3,18,3,
578,2924,Chamarajanagar,578,Chamarajanagar,3,1,2,1,3,3,13,2,
579,2925,Gulbarga,579,Gulbarga,3,2,2,1,3,3,14,2,Yadgir
581,2927,Kolar,581,Kolar,3,3,3,1,3,3,16,3,Chikkaballapura
583,2929,Bangalore Rural,583,Bangalore Rural,3,3,3,1,3,3,16,3,Ramanagara
585,3001,North Goa,585,North Goa,3,3,3,3,3,3,18,3,
586,3002,South Goa,586,South Goa,3,3,3,3,3,3,18,3,
587,3101,Lakshadweep,587,Lakshadweep,3,3,3,3,3,1,16,3,
588,3201,Kasaragod,588,Kasaragod,3,3,3,3,3,1,16,3,
589,3202,Kannur,589,Kannur,3,3,3,3,3,1,16,3,
590,3203,Wayanad,590,Wayanad,3,3,3,3,3,1,16,3,
591,3204,Kozhikode,591,Kozhikode,3,3,3,3,3,1,16,3,
592,3205,Malappuram,592,Malappuram,3,3,3,3,3,1,16,3,
593,3206,Palakkad,593,Palakkad,3,3,3,3,3,1,16,3,
594,3207,Thrissur,594,Thrissur,3,3,3,3,3,1,16,3,
595,3208,Ernakulam,595,Ernakulam,3,3,3,3,3,1,16,3,
596,3209,Idukki,596,Idukki ,3,3,3,3,3,1,16,3,
597,3210,Kottayam,597,Kottayam,3,3,3,3,3,1,16,3,
598,3211,Alappuzha,598,Alappuzha,3,3,3,3,3,1,16,3,
599,3212,Pathanamthitta,599,Pathanamthitta,3,3,3,3,3,1,16,3,
600,3213,Kollam,600,Kollam,3,3,3,1,3,1,14,2,
601,3214,Thiruvananthapuram,601,Thiruvananthapuram,3,3,3,3,3,1,16,3,
602,3301,Tiruvallur,602,Thiruvallur,3,3,3,3,3,3,18,3,
603,3302,Chennai,603,Chennai,3,3,3,3,3,3,18,3,
604,3303,Kanchipuram,604,Kancheepuram,3,3,3,3,3,3,18,3,
605,3304,Vellore,605,Vellore,3,3,3,3,3,3,18,3,
606,3305,Tiruvannamalai,606,Tiruvannamalai,3,1,3,1,3,3,14,2,
607,3306,Villupuram,607,Viluppuram,3,1,3,1,3,3,14,2,
608,3307,Salem,608,Salem,3,3,3,3,3,3,18,3,
609,3308,Namakkal,609,Namakkal   ,3,3,3,3,3,3,18,3,
610,3309,Erode,610,Erode,3,3,3,3,3,3,18,3,
611,3310,Nilgiris,611,The Nilgiris,3,3,3,3,3,3,18,3,
612,3311,Dindigul,612,Dindigul,3,1,3,1,3,3,14,2,
613,3312,Karur,613,Karur ,3,3,3,3,3,3,18,3,
614,3313,Tiruchirappalli,614,Tiruchirappalli,3,3,3,3,3,3,18,3,
615,3314,Perambalur,615,Perambalur  ,3,1,3,1,3,3,14,2,
616,3315,Ariyalur,616,Ariyalur  ,3,1,2,1,3,3,13,2,
617,3316,Cuddalore,617,Cuddalore,3,2,3,1,3,3,15,3,
618,3317,Nagapattinam,618,Nagapattinam  ,3,2,3,1,3,3,15,3,
619,3318,Thiruvarur,619,Thiruvarur,3,2,3,1,3,3,15,3,
620,3319,Thanjavur,620,Thanjavur,3,3,3,3,3,3,18,3,
621,3320,Pudukkottai,621,Pudukkottai,3,1,2,1,3,3,13,2,
622,3321,Sivaganga,622,Sivaganga,3,3,3,3,3,3,18,3,
623,3322,Madurai,623,Madurai,3,3,3,3,3,3,18,3,
624,3323,Theni,624,Theni  ,3,1,3,3,3,3,16,3,
,3324,Virudhunagar,625,Virudhunagar,,,,,,,,,
626,3325,Ramanathapuram,626,Ramanathapuram,3,3,3,3,3,3,18,3,
627,3326,Thoothukudi,627,Thoothukkudi,3,3,3,3,3,3,18,3,
,3327,Tirunelveli,628,Tirunelveli ,,,,,,,,,
629,3328,Kanyakumari,629,Kanniyakumari,3,3,3,3,3,3,18,3,
630,3329,Dharmapuri,630,Dharmapuri,3,3,3,1,3,3,16,3,Krishnagiri
632,3331,Coimbatore,632,Coimbatore,3,3,3,3,3,3,18,3,Tiruppur
634,3401,Yanam,634,Yanam,3,3,3,3,3,3,18,3,
635,3402,Pondicherry,635,Puducherry,3,3,3,3,3,3,18,3,
636,3403,Mahe,636,Mahe,3,3,3,3,3,1,16,3,
637,3404,Karaikal,637,Karaikal,3,3,3,3,3,3,18,3,
638,3501,Nicobar,638,Nicobars,3,3,3,1,3,3,16,3,
639,3502,North and Middle Andaman,639,Andaman,3,3,3,3,3,3,18,3,"South Andaman, North  & Middle Andaman"
