356,2011,Lohardaga,356,Lohardaga,Lohardaga,6,,,,,0,1,1,1,1,1,1,6,1,
390,2121,Kandhamal,390,Kandhamal,Kandhamal,6,Kandhamal,"[""Kandhamal""]",4000000,4000000,4000000,1,1,1,1,1,1,6,1,
366,2021,Gumla,366,Gumla,Gumla,6,Gumla,"[""Gumla""]",200000,4700000,4700000,1,1,1,1,1,1,6,1,Simdega
391,2122,Boudh,391,Boudh,Baudh,7,,,,,0,1,1,1,1,1,2,7,1,
347,2002,Chatra,347,Chatra,Chatra,6,,,,,0,1,1,1,1,1,2,7,1,
346,2001,Garhwa,346,Garhwa ,Garhwa,7,,,,,0,1,1,1,1,1,2,7,1,
397,2128,Nabarangpur,397,Nabarangapur ,Nabarangapur,7,,,,,0,1,1,1,1,1,2,7,1,
237,1035,Nawada,237,Nawada,Nawada,8,,,,,0,1,1,1,1,1,2,7,1,
358,2013,Palamu,358,Palamu,Palamu,7,Palamu,"[""Palamu""]",0,0,0,1,1,1,1,1,2,7,1,Latehar
180,949,Bahraich,180,Bahraich,Bahraich,7,Bahraich,"[""Bahraich""]",200000,200000,200000,1,1,1,1,1,2,7,1,
376,2107,Mayurbhanj,376,Mayurbhanj,Mayurbhanj,7,Mayurbhanj,"[""Mayurbhanj""]",1100000,1100000,1100000,1,1,1,1,1,2,7,1,
156,925,Unnao,156,Unnao,Unnao,7,Unnao,"[""Unnao""]",1800000,1800000,1800000,1,1,1,1,1,2,7,1,
362,2017,Dumka,362,Dumka,Dumka,7,Dumka,"[""Dumka""]",3700000,3700000,3700000,1,1,1,1,1,2,7,1,Jamtara
182,951,Balrampur,182,Balrampur,Balrampur,7,Balrampur,"[""Balrampur""]",5700000,5700000,5700000,1,1,1,1,1,2,7,1,
261,1301,Mon,261,Mon,Mon,7,Mon,"[""Mon""]",6700000,6700000,6700000,1,2,1,1,1,1,7,1,
349,2004,Giridih,349,Giridih,Giridih,8,Giridih,"[""Giridih""]",11500000,11500000,11500000,1,1,2,1,1,1,7,1,
154,923,Sitapur,154,Sitapur,Sitapur,7,Sitapur,"[""Sitapur""]",13100000,13100000,13100000,1,1,1,1,1,2,7,1,
125,827,Banswara,125,Banswara ,Banswara,7,Banswara,"[""Banswara""]",35700000,35700000,35700000,1,1,1,1,1,2,7,1,
395,2126,Kalahandi,395,Kalahandi,Kalahandi,7,Kalahandi,"[""Kalahandi""]",116700000,116700000,116700000,1,1,1,1,1,2,7,1,
209,1007,Araria,209,Araria,Araria,8,,,,,0,1,1,1,2,1,2,8,1,
149,918,Badaun,149,Badaun,Budaun,8,,,,,0,1,1,1,2,1,2,8,1,
170,939,Banda,170,Banda,Banda,8,,,,,0,1,1,2,1,1,2,8,1,
171,940,Chitrakoot,171,Chitrakoot,Chitrakoot,8,,,,,0,1,1,2,1,1,2,8,1,
416,2217,Dantewada,416,Dakshin Bastar Dantewada,Dantewada,8,,,,,0,1,1,2,1,1,2,8,1,Bijapur
172,941,Fatehpur,172,Fatehpur,Fatehpur,7,,,,,0,2,1,1,1,1,2,8,1,
389,2120,Gajapati,389,Gajapati,Gajapati,7,,,,,0,1,1,1,1,2,2,8,1,
318,1819,Hailakandi,318,Hailakandi,Hailakandi,7,Hailakandi,"[""Hailakandi""]",0,0,0,2,2,1,1,1,1,8,1,
212,1010,Katihar,212,Katihar,Katihar,8,Katihar,"[""Katihar""]",0,0,0,1,1,1,2,1,2,8,1,
174,943,Kaushambi,174,Kaushambi,Kaushambi,7,,,,,0,2,1,1,1,1,2,8,1,
213,1011,Madhepura,213,Madhepura,Madhepura,8,,,,,0,1,1,1,2,1,2,8,1,
394,2125,Nuapada,394,Nuapada,Nuapada,7,,,,,0,1,1,1,1,2,2,8,1,
426,2309,Panna,426,Panna,Panna,8,,,,,0,1,1,2,1,1,2,8,1,
203,1001,Pashchim Champaran,203,Pashchim Champaran,Pashchim Champaran,8,,,,,0,2,1,1,1,1,2,8,1,
211,1009,Purnia,211,Purnia,Purnia,8,,,,,0,1,1,1,2,1,2,8,1,
392,2123,Subarnapur,392,Subarnapur,Sonapur,7,,,,,0,1,1,1,1,2,2,8,1,
296,1704,West Khasi Hills,296,West Khasi Hills,West Khasi Hills,7,,,,,0,1,1,1,1,2,2,8,1,
181,950,Shrawasti,181,Shrawasti,Shrawasti,7,Shrawasti,"[""Shravasti"",""Shrawasti""]",200000,200000,200000,2,1,1,1,1,2,8,1,
351,2006,Godda,351,Godda,Godda,8,Godda,"[""Godda""]",300000,300000,300000,1,1,1,2,1,2,8,1,
314,1815,Karbi Anglong,314,Karbi Anglong,Karbi Anglong,7,Karbi Anglong,"[""Karbi Anglong""]",600000,600000,600000,1,2,1,1,1,2,8,1,
370,2101,Bargarh,370,Bargarh,Bargarh,8,Bargarh,"[""Bargarh""]",700000,700000,700000,1,1,1,1,2,2,8,1,
155,924,Hardoi,155,Hardoi,Hardoi,8,Hardoi,"[""Hardoi""]",800000,800000,800000,1,1,1,2,1,2,8,1,
308,1809,Dhemaji,308,Dhemaji,Dhemaji,7,Dhemaji,"[""Dhemaji""]",1000000,1000000,1000000,2,1,1,1,1,2,8,1,
210,1008,Kishanganj,210,Kishanganj,Kishanganj,8,Kishanganj,"[""Kishanganj""]",1000000,1000000,1000000,1,1,1,2,1,2,8,1,
227,1025,Lakhisarai,227,Lakhisarai,Lakhisarai,8,Lakhisarai,"[""Lakhisarai""]",1300000,1300000,1300000,1,1,1,2,1,2,8,1,
225,1023,Banka,225,Banka,Banka,8,Banka,"[""Banka""]",1400000,1400000,1400000,1,1,1,2,1,2,8,1,
411,2212,Mahasamund,411,Mahasamund,Mahasamund,9,Mahasamund,"[""Mahasamund""]",1500000,1500000,1500000,1,1,1,1,2,2,8,1,
224,1022,Bhagalpur,224,Bhagalpur,Bhagalpur,8,Bhagalpur,"[""Bhagalpur""]",2100000,2100000,2100000,1,1,1,2,1,2,8,1,
215,1013,Darbhanga,215,Darbhanga,Darbhanga,8,Darbhanga,"[""Darbhanga""]",2600000,2600000,2600000,1,1,1,2,1,2,8,1,
396,2127,Rayagada,396,Rayagada  ,Rayagada,7,Rayagada,"[""Rayagada""]",4100000,4100000,4100000,1,1,1,1,2,2,8,1,
221,1019,Samastipur,221,Samastipur,Samastipur,8,Samastipur,"[""Samastipur""]",4400000,4400000,4400000,1,1,1,2,1,2,8,1,
239,1037,Jehanabad,239,Jehanabad ,Jehanabad ,8,Jehanabad,"[""Jehanabad""]",4800000,4800000,4800000,1,1,1,2,1,2,8,1,
229,1027,Nalanda,229,Nalanda,Nalanda,8,Nalanda,"[""Nalanda""]",5300000,5300000,5300000,1,1,1,2,1,2,8,1,
453,2336,Dindori,453,Dindori ,Dindori,8,Dindori,"[""Dindori""]",7900000,7900000,7900000,1,1,2,1,1,2,8,1,
223,1021,Khagaria,223,Khagaria,Khagaria,8,Khagaria,"[""Khagaria""]",8000000,8000000,8000000,1,1,1,2,1,2,8,1,
216,1014,Muzaffarpur,216,Muzaffarpur,Muzaffarpur,8,Muzaffarpur,"[""Muzaffarpur""]",8600000,8600000,8600000,1,1,1,2,1,2,8,1,
214,1012,Saharsa,214,Saharsa,Saharsa,8,Saharsa,"[""Saharsa""]",11000000,11000000,11000000,1,1,1,2,1,2,8,1,
418,2301,Sheopur,418,Sheopur ,Sheopur,8,Sheopur,"[""Sheopur""]",12900000,12900000,12900000,1,1,1,1,2,2,8,1,
233,1031,Kaimur,233,Kaimur (Bhabua),Kaimur (Bhabua),8,Kadapa,"[""YSR District Kadapa"",""Kadapa"",""Cuddapah""]",14200000,14200000,14200000,1,1,1,2,1,2,8,1,
236,1034,Gaya,236,Gaya,Gaya,8,Gaya,"[""Gaya""]",19100000,19100000,19100000,1,1,1,2,1,2,8,1,
124,826,Dungarpur,124,Dungarpur ,Dungarpur,8,Dungarpur,"[""Dungarpur""]",21700000,21700000,21700000,1,1,1,1,2,2,8,1,
167,936,Lalitpur,167,Lalitpur,Lalitpur,8,Lalitpur,"[""Lalitpur""]",21900000,21900000,21900000,1,1,2,1,1,2,8,1,
222,1020,Begusarai,222,Begusarai,Begusarai,8,Begusarai,"[""Begusarai""]",51100000,51100000,51100000,1,1,1,2,1,2,8,1,
176,945,Barabanki,176,Bara Banki,Barabanki,7,Barabanki,"[""Barabanki""]",93200000,93200000,93200000,2,1,1,1,1,2,8,1,
152,921,Shahjahanpur,152,Shahjahanpur,Shahjahanpur,8,Shahjahanpur,"[""Shahjahanpur""]",212900000,212900000,212900000,1,1,1,2,1,2,8,1,
398,2129,Koraput,398,Koraput,Koraput,7,Koraput,"[""Koraput""]",280100000,280100000,280100000,2,1,1,1,1,2,8,1,
384,2115,Angul,384,Anugul,Anugul,7,Angul,"[""Angul""]",295400000,295400000,295400000,2,1,1,1,2,1,8,1,
462,2345,Sidhi,462,Sidhi,Sidhi,8,Sidhi,"[""Sidhi""]",53500000,1061000000,1061000000,1,1,2,1,1,2,8,1,Singrauli
235,1033,Aurangabad,235,Aurangabad,Aurangabad,13,Aurangabad,"[""Aurangabad""]",1335900000,1335900000,1335900000,1,1,1,2,1,2,8,1,
393,2124,Balangir,393,Balangir,Balangir,7,,,,,0,2,1,1,1,2,2,9,1,
231,1029,Bhojpur,231,Bhojpur,Bhojpur,8,,,,,0,1,2,1,2,1,2,9,1,
299,1707,West Jaintia Hills,299,Jaintia Hills,Jaintia Hills,8,,,,,0,2,1,2,1,2,1,9,1,
238,1036,Jamui,238,Jamui,Jamui,8,Jamui,"[""Jamui""]",0,0,0,2,1,1,2,1,2,9,1,
405,2206,Janjgir-Champa,405,Janjgir - Champa,Janjgir - Champa,9,,,,,0,1,1,1,1,3,2,9,1,
407,2208,Kawardha,407,kabir dham,kabir dham,9,,,,,0,1,1,1,1,3,2,9,1,
160,929,Kannauj,160,Kannauj,Kannauj,8,,,,,0,2,1,1,2,1,2,9,1,
375,2106,Kendujhar,375,Kendujhar,Kendujhar,7,,,,,0,2,1,1,1,2,2,9,1,
207,1005,Madhubani,207,Madhubani,Madhubani,9,Madhubani,"[""Madhubani""]",0,0,0,1,1,2,2,1,2,9,1,
204,1002,Purvi Champaran,204,Purba Champaran,Purba Champaran,8,,,,,0,2,1,1,2,1,2,9,1,
442,2325,Rajgarh,442,Rajgarh,Rajgarh,8,,,,,0,2,1,1,1,2,2,9,1,
297,1705,Ri-Bhoi,297,Ribhoi,Ri Bhoi,8,,,,,0,2,2,1,1,2,1,9,1,
205,1003,Sheohar,205,Sheohar,Sheohar,8,,,,,0,2,1,1,2,1,2,9,1,
423,2306,Shivpuri,423,Shivpuri,Shivpuri,9,,,,,0,1,1,2,1,2,2,9,1,
184,953,Siddharthnagar,184,Siddharthnagar,Siddharthnagar,9,,,,,0,1,1,2,2,1,2,9,1,
208,1006,Supaul,208,Supaul,Supaul,8,,,,,0,2,1,1,2,1,2,9,1,
273,1402,Tamenglong,273,Tamenglong ,Tamenglong,8,,,,,0,1,2,1,1,2,2,9,1,
431,2314,Umaria,431,Umaria,Umaria,9,,,,,0,1,1,2,1,2,2,9,1,
399,2130,Malkangiri,399,Malkangiri  ,Malkangiri,7,Malkangiri,"[""Malkangiri""]",100000,100000,100000,3,1,1,1,1,2,9,1,
1,101,Kupwara,1,Kupwara,Kupwara,8,Kupwara,"[""Kupwara""]",200000,200000,200000,2,1,1,1,3,1,9,1,
454,2337,Mandla,454,Mandla,Mandla,9,Mandla,"[""Mandla""]",500000,500000,500000,1,1,2,1,2,2,9,1,
424,2307,Tikamgarh,424,Tikamgarh,Tikamgarh,9,Tikamgarh,"[""Tikamgarh""]",800000,800000,800000,1,1,2,1,2,2,9,1,
183,952,Gonda,183,Gonda,Gonda,7,Gonda,"[""Gonda""]",1300000,1300000,1300000,3,1,1,1,1,2,9,1,
419,2302,Morena,419,Morena,Morena,9,Morena,"[""Morena""]",1700000,1700000,1700000,1,1,2,2,1,2,9,1,
219,1017,Saran,219,Saran,Saran,8,Saran,"[""Saran""]",2500000,2500000,2500000,2,1,1,2,1,2,9,1,
272,1401,Senapati,272,Senapati,Senapati (Excluding 3 Sub-Divisions),9,Senapati,"[""Senapati""]",2900000,2900000,2900000,1,2,1,1,3,1,9,1,
441,2324,Barwani,441,Barwani ,Barwani,9,Barwani,"[""Barwani""]",3200000,3200000,3200000,1,1,1,1,3,2,9,1,
457,2340,Balaghat,457,Balaghat,Balaghat,9,Balaghat,"[""Balaghat""]",3500000,3500000,3500000,1,1,2,1,2,2,9,1,
300,1801,Kokrajhar,300,Kokrajhar,Kokrajhar,7,Kokrajhar,"[""Kokrajhar""]",4700000,4700000,4700000,2,1,1,1,2,2,9,1,
402,2203,Jashpur,402,Jashpur ,Jashpur,9,Jashpur,"[""Jashpur""]",6400000,6400000,6400000,1,1,2,1,2,2,9,1,
388,2119,Ganjam,388,Ganjam,Ganjam,8,Ganjam,"[""Ganjam""]",7500000,7500000,7500000,2,1,1,1,2,2,9,1,
305,1806,Nagaon,305,Nagaon,Nagaon,8,Nagaon,"[""Nagaon""]",11400000,11400000,11400000,1,2,1,1,2,2,9,1,
151,920,Pilibhit,151,Pilibhit,Pilibhit,8,Pilibhit,"[""Pilibhit""]",11900000,11900000,11900000,3,1,1,1,1,2,9,1,
340,1914,Purulia,340,Puruliya,Puruliya,7,Purulia,"[""Purulia""]",12300000,12300000,12300000,2,1,1,1,2,2,9,1,
187,956,Maharajganj,187,Mahrajganj,Mahrajganj,7,Maharajganj,"[""Maharajganj""]",14400000,14400000,14400000,3,1,1,1,1,2,9,1,
306,1807,Sonitpur,306,Sonitpur,Sonitpur,7,Sonitpur,"[""Sonitpur""]",19300000,19300000,19300000,2,2,1,1,2,1,9,1,
325,1826,Darrang,325,Darrang,Darrang,7,Darrang,"[""Darrang""]",1100000,20500000,20500000,2,1,1,1,2,2,9,1,Udalguri
200,969,Sonbhadra,200,Sonbhadra,Sonbhadra,8,Sonbhadra,"[""Sonbhadra""]",22800000,22800000,22800000,1,1,2,1,2,2,9,1,
158,927,Rae Bareli,158,Rae Bareli,Rae Bareli,7,Rae Bareli,"[""RaeBareli"",""Rae Bareli""]",33200000,33200000,33200000,3,1,1,1,1,2,9,1,
413,2214,Kanker,413,Uttar Bastar Kanker,Kanker,9,Kanker,"[""Kanker"",""North Bastar""]",34300000,34300000,34300000,1,1,2,1,2,2,9,1,
301,1802,Dhubri,301,Dhubri,Dhubri,7,Dhubri,"[""Dhubri""]",37100000,37100000,37100000,2,1,1,1,2,2,9,1,
464,2347,Jhabua,464,Jhabua,Jhabua,8,Jhabua,"[""Jhabua""]",39900000,39900000,39900000,1,1,1,1,3,2,9,1,Alirajpur
114,816,Jaisalmer,114,Jaisalmer,Jaisalmer,7,Jaisalmer,"[""Jaisalmer""]",55100000,55100000,55100000,2,1,1,1,2,2,9,1,
220,1018,Vaishali,220,Vaishali,Vaishali,8,Vaishali,"[""Vaishali""]",56800000,56800000,56800000,2,1,1,2,1,2,9,1,
414,2215,Bastar,414,Bastar,Bastar,9,Bastar,"[""Bastar""]",64200000,64200000,64200000,1,1,2,1,2,2,9,1,Narayanpur
401,2202,Surguja,401,Surguja,Surguja,9,Surguja,"[""Surguja""]",60200000,64500000,64500000,1,1,2,1,2,2,9,1,Surajpur
485,2418,Dahod,485,Dahod,Dahod,10,Dahod,"[""Dahod""]",72300000,72300000,72300000,1,1,1,1,3,2,9,1,
206,1004,Sitamarhi,206,Sitamarhi,Sitamarhi,8,Sitamarhi,"[""Sitamarhi""]",108400000,108400000,108400000,2,1,1,2,1,2,9,1,
319,1820,Bongaigaon,319,Bongaigaon,Bongaigaon,7,Bongaigaon,"[""Bongaigaon""]",212800000,213200000,213200000,2,1,1,1,2,2,9,1,Chirang
115,817,Barmer,115,Barmer ,Barmer,6,Barmer,"[""Barmer""]",302800000,302800000,302800000,3,1,1,1,2,1,9,1,
406,2207,Bilaspur,406,Bilaspur,Bilaspur,9,,,,,0,2,1,1,1,3,2,10,1,
280,1409,Chandel,280,Chandel,Chandel,8,,,,,0,3,2,1,1,2,1,10,1,
315,1816,Dima Hasao,315,Dima Hasao,Dima Hasao,10,,,,,0,2,2,1,1,3,1,10,1,
294,1702,East Garo Hills,294,East Garo Hills,East Garo Hills,9,,,,,0,1,2,2,1,2,2,10,1,
161,930,Etawah,161,Etawah,Etawah,9,,,,,0,3,1,1,1,2,2,10,1,
217,1015,Gopalganj,217,Gopalganj,Gopalganj,8,,,,,0,3,1,1,2,1,2,10,1,
168,937,Hamirpur,168,Hamirpur,Hamirpur,9,,,,,0,2,1,2,2,1,2,10,1,
165,934,Jalaun,165,Jalaun ,Jalaun ,9,,,,,0,3,1,1,2,1,2,10,1,
317,1818,Karimganj,317,Karimganj,Karimganj,7,,,,,0,2,2,2,1,2,1,10,1,
329,1903,Cooch Behar,329,Koch Bihar ,Koch Bihar ,8,,,,,0,2,2,1,1,2,2,10,1,
400,2201,Koriya,400,Koriya,Koriya,9,,,,,0,2,1,2,1,2,2,10,1,
5,105,Poonch,5,punch,Punch,8,,,,,0,2,1,1,1,3,2,10,1,
6,106,Rajouri,6,Rajouri,Rajauri,9,,,,,0,2,1,2,1,3,1,10,1,
234,1032,Rohtas,234,Rohtas,Rohtas,9,,,,,0,3,1,1,2,1,2,10,1,
352,2007,Sahibganj,352,Sahibganj,Sahibganj,8,,,,,0,2,1,1,2,2,2,10,1,
228,1026,Sheikhpura,228,Sheikhpura,Sheikhpura,8,,,,,0,3,1,1,2,1,2,10,1,
267,1307,Tuensang,267,Tuensang,Tuensang,10,,,,,0,1,2,1,1,2,3,10,1,"Longleng, Kiphire"
279,1408,Ukhrul,279,Ukhrul,Ukhrul,8,,,,,0,2,2,1,1,3,1,10,1,
330,1904,Uttar Dinajpur,330,Uttar Dinajpur,Uttar Dinajpur,8,,,,,0,2,1,1,2,2,2,10,1,
293,1701,West Garo Hills,293,West Garo Hills,West Garo Hills,9,,,,,0,2,2,2,1,2,1,10,1,
458,2341,Guna,458,Guna,Guna,9,Guna,"[""Guna""]",100000,100000,100000,1,1,2,1,3,2,10,1,Ashoknagar
348,2003,Koderma,348,Kodarma,Kodarma,9,Koderma,"[""Koderma""]",100000,100000,100000,3,1,2,1,2,1,10,1,
177,946,Faizabad,177,Faizabad,Faizabad,9,Faizabad,"[""Faizabad""]",700000,700000,700000,3,1,2,1,1,2,10,1,
332,1906,Malda,332,Maldah ,Maldah ,8,Malda,"[""Malda""]",700000,700000,700000,2,1,1,2,2,2,10,1,
304,1805,Morigaon,304,Morigaon,Marigaon,8,Morigaon,"[""Morigaon""]",1100000,1100000,1100000,2,2,1,1,2,2,10,1,
226,1024,Munger,226,Munger,Munger,8,Munger,"[""Munger"",""Monghyr""]",1500000,1500000,1500000,2,1,1,2,2,2,10,1,
179,948,Sultanpur,179,Sultanpur,Sultanpur,9,Sultanpur,"[""Sultanpur""]",2100000,2100000,2100000,3,1,2,1,1,2,10,1,
433,2316,Mandsaur,433,Mandsaur,Mandsaur,10,Mandsaur,"[""Mandsaur""]",2400000,2400000,2400000,2,1,2,1,3,1,10,1,
438,2321,Dhar,438,Dhar,Dhar,10,Dhar,"[""Dhar""]",2700000,2700000,2700000,1,1,2,1,3,2,10,1,
302,1803,Goalpara,302,Goalpara,Goalpara,8,Goalpara,"[""Goalpara""]",3700000,3700000,3700000,2,2,1,1,2,2,10,1,
452,2335,Narsinghpur,452,Narsimhapur,Narsimhapur,9,Narsinghpur,"[""Narsinghpur""]",5900000,5900000,5900000,1,1,2,1,3,2,10,1,
440,2323,Khargone,440,Khargone (West Nimar),West Nimar,11,Khargone,"[""Khargone""]",7600000,7600000,7600000,1,1,1,1,3,3,10,1,
189,958,Kushinagar,189,Kushinagar,Kushinagar,8,Kushinagar,"[""Kushinagar"",""Padrauna""]",8600000,8600000,8600000,3,1,1,2,1,2,10,1,
484,2417,Panchmahal,484,Panchmahal,Panch Mahals,10,Panchmahal,"[""Panchmahal"",""Godhra""]",9300000,9300000,9300000,1,1,2,1,3,2,10,1,
350,2104,Deogarh,350,Deoghar,Deoghar,9,Deoghar,"[""Deoghar""]",11700000,11700000,11700000,2,1,1,2,2,2,10,1,
378,2109,Bhadrak,378,Bhadrak,Bhadrak,9,Bhadrak,"[""Bhadrak""]",11900000,11900000,11900000,1,1,1,2,3,2,10,1,
333,1907,Murshidabad,333,Murshidabad ,Murshidabad ,8,Murshidabad,"[""Murshidabad""]",12700000,12700000,12700000,2,1,1,2,2,2,10,1,
185,954,Basti,185,Basti,Basti,9,Basti,"[""Basti""]",13000000,13000000,13000000,3,1,2,1,1,2,10,1,
339,1913,Bankura,339,Bankura ,Bankura ,9,Bankura,"[""Bankura""]",14700000,14700000,14700000,2,1,1,2,2,2,10,1,
116,818,Jalore,116,Jalor,Jalor,7,Jalore,"[""Jalore""]",15100000,15100000,15100000,3,1,1,1,3,1,10,1,
173,833,Pratapgarh,173,Pratapgarh,Pratapgarh,9,Pratapgarh,"[""Pratapgarh""]",17300000,17300000,17300000,3,1,2,1,1,2,10,1,
162,931,Auraiya,162,Auraiya,Auraiya,7,Auraiya,"[""Auraiya""]",25600000,25600000,25600000,3,1,1,1,2,2,10,1,
328,1902,Jalpaiguri,328,Jalpaiguri ,Jalpaiguri ,7,Jalpaiguri,"[""Jalpaiguri""]",18900000,29000000,29000000,2,3,1,1,2,1,10,1,Alipurduar
497,2701,Nandurbar,497,Nandurbar,Nandurbar,10,Nandurbar,"[""Nandurbar""]",31800000,31800000,31800000,1,1,2,1,2,3,10,1,
508,2712,Gadchiroli,508,Gadchiroli,Gadchiroli,9,Gadchiroli,"[""Gadchiroli""]",33500000,33500000,33500000,1,1,2,1,3,2,10,1,
136,905,Rampur,136,Rampur,Rampur,11,Rampur,"[""Rampur""]",34800000,34800000,34800000,3,1,1,2,1,2,10,1,
383,2114,Dhenkanal,383,Dhenkanal,Dhenkanal,7,Dhenkanal,"[""Dhenkanal""]",35600000,35600000,35600000,2,2,1,1,3,1,10,1,
447,2330,Betul,447,Betul,Betul,9,Betul,"[""Betul""]",38600000,38600000,38600000,1,1,2,1,3,2,10,1,
163,932,Kanpur Dehat,163,Kanpur Dehat,Kanpur Dehat,8,Kanpur Dehat,"[""Kanpur Dehat""]",54000000,54000000,54000000,2,2,1,2,1,2,10,1,
303,1804,Barpeta,303,Barpeta,Barpeta,9,Barpeta,"[""Barpeta""]",56300000,56300000,56300000,2,1,1,2,2,2,10,1,
129,831,Jhalawar,129,Jhalawar,Jhalawar,10,Jhalawar,"[""Jhalawar""]",83100000,83100000,83100000,2,1,1,1,3,2,10,1,
420,2303,Bhind,420,Bhind,Bhind,9,Bhind,"[""Bhind""]",99200000,99200000,99200000,2,1,2,2,1,2,10,1,
195,964,Ghazipur,195,Ghazipur,Ghazipur,9,Ghazipur,"[""Ghazipur""]",125700000,125700000,125700000,3,1,1,2,1,2,10,1,
307,1808,Lakhimpur,307,Lakhimpur,Lakhimpur,8,Lakhimpur,"[""Lakhimpur""]",127500000,127500000,127500000,2,2,1,1,2,2,10,1,
130,832,Udaipur,130,Udaipur,Udaipur,9,Udaipur,"[""Udaipur""]",231100000,231100000,231100000,2,1,2,1,2,2,10,1,
364,2019,Ranchi,364,Ranchi,Ranchi,9,Ranchi,"[""Ranchi""]",287300000,290900000,290900000,3,1,2,1,2,1,10,1,Khunti
113,815,Jodhpur,113,Jodhpur,Jodhpur,9,Jodhpur,"[""Jodhpur""]",344300000,344300000,344300000,2,1,2,1,3,1,10,1,
403,2724,Raigad,403,Raigarh,Raigarh,9,Raigad,"[""Raigad""]",1419400000,1419400000,1419400000,2,1,1,1,3,2,10,1,
196,965,Chandauli,196,Chandauli,Chandauli,10,,,,,0,3,1,2,2,1,2,11,2,
274,1403,Churachandpur,274,Churachandpur,Churachandpur,9,,,,,0,2,2,2,1,3,1,11,2,
331,1905,Dakshin Dinajpur,331,Dakshin Dinajpur,Dakshin Dinajpur,9,,,,,0,2,2,1,2,2,2,11,2,
190,959,Deoria,190,Deoria,Deoria,9,,,,,0,3,1,2,1,2,2,11,2,
159,928,Farrukhabad,159,Farrukhabad,Farrukhabad,9,,,,,0,3,1,1,2,2,2,11,2,
379,2110,Kendrapara,379,Kendrapara ,Kendrapara,9,,,,,0,3,1,1,2,2,2,11,2,
287,1507,Lawngtlai,287,Lawngtlai,Lawngtlai,9,,,,,0,2,2,2,1,3,1,11,2,
148,917,Mainpuri,148,Mainpuri,Mainpuri,9,,,,,0,3,1,1,2,2,2,11,2,
436,2319,Shajapur,436,Shajapur,Shajapur,10,,,,,0,2,1,2,1,3,2,11,2,
295,1703,South Garo Hills,295,South Garo Hills,South Garo Hills,9,,,,,0,2,2,3,1,2,1,11,2,
249,1205,Upper Subansiri,249,Upper Subansiri,Upper Subansiri,9,,,,,0,2,1,1,1,3,3,11,2,
147,916,Firozabad,147,Firozabad,Firozabad,10,Firozabad,"[""Firozabad""]",100000,100000,100000,3,1,1,2,2,2,11,2,
199,968,Mirzapur,199,Mirzapur,Mirzapur,10,Mirzapur,"[""Mirzapur""]",100000,100000,100000,3,1,2,2,1,2,11,2,
353,2008,Pakur,353,Pakur,Pakaur,8,Pakur,"[""Pakur""]",100000,100000,100000,2,1,2,2,2,2,11,2,
502,2706,Washim,502,Washim,Washim,10,Washim,"[""Washim""]",200000,200000,200000,3,1,2,1,3,1,11,2,
107,809,Karauli,107,Karauli ,Karauli,9,Karauli,"[""Karauli""]",300000,300000,300000,2,1,1,2,3,2,11,2,
191,960,Azamgarh,191,Azamgarh,Azamgarh,10,Azamgarh,"[""Azamgarh""]",500000,500000,500000,3,1,2,2,1,2,11,2,
247,1203,East Kameng,247,East Kameng,East Kameng,9,East Kameng,"[""East Kameng""]",1100000,1100000,1100000,2,1,1,1,3,3,11,2,
121,823,Bundi,121,Bundi ,Bundi,10,Bundi,"[""Bundi""]",1300000,1300000,1300000,2,1,2,1,3,2,11,2,
169,938,Mahoba,169,Mahoba,Mahoba,10,Mahoba,"[""Mahoba""]",1400000,1400000,1400000,3,1,2,2,1,2,11,2,
201,970,Etah,201,Etah,Etah,9,Etah,"[""Etah""]",1800000,1800000,1800000,3,1,1,2,2,2,11,2,Kanshiram Nagar
232,1030,Buxar,232,Buxar,Buxar,8,Buxar,"[""Buxar""]",2500000,2500000,2500000,2,2,1,2,2,2,11,2,
456,2339,Seoni,456,Seoni,Seoni,9,Seoni,"[""Seoni""]",2500000,2500000,2500000,2,1,2,1,3,2,11,2,
428,2311,Damoh,428,Damoh,Damoh,9,Damoh,"[""Damoh""]",3200000,3200000,3200000,2,1,3,1,2,2,11,2,
150,919,Bareilly,150,Bareilly,Bareilly,11,Bareilly,"[""Bareilly""]",3700000,3700000,3700000,3,1,1,2,2,2,11,2,
443,2326,Vidisha,443,Vidisha,Vidisha,9,Vidisha,"[""Vidisha""]",4300000,4300000,4300000,2,1,2,1,3,2,11,2,
134,903,Bijnor,134,Bijnor,Bijnor,12,Bijnor,"[""Bijnor""]",5600000,5600000,5600000,2,2,2,1,2,2,11,2,
385,2116,Nayagarh,385,Nayagarh  ,Nayagarh,8,Nayagarh,"[""Nayagarh""]",5800000,5800000,5800000,2,2,1,1,3,2,11,2,
194,963,Jaunpur,194,Jaunpur,Jaunpur,10,Jaunpur,"[""Jaunpur""]",6600000,6600000,6600000,3,1,2,2,1,2,11,2,
334,1908,Birbhum,334,Birbhum,Birbhum,9,Birbhum,"[""Birbhum""]",6700000,6700000,6700000,2,1,2,2,2,2,11,2,
186,955,Sant Kabir Nagar,186,Sant Kabir Nagar,Sant Kabir Nagar,10,Sant Kabir Nagar,"[""Sant Kabir Nagar""]",8200000,8200000,8200000,3,1,2,2,1,2,11,2,
455,2338,Chhindwara,455,Chhindwara,Chhindwara,9,Chhindwara,"[""Chhindwara""]",9000000,9000000,9000000,2,1,3,1,3,1,11,2,
460,2343,Shahdol,460,Shahdol,Shahdol,9,Shahdol,"[""Shahdol""]",5500000,9100000,9100000,2,1,3,1,2,2,11,2,Anuppur
137,906,Amroha,137,amroha/jyotibha phule nagar,AmrohaJ/yotiba Phule Nagar,9,Amroha,"[""Amroha"",""J.P. Nagar""]",10300000,10300000,10300000,3,1,1,2,2,2,11,2,
368,2023,West Singhbhum,368,Pashchimi Singhbhum,Pashchimi Singhbhum,9,West Singhbhum,"[""West Singhbhum""]",11000000,11000000,11000000,2,1,3,1,2,2,11,2,Saraikela-Kharsawan
355,2010,Bokaro,355,Bokaro,Bokaro,10,Bokaro,"[""Bokaro""]",13100000,13100000,13100000,3,1,2,2,2,1,11,2,
425,2308,Chhatarpur,425,Chhatarpur,Chhatarpur,9,Chhatarpur,"[""Chhatarpur""]",15100000,15100000,15100000,2,1,2,1,3,2,11,2,
178,947,Ambedkar Nagar,178,Ambedkar Nagar,Ambedkar Nagar,9,Ambedkar Nagar,"[""Ambedkar Nagar""]",17700000,17700000,17700000,3,1,2,2,1,2,11,2,
360,2015,Hazaribagh,360,Hazaribagh,Hazaribagh,10,Hazaribagh,"[""Hazaribag"",""Hazaribagh""]",21200000,21200000,21200000,3,1,2,2,2,1,11,2,Ramgarh
510,2714,Yavatmal,510,Yavatmal,Yavatmal,8,Yavatmal,"[""Yavatmal""]",31400000,31400000,31400000,3,2,2,1,2,1,11,2,
135,904,Moradabad,135,Moradabad,Moradabad,11,Moradabad,"[""Moradabad""]",33800000,34300000,34300000,3,1,1,2,2,2,11,2,Sambhal
128,830,Baran,128,Baran ,Baran,10,Baran,"[""Baran""]",50200000,50200000,50200000,3,1,2,1,2,2,11,2,
122,824,Bhilwara,122,Bhilwara,Bhilwara,11,Bhilwara,"[""Bhilwara""]",154600000,154600000,154600000,2,1,2,1,3,2,11,2,
313,1814,Golaghat,313,Golaghat,Golaghat,8,Golaghat,"[""Golaghat""]",197100000,197100000,197100000,2,2,1,1,2,3,11,2,
487,2420,Narmada,487,Narmada,Narmada,10,Narmada,"[""Narmada"",""Rajpipla""]",241000000,241000000,241000000,2,1,2,1,3,2,11,2,
336,1910,Nadia,336,Nadia ,Nadia ,10,Nadia,"[""Nadia""]",318900000,318900000,318900000,2,2,1,2,2,2,11,2,
112,814,Nagaur,112,Nagaur,Nagaur,9,Nagaur,"[""Nagaur""]",343900000,343900000,343900000,3,1,2,1,3,1,11,2,
514,2718,Jalna,514,Jalna,Jalna,10,Jalna,"[""Jalna""]",532900000,532900000,532900000,2,1,3,1,3,1,11,2,
404,2205,Korba,404,Korba ,Korba,10,Korba,"[""Korba""]",1428300000,1428300000,1428300000,2,1,2,1,3,2,11,2,
109,811,Dausa,109,Dausa ,Dausa,10,,,,,0,3,1,2,1,3,2,12,2,
291,1603,Dhalai,291,Dhalai,Dhalai,9,,,,,0,2,2,3,1,3,1,12,2,
412,2213,Dhamtari,412,Dhamtari ,Dhamtari,10,,,,,0,2,2,2,1,3,2,12,2,
16,116,Doda,16,Doda,Doda,11,Doda,"[""Doda""]",0,0,0,1,2,2,1,3,3,12,2,"Ramban, Kishtwar"
448,2331,Harda,448,Harda,Harda,11,,,,,0,3,1,2,1,3,2,12,2,
144,913,Hathras,144,Hathras,Hathras ,10,,,,,0,3,1,1,2,3,2,12,2,
512,2716,Hingoli,512,Hingoli,Hingoli,10,,,,,0,3,1,2,1,3,2,12,2,
286,1506,Lunglei,286,Lunglei,Lunglei,11,,,,,0,3,2,2,1,3,1,12,2,
281,1501,Mamit,281,Mamit,Mamit,10,,,,,0,3,2,2,1,3,1,12,2,
198,967,Sant Ravidas Nagar,198,Sant Ravidas Nagar (Bhadohi),Sant Ravidas Nagar Bhadohi,10,,,,,0,3,1,2,2,2,2,12,2,
254,1210,Tirap,254,Tirap,Tirap,12,,,,,0,2,2,1,1,3,3,12,2,
422,2305,Datia,422,Datia,Datia,11,Datia,"[""Datia""]",200000,200000,200000,3,1,2,2,2,2,12,2,
120,822,Tonk,120,Tonk ,Tonk,10,Tonk,"[""Tonk""]",2100000,2100000,2100000,3,1,2,1,3,2,12,2,
434,2317,Ratlam,434,Ratlam,Ratlam,10,Ratlam,"[""Ratlam""]",2300000,2300000,2300000,3,1,2,1,3,2,12,2,
432,2315,Neemuch,432,Neemuch ,Neemuch,10,Neemuch,"[""Neemuch""]",4200000,4200000,4200000,3,1,3,1,3,1,12,2,
290,1602,South Tripura,290,South Tripura ,South Tripura ,9,South Tripura,"[""South Tripura""]",4400000,4400000,4400000,2,2,3,1,3,1,12,2,
525,2729,Osmanabad,525,Osmanabad,Osmanabad,11,Osmanabad,"[""Osmanabad""]",10100000,10100000,10100000,3,1,2,1,2,3,12,2,
500,2704,Buldhana,500,Buldana,Buldana,12,Buldhana,"[""Buldhana""]",10200000,10200000,10200000,2,1,2,1,3,3,12,2,
489,2422,Dang,489,The Dangs,The Dangs,10,Dang,"[""Dangs"",""Dang"",""Ahwa""]",12400000,12400000,12400000,2,1,3,1,3,2,12,2,
188,957,Gorakhpur,188,Gorakhpur,Gorakhpur,10,Gorakhpur,"[""Gorakhpur""]",13500000,13500000,13500000,3,1,2,1,3,2,12,2,
427,2310,Sagar,427,Sagar,Sagar,9,Sagar,"[""Sagar""]",13600000,13600000,13600000,2,1,3,1,3,2,12,2,
446,2329,Raisen,446,Raisen,Raisen,9,Raisen,"[""Raisen""]",17000000,17000000,17000000,2,1,3,1,3,2,12,2,
430,2313,Rewa,430,Rewa,Rewa,11,Rewa,"[""Rewa""]",18400000,18400000,18400000,1,1,3,2,3,2,12,2,
382,2113,Jajpur,382,Jajapur  ,Jajapur,9,Jajpur,"[""Jajpur""]",19200000,19200000,19200000,2,2,1,2,3,2,12,2,
450,2333,Katni,450,Katni ,Katni,9,Katni,"[""Katni""]",22800000,22800000,22800000,2,1,3,1,3,2,12,2,
429,2312,Satna,429,Satna,Satna,10,Satna,"[""Satna""]",39300000,39300000,39300000,2,1,3,1,3,2,12,2,
408,2209,Rajnandgaon,408,Rajnandgaon,Rajnandgaon,10,Rajnandgaon,"[""Rajnandgaon""]",40800000,40800000,40800000,2,1,3,1,3,2,12,2,
118,820,Pali,118,Pali ,Pali,10,Pali,"[""Pali""]",43700000,43700000,43700000,3,1,3,1,3,1,12,2,
445,2328,Sehore,445,Sehore,Sehore,11,Sehore,"[""Sehore""]",63700000,63700000,63700000,3,1,2,1,3,2,12,2,
126,828,Chittaurgarh,126,Chittaurgarh ,Chittaurgarh,11,Chittaurgarh,"[""Chittorgarh"",""Chittaurgarh""]",97400000,97400000,97400000,3,1,2,1,3,2,12,2,Pratapgarh 
466,2349,Khandwa,466,Khandwa (East Nimar),East Nimar,11,Khandwa,"[""Khandwa""]",106900000,106900000,106900000,2,1,2,1,3,3,12,2,Burhanpur
175,944,Allahabad,175,Allahabad ,Allahabad ,11,Allahabad,"[""Allahabad""]",210200000,210200000,210200000,3,1,2,2,2,2,12,2,
145,914,Mathura,145,Mathura,Mathura,11,Mathura,"[""Mathura""]",212800000,212800000,212800000,3,1,2,2,2,2,12,2,
410,2211,Raipur,410,Raipur,Raipur,11,Raipur,"[""Raipur""]",593700000,593700000,593700000,3,1,2,1,3,2,12,2,
616,3315,Ariyalur,616,Ariyalur  ,Ariyalur,13,Ariyalur,"[""Ariyalur""]",0,0,0,3,1,2,1,3,3,13,2,
2,102,Budgam,2,Budgam,Badgam,12,,,,,0,3,1,2,1,3,3,13,2,
255,1211,Lower Subansiri,255,Lower Subansiri,Lower Subansiri,10,,,,,0,2,1,3,1,3,3,13,2,
252,1208,Upper Siang,252,Upper Siang,Upper Siang,12,,,,,0,2,1,3,1,3,3,13,2,
264,1304,Wokha,264,Wokha,Wokha,10,,,,,0,3,2,3,1,3,1,13,2,
218,1016,Siwan,218,Siwan,Siwan,9,Siwan,"[""Siwan""]",800000,800000,800000,3,2,2,2,2,2,13,2,
276,1405,Thoubal,276,Thoubal,Thoubal,11,Thoubal,"[""Thoubal""]",800000,800000,800000,3,2,3,1,3,1,13,2,
621,3320,Pudukkottai,621,Pudukkottai,Pudukkottai,13,Pudukkottai,"[""Pudukkottai""]",1100000,1100000,1100000,3,1,2,1,3,3,13,2,
106,808,Dhaulpur,106,Dhaulpur,Dhaulpur,9,Dhaulpur,"[""Dholpur"",""Dhaulpur""]",1800000,1800000,1800000,3,1,2,2,3,2,13,2,
316,1817,Cachar,316,Cachar,Cachar,7,Cachar,"[""Cachar""]",2500000,2500000,2500000,3,3,1,3,2,1,13,2,
543,3702,Vizianagaram,543,Vizianagaram,Vizianagaram,12,Vizianagaram,"[""Vizianagaram""]",2800000,2800000,2800000,3,1,3,1,3,2,13,2,
192,961,Mau,192,Mau,Mau,11,Mau,"[""Mau""]",3200000,3200000,3200000,3,1,2,2,3,2,13,2,
193,962,Ballia,193,Ballia,Ballia,10,Ballia,"[""Ballia""]",3300000,3300000,3300000,3,2,2,2,2,2,13,2,
532,3601,Adilabad,532,Adilabad,Adilabad,12,Adilabad,"[""Adilabad""]",3400000,3400000,3400000,3,1,3,1,3,2,13,2,
578,2924,Chamarajanagar,578,Chamarajanagar,Chamarajanagar,12,Chamarajanagar,"[""Chamarajanagar""]",3700000,3700000,3700000,3,1,2,1,3,3,13,2,
67,512,Udham Singh Nagar,67,Udham Singh Nagar,Udham Singh Nagar,14,Udham Singh Nagar,"[""Udham Singh Nagar""]",3800000,3800000,3800000,3,2,2,1,3,2,13,2,
560,2906,Koppal,560,Koppal,Koppal ,12,Koppal,"[""Koppal""]",6800000,6800000,6800000,3,1,2,1,3,3,13,2,
14,114,Anantnag,14,Anantnag,Anantnag,12,Anantnag,"[""Anantnag""]",8900000,8900000,8900000,3,1,2,1,3,3,13,2,"Kulgam, Shupiyan"
8,108,Baramulla,8,Baramula,Baramula,12,Baramulla,"[""Baramulla""]",8900000,8900000,8900000,3,1,2,1,3,3,13,2,Bandipore
143,912,Aligarh,143,Aligarh,Aligarh,11,Aligarh,"[""Aligarh""]",10700000,10700000,10700000,3,2,2,2,2,2,13,2,
506,2710,Bhandara,506,Bhandara,Bhandara,11,Bhandara,"[""Bhandara""]",15300000,15300000,15300000,3,2,3,1,3,1,13,2,
540,3609,Warangal,540,Warangal,Warangal,12,Warangal Urban,"[""Warangal Urban""]",16200000,16200000,16200000,3,1,2,1,3,3,13,2,
108,810,Sawai Madhopur,108,Sawai Madhopur ,Sawai Madhopur,11,Sawai Madhopur,"[""Sawai Madhopur""]",17100000,17100000,17100000,3,1,2,2,3,2,13,2,
105,807,Bharatpur,105,Bharatpur ,Bharatpur,11,Bharatpur,"[""Bharatpur""]",19700000,19700000,19700000,3,1,3,2,2,2,13,2,
377,2108,Balasore,377,Baleshwar,Baleshwar,9,Balasore,"[""Balasore""]",20600000,20600000,20600000,2,2,2,2,3,2,13,2,
523,2727,Beed,523,Bid,Bid,12,Beed,"[""Beed""]",21400000,21400000,21400000,2,1,3,1,3,3,13,2,
387,2118,Puri,387,Puri,Puri,9,Puri,"[""Puri""]",31500000,31500000,31500000,2,3,1,2,3,2,13,2,
166,935,Jhansi,166,Jhansi,Jhansi,11,Jhansi,"[""Jhansi""]",32900000,32900000,32900000,3,1,2,2,3,2,13,2,
559,2905,Raichur,559,Raichur,Raichur,12,Raichur,"[""Raichur""]",33000000,33000000,33000000,3,1,2,1,3,3,13,2,
437,2320,Dewas,437,Dewas,Dewas,11,Dewas,"[""Dewas""]",35000000,35000000,35000000,3,1,3,1,3,2,13,2,
472,2405,Sabarkatha,472,Sabar Kantha,Sabar Kantha,12,Sabarkatha,"[""Sabarkantha"",""Sabarkatha"",""Himmatnagar""]",34600000,38700000,38700000,2,1,3,1,3,3,13,2,Aravalli
142,911,Bulandshahar,142,Bulandshahr ,Bulandshahar ,9,Bulandshahar,"[""Bulandshahr"",""Bulandshahar""]",39600000,39600000,39600000,3,3,1,2,2,2,13,2,
117,819,Sirohi,117,Sirohi,Sirohi,10,Sirohi,"[""Sirohi""]",40500000,40500000,40500000,2,1,3,1,3,3,13,2,
123,825,Rajsamand,123,Rajsamand,Rajsamand,11,Rajsamand,"[""Rajsamand""]",51900000,51900000,51900000,3,1,2,1,3,3,13,2,
498,2702,Dhule,498,Dhule,Dhule,13,Dhule,"[""Dhule""]",52700000,52700000,52700000,2,1,3,1,3,3,13,2,
557,2218,Bijapur,557,Bijapur,Bijapur,12,Bijapur,"[""Vijayapura"",""Bijapur""]",54700000,54700000,54700000,3,1,2,1,3,3,13,2,
507,2711,Gondia,507,Gondiya,Gondiya,11,Gondia,"[""Gondia""]",95300000,95300000,95300000,2,2,3,1,3,2,13,2,
374,2105,Sundargarh,374,Sundargarh,Sundargarh,8,Amethi,"[""Chatrapati Sahuji Mahraj Nagar"",""Amethi""]",134900000,134900000,134900000,2,3,1,1,3,3,13,2,
542,3701,Srikakulam,542,Srikakulam,Srikakulam,12,Srikakulam,"[""Srikakulam""]",149600000,149600000,149600000,3,1,3,1,3,2,13,2,
513,2717,Parbhani,513,Parbhani,Parbhani,11,Parbhani,"[""Parbhani""]",159500000,159500000,159500000,3,1,3,1,3,2,13,2,
309,1810,Tinsukia,309,Tinsukia,Tinsukia,11,Tinsukia,"[""Tinsukia""]",182600000,182600000,182600000,3,2,2,1,2,3,13,2,
104,806,Alwar,104,Alwar,Alwar,12,Alwar,"[""Alwar""]",416400000,416400000,416400000,3,1,2,2,3,2,13,2,
63,508,Bageshwar,63,Bageshwar,Bageshwar,14,,,,,0,3,2,2,1,3,3,14,2,
284,1504,Champhai,284,Champhai,Champhai,13,,,,,0,3,2,2,1,3,3,14,2,
567,2913,Davanagere,567,Davanagere,Davanagere ,12,,,,,0,3,1,3,1,3,3,14,2,
251,1207,East Siang,251,East Siang,East Siang,14,,,,,0,3,2,2,1,3,3,14,2,
380,2111,Jagatsinghpur,380,Jagatsinghapur ,Jagatsinghapur,10,,,,,0,2,3,2,2,3,2,14,2,
344,1918,West Medinipur,344,Medinipur,Medinipur ,10,,,,,0,2,3,2,2,3,2,14,2,"Purba Medinipur, Paschim Medinipur"
550,3709,Nellore,550,Nellore,Nellore,13,,,,,0,3,1,3,1,3,3,14,2,
242,1101,North Sikkim,241,North  District,North ,14,,,,,0,2,3,2,1,3,3,14,2,
245,1201,Tawang,245,Tawang,Tawang,13,,,,,0,2,2,3,1,3,3,14,2,
607,3306,Villupuram,607,Viluppuram,Viluppuram,14,,,,,0,3,1,3,1,3,3,14,2,
246,1202,West Kameng,246,West Kameng,West Kameng,14,,,,,0,3,2,2,1,3,3,14,2,
549,3708,Prakasam,549,Prakasam,Prakasam,13,Prakasam,"[""Prakasam""]",100000,100000,100000,3,1,3,1,3,3,14,2,
266,1306,Phek,266,Phek,Phek,12,Phek,"[""Phek""]",300000,300000,300000,3,2,2,1,3,3,14,2,
533,3602,Nizamabad,533,Nizamabad,Nizamabad,13,Nizamabad,"[""Nizamabad""]",500000,500000,500000,3,1,3,1,3,3,14,2,
42,308,Moga,42,Moga,Moga,15,Moga,"[""Moga""]",600000,600000,600000,3,2,2,2,3,2,14,2,
615,3314,Perambalur,615,Perambalur  ,Perambalur,14,Perambalur,"[""Perambalur""]",1200000,1200000,1200000,3,1,3,1,3,3,14,2,
253,1209,Changlang,253,Changlang,Changlang,11,Changlang,"[""Changlang""]",1300000,1300000,1300000,3,2,2,1,3,3,14,2,
573,2919,Mandya,573,Mandya,Mandya,12,Mandya,"[""Mandya""]",2100000,2100000,2100000,3,1,3,1,3,3,14,2,
133,902,Muzaffarnagar,133,Muzaffarnagar,Muzaffarnagar,13,Muzaffarnagar,"[""Muzaffarnagar""]",4200000,4200000,4200000,3,2,2,2,3,2,14,2,
606,3305,Tiruvannamalai,606,Tiruvannamalai,Tiruvannamalai,14,Tiruvannamalai,"[""Tiruvannamalai""]",4300000,4300000,4300000,3,1,3,1,3,3,14,2,
600,3213,Kollam,600,Kollam,Kollam,13,Kollam,"[""Kollam""]",4400000,4400000,4400000,3,3,3,1,3,1,14,2,
529,2733,Sindhudurg,529,Sindhudurg,Sindhudurg,13,Sindhudurg,"[""Sindhudurg""]",5600000,5600000,5600000,3,3,3,1,3,1,14,2,
564,2910,Haveri,564,Haveri,Haveri,12,Haveri,"[""Haveri""]",7800000,7800000,7800000,3,1,3,1,3,3,14,2,
558,2904,Bidar,558,Bidar,Bidar,12,Bidar,"[""Bidar""]",9000000,9000000,9000000,3,2,2,1,3,3,14,2,
556,2902,Bagalkot,556,Bagalkot ,Bagalkot,12,Bagalkot,"[""Bagalkot""]",9800000,9800000,9800000,3,1,3,1,3,3,14,2,
19,119,Udhampur,19,Udhampur,Udhampur,10,Udhampur,"[""Udhampur""]",12200000,12200000,12200000,3,3,3,1,3,1,14,2,Reasi
574,2920,Hassan,574,Hassan,Hassan,12,Hassan,"[""Hassan""]",14300000,14300000,14300000,3,1,3,1,3,3,14,2,
483,2416,Kheda,483,Kheda,Kheda,11,Kheda,"[""Kheda"",""Nadiad""]",15100000,15100000,15100000,2,2,3,1,3,3,14,2,
469,2402,Banaskantha,469,Banas Kantha,Banas Kantha,11,Banaskantha,"[""Banaskantha"",""Palanpur""]",15400000,15400000,15400000,3,1,3,1,3,3,14,2,
579,2925,Gulbarga,579,Gulbarga,Gulbarga,12,Gulbarga,"[""Kalaburagi"",""Gulbarga""]",17000000,17000000,17000000,3,2,2,1,3,3,14,2,Yadgir
56,501,Uttarkashi,56,Uttarkashi,Uttarkashi,13,Uttarkashi,"[""Uttarkashi""]",20300000,20300000,20300000,3,1,3,1,3,3,14,2,
47,313,Mansa,47,Mansa,Mansa,14,Mansa,"[""Mansa""]",20600000,20600000,20600000,3,2,2,2,3,2,14,2,
449,2332,Hoshangabad,449,Hoshangabad,Hoshangabad,13,Hoshangabad,"[""Hoshangabad""]",21800000,21800000,21800000,3,2,3,1,3,2,14,2,
538,3607,Mahabubnagar,538,Mahbubnagar,Mahbubnagar,13,Mahabubnagar,"[""Mahabubnagar"",""Mahbubnagar""]",21900000,21900000,21900000,3,1,3,1,3,3,14,2,
43,309,Ferozepur,43,Firozpur,Firozpur,15,Ferozepur,"[""Ferozepur"",""Firozpur""]",23100000,23100000,23100000,3,2,2,2,3,2,14,2,
571,2917,Tumkur,571,Tumkur,Tumkur,12,Tumkur,"[""Tumakuru"",""Tumkur""]",23600000,23600000,23600000,3,1,3,1,3,3,14,2,
132,901,Saharanpur,132,Saharanpur,Saharanpur,13,Saharanpur,"[""Saharanpur""]",23800000,23800000,23800000,3,2,2,2,3,2,14,2,
561,2907,Gadag,561,Gadag,Gadag,12,Gadag,"[""Gadag""]",28400000,28400000,28400000,3,1,3,1,3,3,14,2,
501,2705,Akola,501,Akola,Akola,12,Akola,"[""Akola""]",32700000,32700000,32700000,3,1,3,1,3,3,14,2,
435,2318,Ujjain,435,Ujjain,Ujjain,11,Ujjain,"[""Ujjain""]",36600000,36600000,36600000,3,2,3,1,3,2,14,2,
535,3604,Medak,535,Medak,Medak,13,Medak,"[""Medak""]",43500000,43500000,43500000,3,1,3,1,3,3,14,2,
522,2726,Ahmednagar,522,Ahmadnagar,Ahmadnagar,11,Ahmednagar,"[""Ahmednagar""]",51600000,51600000,51600000,3,1,3,3,3,1,14,2,
101,803,Bikaner,101,Bikaner,Bikaner,11,Bikaner,"[""Bikaner""]",53500000,53500000,53500000,3,3,2,1,2,3,14,2,
612,3311,Dindigul,612,Dindigul,Dindigul,14,Dindigul,"[""Dindigul""]",53900000,53900000,53900000,3,1,3,1,3,3,14,2,
310,1811,Dibrugarh,310,Dibrugarh,Dibrugarh,11,Dibrugarh,"[""Dibrugarh""]",61000000,61000000,61000000,3,3,2,1,2,3,14,2,
230,1028,Patna,230,Patna,Patna,13,Patna,"[""Patna""]",61200000,61200000,61200000,3,2,2,2,3,2,14,2,
475,2408,Surendranagar,475,Surendranagar,Surendranagar,13,Surendranagar,"[""Surendranagar""]",48800000,63400000,63400000,3,1,3,1,3,3,14,2,Morbi
524,2728,Latur,524,Latur,Latur,12,Latur,"[""Latur""]",63600000,63600000,63600000,3,1,3,1,3,3,14,2,
539,3608,Nalgonda,539,Nalgonda,Nalgonda,13,Nalgonda,"[""Nalgonda""]",49600000,64900000,64900000,3,1,3,1,3,3,14,2,Suryapet
146,915,Agra,146,Agra,Agra,14,Agra,"[""Agra""]",73400000,73400000,73400000,3,1,3,2,3,2,14,2,
566,2912,Chitradurga,566,Chitradurga,Chitradurga,12,Chitradurga,"[""Chitradurga""]",83900000,83900000,83900000,3,1,3,1,3,3,14,2,
565,2911,Bellary,565,Bellary,Bellary,13,Bellary,"[""Ballari"",""Bellary""]",99700000,99700000,99700000,3,1,3,1,3,3,14,2,
409,2210,Durg,409,Durg,Durg,11,Durg,"[""Durg""]",123900000,123900000,123900000,3,2,3,1,3,2,14,2,
534,3603,Karimnagar,534,Karimnagar,Karimnagar,13,Karimnagar,"[""Karimnagar""]",130800000,132400000,132400000,3,1,3,1,3,3,14,2,Siddipet
381,2112,Cuttack,381,Cuttack,Cuttack,10,Cuttack,"[""Cuttack""]",139500000,139500000,139500000,3,1,1,3,3,3,14,2,
554,3713,Chittoor,554,Chittoor,Chittoor,13,Chittoor,"[""Chittoor""]",143300000,143300000,143300000,3,1,3,1,3,3,14,2,
372,2103,Sambalpur,372,Sambalpur,Sambalpur,8,Sambalpur,"[""Sambalpur""]",182800000,182800000,182800000,2,3,3,1,3,2,14,2,
553,3712,Anantapuram,553,Anantapur,Anantapur,13,Anantapuram,"[""Anantapur"",""Anantapuram""]",184300000,184300000,184300000,3,1,3,1,3,3,14,2,
78,610,Fatehabad,78,Fatehabad,Fatehabad,15,,,,,0,3,2,2,2,3,3,15,3,
285,1505,Serchhip,285,Serchhip,Serchhip,13,,,,,0,3,3,2,1,3,3,15,3,
311,1812,Sivasagar,311,Sivasagar,Sibsagar,10,,,,,0,3,2,3,1,3,3,15,3,
250,1206,West Siang,250,West Siang,West Siang,14,,,,,0,3,2,3,1,3,3,15,3,
263,1303,Zunheboto,263,Zunheboto,Zunheboto,12,,,,,0,3,2,3,1,3,3,15,3,
61,506,Pauri Garhwal,61,Garhwal,Garhwal,15,Pauri Garhwal,"[""Pauri Garhwal""]",100000,100000,100000,3,2,3,1,3,3,15,3,
26,204,Kullu,26,Kullu,Kullu,15,Kullu,"[""Kullu""]",300000,300000,300000,3,2,3,1,3,3,15,3,
73,605,Kaithal,73,Kaithal,Kaithal,15,Kaithal,"[""Kaithal""]",400000,400000,400000,3,2,2,2,3,3,15,3,
7,107,Kathua,7,Kathua,Kathua,13,Kathua,"[""Kathua""]",500000,500000,500000,3,2,3,1,3,3,15,3,
77,609,Jind,77,Jind,Jind,15,Jind,"[""Jind""]",1400000,1400000,1400000,3,2,2,2,3,3,15,3,
62,507,Pithoragarh,62,Pithoragarh,Pithoragarh,14,Pithoragarh,"[""Pithoragarh""]",1700000,1700000,1700000,3,2,3,1,3,3,15,3,
257,1213,Dibang Valley,257,Dibang Valley,Dibang Valley,12,Dibang Valley,"[""Dibang Valley""]",1300000,2400000,2400000,3,2,3,1,3,3,15,3,Lower Dibang Valley
3,103,Leh,3,Leh(Ladakh),Leh (Ladakh),13,Leh,"[""Leh""]",2600000,2600000,2600000,3,2,3,3,3,1,15,3,
555,2901,Belagavi,555,Belgaum,Belgaum,13,Belagavi,"[""Belagavi"",""Belgaum""]",3000000,3000000,3000000,3,2,3,1,3,3,15,3,
44,310,Sri Muktsar Sahib,44,Muktsar,Muktsar,15,Sri Muktsar Sahib,"[""Muktsar"",""Sri Muktsar Sahib""]",4700000,4700000,4700000,3,2,1,3,3,3,15,3,
23,201,Chamba,23,Chamba,Chamba,15,Chamba,"[""Chamba""]",5600000,5600000,5600000,3,2,3,1,3,3,15,3,
64,509,Almora,64,Almora,Almora,15,Almora,"[""Almora""]",6500000,6500000,6500000,3,2,3,1,3,3,15,3,
343,1917,South 24 Parganas,343,South Twenty Four Parganas,South  Twenty Four Parganas,10,South 24 Parganas,"[""South 24 Parganas""]",6500000,6500000,6500000,2,2,3,3,2,3,15,3,
479,2412,Junagadh,479,Junagadh,Junagadh,16,Junagadh,"[""Junagadh""]",6800000,6800000,6800000,3,2,3,1,3,3,15,3,
619,3318,Thiruvarur,619,Thiruvarur,Thiruvarur,13,Thiruvarur,"[""Tiruvarur"",""Thiruvarur""]",7500000,7500000,7500000,3,2,3,1,3,3,15,3,
139,908,Bagpat,139,Baghpat,Baghpat,13,Bagpat,"[""Baghpat"",""Bagpat""]",7800000,7800000,7800000,3,2,3,2,3,2,15,3,
275,1404,Bishnupur,275,Bishnupur,Bishnupur,12,Bishnupur,"[""Bishnupur""]",9200000,9200000,9200000,3,2,3,3,3,1,15,3,
58,503,Rudraprayag,58,Rudraprayag,Rudraprayag,14,Rudraprayag,"[""Rudraprayag""]",9500000,9500000,9500000,3,2,3,1,3,3,15,3,
74,606,Karnal,74,Karnal,Karnal,17,Karnal,"[""Karnal""]",11100000,11100000,11100000,3,2,2,2,3,3,15,3,
102,804,Churu,102,Churu ,Churu,13,Churu,"[""Churu""]",14700000,14700000,14700000,3,3,2,1,3,3,15,3,
12,112,Pulwama,12,Pulwama,Pulwama,14,Pulwama,"[""Pulwama""]",17500000,17500000,17500000,3,2,3,1,3,3,15,3,
509,2713,Chandrapur,509,Chandrapur,Chandrapur,11,Chandrapur,"[""Chandrapur""]",40000000,40000000,40000000,3,3,3,1,3,2,15,3,
526,2730,Solapur,526,Solapur,Solapur,12,Solapur,"[""Solapur""]",42200000,42200000,42200000,3,2,3,1,3,3,15,3,
618,3317,Nagapattinam,618,Nagapattinam  ,Nagapattinam,13,Nagapattinam,"[""Nagapattinam""]",42600000,42600000,42600000,3,2,3,1,3,3,15,3,
546,3705,West Godavari,546,West Godavari,West Godavari,15,West Godavari,"[""West Godavari""]",65100000,65100000,65100000,3,2,3,1,3,3,15,3,
541,3610,Khammam,541,Khammam,Khammam,15,Khammam,"[""Khammam""]",65900000,65900000,65900000,3,2,3,1,3,3,15,3,
617,3316,Cuddalore,617,Cuddalore,Cuddalore,14,Cuddalore,"[""Cuddalore""]",67600000,67600000,67600000,3,2,3,1,3,3,15,3,
53,319,Sangrur,53,Sangrur,Sangrur,15,Sangrur,"[""Sangrur""]",29500000,68400000,68400000,3,2,2,3,3,2,15,3,Barnala
545,3704,East Godavari,545,East Godavari,East Godavari,15,East Godavari,"[""East Godavari""]",71500000,71500000,71500000,3,2,3,1,3,3,15,3,
528,2732,Ratnagiri,528,Ratnagiri,Ratnagiri,15,Ratnagiri,"[""Ratnagiri""]",88000000,88000000,88000000,3,2,3,1,3,3,15,3,
482,2415,Anand,482,Anand,Anand,15,Anand,"[""Anand""]",100900000,100900000,100900000,3,2,3,1,3,3,15,3,
57,502,Chamoli,57,Chamoli,Chamoli,14,Chamoli,"[""Chamoli""]",104000000,104000000,104000000,3,2,3,1,3,3,15,3,
552,3711,Kurnool,552,Kurnool,Kurnool,13,Kurnool,"[""Kurnool""]",141700000,141700000,141700000,3,2,3,1,3,3,15,3,
354,2009,Dhanbad,354,Dhanbad,Dhanbad,11,Dhanbad,"[""Dhanbad""]",153600000,153600000,153600000,3,3,2,3,3,1,15,3,
504,2708,Wardha,504,Wardha,Wardha,14,Wardha,"[""Wardha""]",226200000,226200000,226200000,3,2,3,1,3,3,15,3,
197,966,Varanasi,197,Varanasi,Varanasi,14,Varanasi,"[""Varanasi""]",298400000,298400000,298400000,3,2,2,3,2,3,15,3,
59,504,Tehri Garhwal,59,Tehri Garhwal,Tehri Garhwal,15,Tehri Garhwal,"[""Tehri Garhwal""]",398900000,398900000,398900000,3,2,3,1,3,3,15,3,
80,612,Hisar,80,Hisar,Hisar,15,Hisar,"[""Hisar""]",490500000,490500000,490500000,3,2,2,2,3,3,15,3,
241,1038,Arwal,240,Arwal,Arwal,8,,,,,0,3,3,3,1,3,3,16,3,
65,510,Champawat,65,Champawat,Champawat,12,,,,,0,3,3,3,1,3,3,16,3,
588,3201,Kasaragod,588,Kasaragod,Kasaragod,14,,,,,0,3,3,3,3,3,1,16,3,
270,1310,Kohima,270,Kohima,Kohima,12,Kohima,"[""Kohima""]",0,0,0,3,3,3,3,3,1,16,3,Peren
587,3101,Lakshadweep,587,Lakshadweep,Lakshadweep,14,Lakshadweep,"[""Lakshadweep""]",0,0,0,3,3,3,3,3,1,16,3,
636,3403,Mahe,636,Mahe,Mahe,16,,,,,0,3,3,3,3,3,1,16,3,
262,1302,Mokokchung,262,Mokokchung,Mokokchung,12,,,,,0,3,3,3,3,3,1,16,3,
638,3501,Nicobar,638,Nicobars,Nicobars,15,,,,,0,3,3,3,1,3,3,16,3,
32,210,Sirmaur,32,Sirmaur,Sirmaur,15,,,,,0,3,3,3,1,3,3,16,3,
100,802,Hanumangarh,100,Hanumangarh ,Hanumangarh,15,Hanumangarh,"[""Hanumangarh""]",200000,200000,200000,3,2,3,2,3,3,16,3,
25,203,Lahaul And Spiti,25,Lahul & Spiti,Lahul & Spiti,16,Lahaul And Spiti,"[""Lahaul & Spiti"",""Lahaul And Spiti"",""Lahaul Spiti""]",1700000,1700000,1700000,3,3,3,1,3,3,16,3,
278,1407,Imphal East,278,Imphal East,Imphal East,16,Imphal East,"[""Imphal East""]",2600000,2600000,2600000,3,3,3,3,3,1,16,3,
292,1604,North Tripura,292,North Tripura,North Tripura ,9,North Tripura,"[""North Tripura""]",0,3600000,3600000,3,3,3,3,3,1,16,3,Unakoti
589,3202,Kannur,589,Kannur,Kannur,14,Kannur,"[""Kannur""]",3700000,3700000,3700000,3,3,3,3,3,1,16,3,
79,611,Sirsa,79,Sirsa,Sirsa,15,Sirsa,"[""Sirsa""]",4000000,4000000,4000000,3,3,2,2,3,3,16,3,
624,3323,Theni,624,Theni  ,Theni,16,Theni,"[""Theni""]",4800000,4800000,4800000,3,1,3,3,3,3,16,3,
265,1305,Dimapur,265,Dimapur ,Dimapur,14,Dimapur,"[""Dimapur""]",5000000,5000000,5000000,3,3,3,3,3,1,16,3,
592,3205,Malappuram,592,Malappuram,Malappuram,13,Malappuram,"[""Malappuram""]",5100000,5100000,5100000,3,3,3,3,3,1,16,3,
29,207,Una,29,Una,Una,16,Una,"[""Una""]",5400000,5400000,5400000,3,3,3,1,3,3,16,3,
28,206,Hamirpur,28,Hamirpur,Hamirpur,16,Hamirpur,"[""Hamirpur""]",5800000,5800000,5800000,3,3,3,1,3,3,16,3,
599,3212,Pathanamthitta,599,Pathanamthitta,Pathanamthitta,13,Pathanamthitta,"[""Pathanamthitta""]",6600000,6600000,6600000,3,3,3,3,3,1,16,3,
27,205,Mandi,27,Mandi,Mandi,16,Mandi,"[""Mandi""]",6700000,6700000,6700000,3,3,3,1,3,3,16,3,
563,2909,Uttara Kannada,563,Uttara Kannada,Uttara Kannada,12,Uttara Kannada,"[""Uttara Kannada"",""Karwar""]",7000000,7000000,7000000,3,3,3,3,3,1,16,3,
480,2413,Amreli,480,Amreli,Amreli,16,Amreli,"[""Amreli""]",8400000,8400000,8400000,3,2,3,2,3,3,16,3,
596,3209,Idukki,596,Idukki ,Idukki,12,Idukki,"[""Idukki""]",9400000,9400000,9400000,3,3,3,3,3,1,16,3,
576,2922,Kodagu,576,Kodagu,Kodagu,12,Kodagu,"[""Kodagu""]",10500000,10500000,10500000,3,3,3,3,3,1,16,3,
590,3203,Wayanad,590,Wayanad,Wayanad,12,Wayanad,"[""Wayanad""]",11100000,11100000,11100000,3,3,3,3,3,1,16,3,
575,2921,Dakshina Kannada,575,Dakshina Kannada,Dakshina Kannada,14,Dakshina Kannada,"[""Dakshina Kannada""]",11400000,11400000,11400000,3,3,3,3,3,1,16,3,
46,312,Bathinda,46,Bathinda,Bathinda,16,Bathinda,"[""Bathinda""]",12000000,12000000,12000000,3,2,2,3,3,3,16,3,
111,813,Sikar,111,Sikar,Sikar,13,Sikar,"[""Sikar""]",16100000,16100000,16100000,3,3,3,1,3,3,16,3,
591,3204,Kozhikode,591,Kozhikode,Kozhikode,14,Kozhikode,"[""Kozhikode""]",17700000,17700000,17700000,3,3,3,3,3,1,16,3,
593,3206,Palakkad,593,Palakkad,Palakkad,13,Palakkad,"[""Palakkad""]",17800000,17800000,17800000,3,3,3,3,3,1,16,3,
323,1824,Nalbari,323,Nalbari,Nalbari,9,Nalbari,"[""Nalbari""]",1100000,22100000,22100000,3,3,1,3,3,3,16,3,Baksa
531,2735,Sangli,531,Sangli,Sangli,17,Sangli,"[""Sangli""]",22400000,22400000,22400000,3,2,3,2,3,3,16,3,
81,613,Bhiwani,81,Bhiwani,Bhiwani,14,Bhiwani,"[""Bhiwani""]",28600000,28600000,28600000,3,2,3,2,3,3,16,3,
327,1901,Darjeeling,327,Darjiling ,Darjiling ,12,Darjeeling,"[""Darjeeling""]",32900000,32900000,32900000,3,3,3,3,3,1,16,3,
597,3210,Kottayam,597,Kottayam,Kottayam,14,Kottayam,"[""Kottayam""]",33800000,33800000,33800000,3,3,3,3,3,1,16,3,
598,3211,Alappuzha,598,Alappuzha,Alappuzha,16,Alappuzha,"[""Alappuzha""]",40400000,40400000,40400000,3,3,3,3,3,1,16,3,
386,2117,Khordha,386,Khordha ,Khordha,11,Khordha,"[""Khordha""]",63500000,63500000,63500000,3,3,3,3,3,1,16,3,
470,2403,Patan,470,Patan  ,Patan,13,Patan,"[""Patan""]",68200000,68200000,68200000,3,3,3,1,3,3,16,3,
103,805,Jhunjhunu,103,Jhunjhunun,Jhunjhunun,15,Jhunjhunu,"[""Jhunjhunu""]",72700000,72700000,72700000,3,3,3,1,3,3,16,3,
630,3329,Dharmapuri,630,Dharmapuri,Dharmapuri,14,Dharmapuri,"[""Dharmapuri""]",25200000,89400000,89400000,3,3,3,1,3,3,16,3,Krishnagiri
499,2703,Jalgaon,499,Jalgaon,Jalgaon,15,Jalgaon,"[""Jalgaon""]",100200000,100200000,100200000,3,2,3,2,3,3,16,3,
548,3707,Guntur,548,Guntur,Guntur,17,Guntur,"[""Guntur""]",125000000,125000000,125000000,2,2,3,3,3,3,16,3,
581,2927,Kolar,581,Kolar,Kolar,12,Kolar,"[""Kolar""]",143500000,143500000,143500000,3,3,3,1,3,3,16,3,Chikkaballapura
468,2401,Kachchh,468,Kachchh,Kachchh,15,Kachchh,"[""Kachchh"",""Kutch""]",149200000,149200000,149200000,3,3,3,1,3,3,16,3,
601,3214,Thiruvananthapuram,601,Thiruvananthapuram,Thiruvananthapuram,14,Thiruvananthapuram,"[""Thiruvananthapuram""]",175800000,175800000,175800000,3,3,3,3,3,1,16,3,
157,926,Lucknow,157,Lucknow,Lucknow,16,Lucknow,"[""Lucknow""]",197200000,197200000,197200000,3,3,3,3,2,2,16,3,
594,3207,Thrissur,594,Thrissur,Thrissur,16,Thrissur,"[""Thrissur""]",347700000,347700000,347700000,3,3,3,3,3,1,16,3,
544,3703,Vishakhapatnam,544,Visakhapatnam,Visakhapatnam,17,Vishakhapatnam,"[""Visakhapatnam"",""Vishakhapatnam""]",406500000,406500000,406500000,2,2,3,3,3,3,16,3,
119,821,Ajmer,119,Ajmer,Ajmer,12,Ajmer,"[""Ajmer""]",542000000,542000000,542000000,3,3,3,1,3,3,16,3,
595,3208,Ernakulam,595,Ernakulam,Ernakulam,16,Ernakulam,"[""Ernakulam""]",551900000,551900000,551900000,3,3,3,3,3,1,16,3,
569,2915,Udupi,569,Udupi,Udupi,14,Udupi,"[""Udupi""]",739100000,739100000,739100000,3,3,3,3,3,1,16,3,
583,2929,Bangalore Rural,583,Bangalore Rural,Bangalore Rural,13,Bangalore Rural,"[""Bengaluru Rural"",""Bangalore Rural"",""Banglore Rural""]",2402200000,2419300000,2419300000,3,3,3,1,3,3,16,3,Ramanagara
335,1909,Bardhaman,335,Barddhaman ,Barddhaman ,12,,,,,0,3,3,2,3,3,3,17,3,
496,2601,Dadra and Nagar Haveli,496,Dadra & Nagar Haveli,Dadra & Nagar Haveli,16,,,,,0,3,3,3,3,3,2,17,3,
357,2012,East Singhbhum,357,East Singhbhum,Purbi Singhbhum,15,,,,,0,3,3,2,3,3,3,17,3,
35,301,Gurdaspur,35,Gurdaspur,Gurdaspur,16,,,,,0,3,2,3,3,3,3,17,3,
84,616,Mahendragarh,84,Mahendragarh,Mahendragarh,13,,,,,0,3,3,3,2,3,3,17,3,
288,1508,Saiha,288,Saiha,Saiha,15,Saiha,"[""Saiha""]",300000,300000,300000,3,2,3,3,3,3,17,3,
312,1813,Jorhat,312,Jorhat,Jorhat,10,Jorhat,"[""Jorhat""]",10700000,10700000,10700000,3,2,3,3,3,3,17,3,
4,104,Kargil,4,Kargil,Kargil,12,Kargil,"[""Kargil""]",11900000,11900000,11900000,2,3,3,3,3,3,17,3,
138,907,Meerut,138,Meerut,Meerut,16,Meerut,"[""Meerut""]",16000000,16000000,16000000,3,3,3,3,3,2,17,3,
71,603,Yamuna Nagar,71,Yamunanagar,Yamunanagar,17,Yamuna Nagar,"[""Yamunanagar"",""Yamuna Nagar""]",17800000,17800000,17800000,3,3,2,3,3,3,17,3,
49,315,Amritsar,49,Amritsar,Amritsar,16,Amritsar,"[""Amritsar""]",33300000,33500000,33500000,3,3,2,3,3,3,17,3,Tarn Taran
48,314,Patiala,48,Patiala,Patiala,17,Patiala,"[""Patiala""]",5500000,36800000,36800000,3,3,2,3,3,3,17,3,Sahibzada Ajit Singh Nagar
471,2404,Mehsana,471,Mahesana,Mahesana,17,Mehsana,"[""Mehsana""]",39400000,39400000,39400000,3,2,3,3,3,3,17,3,
503,2707,Amravati,503,Amravati,Amravati,14,Amravati,"[""Amravati""]",42200000,42200000,42200000,3,2,3,3,3,3,17,3,
527,2731,Satara,527,Satara,Satara,16,Satara,"[""Satara""]",49400000,49400000,49400000,3,2,3,3,3,3,17,3,
477,2410,Jamnagar,477,Jamnagar,Jamnagar,18,Jamnagar,"[""Jamnagar""]",62100000,62100000,62100000,3,2,3,3,3,3,17,3,
481,2414,Bhavnagar,481,Bhavnagar,Bhavnagar,17,Bhavnagar,"[""Bhavnagar""]",68400000,68600000,68600000,3,2,3,3,3,3,17,3,Botad
140,909,Ghaziabad,140,Ghaziabad,Ghaziabad,16,Ghaziabad,"[""Ghaziabad""]",95900000,101800000,101800000,3,3,3,3,3,2,17,3,Hapur
83,615,Jhajjar,83,Jhajjar,Jhajjar,17,Jhajjar,"[""Jhajjar""]",147100000,147100000,147100000,3,3,2,3,3,3,17,3,
68,513,Haridwar,68,Hardwar,Hardwar,16,Haridwar,"[""Haridwar""]",375900000,375900000,375900000,3,3,2,3,3,3,17,3,
547,3706,Krishna,547,Krishna,Krishna,17,Krishna,"[""Krishna""]",552100000,552100000,552100000,2,3,3,3,3,3,17,3,
10,110,Srinagar,10,Srinagar,Srinagar,18,Srinagar,"[""Srinagar""]",676300000,676300000,676300000,3,2,3,3,3,3,17,3,Ganderbal
517,2721,Thane,517,Thane,Thane,18,Thane,"[""Thane""]",564000000,802800000,802800000,3,2,3,3,3,3,17,3,Palghar
639,3502,North and Middle Andaman,639,Andaman,Andamans,18,,,,,0,3,3,3,3,3,3,18,3,"South Andaman, North  & Middle Andaman"
515,2719,Aurangabad,515,Aurangabad,Aurangabad,8,,,,,0,3,3,3,3,3,3,18,3,
494,2501,Diu,494,Diu,Diu,18,,,,,0,3,3,3,3,3,3,18,3,
45,311,Faridkot,45,Faridkot,Faridkot,15,,,,,0,3,3,3,3,3,3,18,3,
40,306,Fatehgarh Sahib,40,Fatehgarh Sahib,Fatehgarh Sahib,16,,,,,0,3,3,3,3,3,3,18,3,
277,1406,Imphal West,277,Imphal West,Imphal West,16,,,,,0,3,3,3,3,3,3,18,3,
34,212,Kinnaur,34,Kinnaur,Kinnaur,17,,,,,0,3,3,3,3,3,3,18,3,
282,1502,Kolasib,282,Kolasib,Kolasib,15,,,,,0,3,3,3,3,3,3,18,3,
609,3308,Namakkal,609,Namakkal   ,Namakkal,16,Namakkal,"[""Namakkal""]",0,0,0,3,3,3,3,3,3,18,3,
90,701,North West  Delhi,90,North West,North West ,18,,,,,0,3,3,3,3,3,3,18,3,
51,317,Rupnagar,51,Rupnagar,Rupnagar,18,,,,,0,3,3,3,3,3,3,18,3,
39,305,Shaheed Bhagat Singh Nagar,39,Shahid Bhagat Singh Nagar ,Nawanshahr ,16,,,,,0,3,3,3,3,3,3,18,3,
97,708,South West  Delhi,97,South West,South West,18,,,,,0,3,3,3,3,3,3,18,3,
99,801,Sri Ganganagar,99,Sri Ganganagar,Ganganagar,14,Sri Ganganagar,"[""Sri Ganganagar"",""Ganganagar""]",0,0,0,3,3,3,3,3,3,18,3,
634,3401,Yanam,634,Yanam,Yanam,17,,,,,0,3,3,3,3,3,3,18,3,
24,202,Kangra,24,Kangra,Kangra,16,Kangra,"[""Kangra""]",800000,800000,800000,3,3,3,3,3,3,18,3,
248,1204,Papum Pare,248,Papum Pare,Papum Pare,17,Papum Pare,"[""Papum Pare""]",1300000,1300000,1300000,3,3,3,3,3,3,18,3,
66,511,Nainital,66,Nainital,Nainital,18,Nainital,"[""Nainital""]",2600000,2600000,2600000,3,3,3,3,3,3,18,3,
518,2722,Mumbai Suburban,518,Mumbai Suburban,Mumbai (Suburban),18,Mumbai Suburban,"[""Mumbai Suburban""]",3300000,3300000,3300000,3,3,3,3,3,3,18,3,
283,1503,Aizawl,283,Aizawl,Aizawl,18,Aizawl,"[""Aizawl""]",3800000,3800000,3800000,3,3,3,3,3,3,18,3,
72,604,Kurukshetra,72,Kurukshetra,Kurukshetra,17,Kurukshetra,"[""Kurukshetra""]",3900000,3900000,3900000,3,3,3,3,3,3,18,3,
602,3301,Tiruvallur,602,Thiruvallur,Thiruvallur,18,Tiruvallur,"[""Tiruvallur""]",4200000,4200000,4200000,3,3,3,3,3,3,18,3,
570,2916,Chikkamagaluru,570,Chikmagalur,Chikmagalur,13,Chikkamagaluru,"[""Chikkamagaluru"",""Chikmagalur""]",4500000,4500000,4500000,3,3,3,3,3,3,18,3,
243,1102,West Sikkim,242,West District,West,13,East Sikkim,"[""East Sikkim""]",4500000,4500000,4500000,3,3,3,3,3,3,18,3,
37,303,Jalandhar,37,Jalandhar,Jalandhar,17,Jalandhar,"[""Jalandhar""]",4800000,4800000,4800000,3,3,3,3,3,3,18,3,
637,3404,Karaikal,637,Karaikal,Karaikal,18,Karaikal,"[""Karaikal""]",4800000,4800000,4800000,3,3,3,3,3,3,18,3,
490,2423,Navsari,490,Navsari  ,Navsari,15,Navsari,"[""Navsari""]",6200000,6200000,6200000,3,3,3,3,3,3,18,3,
244,1103,South Sikkim,243,South District,South,14,South Sikkim,"[""South Sikkim""]",6400000,6400000,6400000,3,3,3,3,3,3,18,3,
70,602,Ambala,70,Ambala,Ambala,17,Ambala,"[""Ambala""]",6800000,6800000,6800000,3,3,3,3,3,3,18,3,
626,3325,Ramanathapuram,626,Ramanathapuram,Ramanathapuram,14,Ramanathapuram,"[""Ramanathapuram""]",9300000,9300000,9300000,3,3,3,3,3,3,18,3,
495,2502,Daman,495,Daman,Daman,17,Daman,"[""Daman""]",10300000,10300000,10300000,3,3,3,3,3,3,18,3,
69,601,Panchkula,69,Panchkula,Panchkula,18,Panchkula,"[""Panchkula""]",10900000,10900000,10900000,3,3,3,3,3,3,18,3,
289,1601,West Tripura,289,West Tripura ,West Tripura ,12,West Tripura,"[""West Tripura""]",10900000,10900000,10900000,3,3,3,3,3,3,18,3,
478,2411,Porbandar,478,Porbandar ,Porbandar,18,Porbandar,"[""Porbandar""]",13300000,13300000,13300000,3,3,3,3,3,3,18,3,
338,1912,Hooghly,338,Hugli ,Hugli ,13,Hooghly,"[""Hooghly""]",13500000,13500000,13500000,3,3,3,3,3,3,18,3,
611,3310,Nilgiris,611,The Nilgiris,The Nilgiris,16,Nilgiris,"[""Nilgiris""]",13900000,13900000,13900000,3,3,3,3,3,3,18,3,
36,302,Kapurthala,36,Kapurthala ,Kapurthala,17,Kapurthala,"[""Kapurthala""]",14800000,14800000,14800000,3,3,3,3,3,3,18,3,
337,1911,North 24 Parganas,337,North Twenty Four Parganas,North Twenty Four Parganas,13,North 24 Parganas,"[""North 24 Parganas""]",15900000,15900000,15900000,3,3,3,3,3,3,18,3,
629,3328,Kanyakumari,629,Kanniyakumari,Kanniyakumari,15,Kanyakumari,"[""Kanyakumari""]",16000000,16000000,16000000,3,3,3,3,3,3,18,3,
421,2304,Gwalior,421,Gwalior,Gwalior,17,Gwalior,"[""Gwalior""]",16400000,16400000,16400000,3,3,3,3,3,3,18,3,
85,617,Rewari,85,Rewari,Rewari,16,Rewari,"[""Rewari""]",16900000,16900000,16900000,3,3,3,3,3,3,18,3,
613,3312,Karur,613,Karur ,Karur,16,Karur,"[""Karur""]",17300000,17300000,17300000,3,3,3,3,3,3,18,3,
586,3002,South Goa,586,South Goa,South Goa,18,South Goa,"[""South Goa""]",19700000,19700000,19700000,3,3,3,3,3,3,18,3,
82,614,Rohtak,82,Rohtak,Rohtak,17,Rohtak,"[""Rohtak""]",20400000,20400000,20400000,3,3,3,3,3,3,18,3,
604,3303,Kanchipuram,604,Kancheepuram,Kancheepuram,18,Kanchipuram,"[""Kanchipuram""]",21800000,21800000,21800000,3,3,3,3,3,3,18,3,
33,211,Shimla,33,Shimla,Shimla,18,Shimla,"[""Shimla""]",22000000,22000000,22000000,3,3,3,3,3,3,18,3,
91,702,North Delhi,91,North,North,17,North Delhi,"[""North Delhi""]",25000000,25000000,25000000,3,3,3,3,3,3,18,3,
610,3309,Erode,610,Erode,Erode,16,Erode,"[""Erode""]",26300000,26300000,26300000,3,3,3,3,3,3,18,3,
585,3001,North Goa,585,North Goa,North Goa ,18,North Goa,"[""North Goa""]",29300000,29300000,29300000,3,3,3,3,3,3,18,3,
341,1915,Howrah,341,Howrah,Haora ,13,Howrah,"[""Howrah""]",30200000,30200000,30200000,3,3,3,3,3,3,18,3,
568,2914,Shimoga,568,Shimoga,Shimoga,14,Shimoga,"[""Shivamogga"",""Shimoga""]",30800000,30800000,30800000,3,3,3,3,3,3,18,3,
75,607,Panipat,75,Panipat,Panipat,17,Panipat,"[""Panipat""]",34200000,34200000,34200000,3,3,3,3,3,3,18,3,
577,2923,Mysuru,577,Mysore,Mysore,16,Mysuru,"[""Mysuru"",""Mysore""]",40100000,40100000,40100000,3,3,3,3,3,3,18,3,
21,121,Jammu,21,Jammu,Jammu,18,Jammu,"[""Jammu""]",33500000,42400000,42400000,3,3,3,3,3,3,18,3,Samba
298,1706,East Khasi Hills,298,East Khasi Hills,East Khasi Hills,14,East Khasi Hills,"[""East Khasi Hills""]",44700000,44700000,44700000,3,3,3,3,3,3,18,3,
608,3307,Salem,608,Salem,Salem,16,Salem,"[""Salem""]",54100000,54100000,54100000,3,3,3,3,3,3,18,3,
622,3321,Sivaganga,622,Sivaganga,Sivaganga,14,Sivaganga,"[""Sivaganga""]",58000000,58000000,58000000,3,3,3,3,3,3,18,3,
321,1822,Kamrup,321,Kamrup,Kamrup,14,Kamrup,"[""Kamrup""]",58900000,58900000,58900000,3,3,3,3,3,3,18,3,Kamrup Metropolitan
537,3606,Ranga Reddy,537,Rangareddy,Rangareddi,18,Ranga Reddy,"[""Rangareddy"",""Ranga Reddy""]",61100000,61100000,61100000,3,3,3,3,3,3,18,3,
451,2334,Jabalpur,451,Jabalpur,Jabalpur,13,Jabalpur,"[""Jabalpur""]",61200000,61200000,61200000,3,3,3,3,3,3,18,3,
38,304,Hoshiarpur,38,Hoshiarpur,Hoshiarpur,17,Hoshiarpur,"[""Hoshiarpur""]",64800000,64800000,64800000,3,3,3,3,3,3,18,3,
635,3402,Pondicherry,635,Puducherry,Pondicherry,18,Pondicherry,"[""Pondicherry"",""Puducherry""]",70200000,70200000,70200000,3,3,3,3,3,3,18,3,
473,2406,Gandhinagar,473,Gandhinagar,Gandhinagar,18,Gandhinagar,"[""Gandhinagar""]",79800000,79800000,79800000,3,3,3,3,3,3,18,3,
562,2908,Dharwad,562,Dharwad,Dharwad,16,Dharwad,"[""Dharwad""]",80000000,80000000,80000000,3,3,3,3,3,3,18,3,
491,2424,Valsad,491,Valsad,Valsad,14,Valsad,"[""Valsad""]",80000000,80000000,80000000,3,3,3,3,3,3,18,3,
623,3322,Madurai,623,Madurai,Madurai,18,Madurai,"[""Madurai""]",84500000,84500000,84500000,3,3,3,3,3,3,18,3,
614,3313,Tiruchirappalli,614,Tiruchirappalli,Tiruchirappalli,16,Tiruchirappalli,"[""Tiruchirappalli""]",97200000,97200000,97200000,3,3,3,3,3,3,18,3,
76,608,Sonepat,76,Sonipat,Sonipat,17,Sonepat,"[""Sonipat"",""Sonepat""]",101500000,101500000,101500000,3,3,3,3,3,3,18,3,
164,933,Kanpur Nagar,164,Kanpur Nagar,Kanpur Nagar,14,Kanpur Nagar,"[""Kanpur Nagar""]",101700000,101700000,101700000,3,3,3,3,3,3,18,3,
371,2102,Jharsuguda,371,Jharsuguda,Jharsuguda,9,Jharsuguda,"[""Jharsuguda""]",112700000,112700000,112700000,3,3,3,3,3,3,18,3,
530,2734,Kolhapur,530,Kolhapur,Kolhapur,18,Kolhapur,"[""Kolhapur""]",115400000,115400000,115400000,3,3,3,3,3,3,18,3,
95,706,Central Delhi,95,Central,Central,17,Central Delhi,"[""Central Delhi""]",120200000,120200000,120200000,3,3,3,3,3,3,18,3,
30,208,Bilaspur,30,Bilaspur,Bilaspur,16,Bilaspur,"[""Bilaspur""]",121500000,121500000,121500000,3,3,3,3,3,3,18,3,
439,2322,Indore,439,Indore,Indore,17,Indore,"[""Indore""]",135200000,135200000,135200000,3,3,3,3,3,3,18,3,
627,3326,Thoothukudi,627,Thoothukkudi,Thoothukkudi,18,Thoothukudi,"[""Thoothukudi"",""Tuticorin""]",140700000,140700000,140700000,3,3,3,3,3,3,18,3,
55,401,Chandigarh,55,Chandigarh,Chandigarh,18,Chandigarh,"[""Chandigarh""]",142900000,142900000,142900000,3,3,3,3,3,3,18,3,
127,829,Kota,127,Kota ,Kota,18,Kota,"[""Kota""]",148200000,148200000,148200000,3,3,3,3,3,3,18,3,
98,709,South Delhi,98,South Delhi,South,18,South Delhi,"[""South Delhi""]",151000000,152200000,152200000,3,3,3,3,3,3,18,3,South East Delhi
620,3319,Thanjavur,620,Thanjavur,Thanjavur,13,Thanjavur,"[""Thanjavur""]",172000000,172000000,172000000,3,3,3,3,3,3,18,3,
444,2327,Bhopal,444,Bhopal,Bhopal,18,Bhopal,"[""Bhopal""]",177700000,177700000,177700000,3,3,3,3,3,3,18,3,
88,620,Faridabad,88,Faridabad,Faridabad,17,Faridabad,"[""Faridabad""]",165300000,183600000,183600000,3,3,3,3,3,3,18,3,Palwal 
60,505,Dehradun,60,Dehradun,Dehradun,18,Dehradun,"[""Dehradun""]",183700000,183700000,183700000,3,3,3,3,3,3,18,3,
476,2409,Rajkot,476,Rajkot,Rajkot,18,Rajkot,"[""Rajkot""]",194600000,194600000,194600000,3,3,3,3,3,3,18,3,
520,2204,Raigarh,520,Raigarh,Raigarh,18,Raigarh,"[""Raigarh""]",243200000,243200000,243200000,3,3,3,3,3,3,18,3,
488,2421,Bharuch,488,Bharuch,Bharuch,17,Bharuch,"[""Bharuch""]",298800000,298800000,298800000,3,3,3,3,3,3,18,3,
516,2720,Nashik,516,Nashik,Nashik,15,Nashik,"[""Nashik""]",347700000,347700000,347700000,3,3,3,3,3,3,18,3,
41,307,Ludhiana,41,Ludhiana,Ludhiana,17,Ludhiana,"[""Ludhiana""]",402800000,402800000,402800000,3,3,3,3,3,3,18,3,
492,2425,Surat,492,Surat,Surat,18,Surat,"[""Surat""]",429500000,436200000,436200000,3,3,3,3,3,3,18,3,Tapi
486,2419,Vadodara,486,Vadodara,Vadodara,18,Vadodara,"[""Vadodara""]",440400000,440400000,440400000,3,3,3,3,3,3,18,3,
110,812,Jaipur,110,Jaipur ,Jaipur,18,Jaipur,"[""Jaipur""]",475400000,475400000,475400000,3,3,3,3,3,3,18,3,
505,2709,Nagpur,505,Nagpur,Nagpur,18,Nagpur,"[""Nagpur""]",476400000,476400000,476400000,3,3,3,3,3,3,18,3,
31,209,Solan,31,Solan,Solan,18,Solan,"[""Solan""]",521800000,521800000,521800000,3,3,3,3,3,3,18,3,
96,707,West Delhi,96,West,West,18,West Delhi,"[""West Delhi""]",558300000,558300000,558300000,3,3,3,3,3,3,18,3,
632,3331,Coimbatore,632,Coimbatore,Coimbatore,18,Coimbatore,"[""Coimbatore""]",596200000,597800000,597800000,3,3,3,3,3,3,18,3,Tiruppur
572,2918,Bangalore Urban,572,Bangalore,Bangalore,18,Bangalore Urban,"[""Bengaluru Urban"",""Bangalore Urban"",""Banglore Urban""]",887000000,887000000,887000000,3,3,3,3,3,3,18,3,
92,703,North East  Delhi,92,North East,North East,18,Delhi,"[""New Delhi"",""Delhi""]",936000000,936000000,936000000,3,3,3,3,3,3,18,3,
536,3605,Hyderabad,536,Hyderabad,Hyderabad,18,Hyderabad,"[""Hyderabad""]",1033200000,1037100000,1037100000,3,3,3,3,3,3,18,3,"Medchal, Sangareddy"
141,910,Gautam Buddh Nagar,141,Gautam Buddha Nagar,Gautam Buddha Nagar,18,Gautam Buddh Nagar,"[""Gautam Buddha Nagar"",""Gautam Buddh Nagar""]",1061200000,1061200000,1061200000,3,3,3,3,3,3,18,3,
93,705,Delhi,93,east delhi,East,18,East Delhi,"[""East Delhi""]",1231800000,1231800000,1231800000,3,3,3,3,3,3,18,3,
86,618,Gurgaon,86,Gurgaon,Gurgaon,17,Gurgaon,"[""Gurgaon"",""Gurugram""]",1166800000,1241300000,1241300000,3,3,3,3,3,3,18,3,Mewat 
342,1916,Kolkata,342,Kolkata,Kolkata,18,Kolkata,"[""Kolkata""]",2064800000,2064800000,2064800000,3,3,3,3,3,3,18,3,
605,3304,Vellore,605,Vellore,Vellore,16,Vellore,"[""Vellore""]",2214400000,2214400000,2214400000,3,3,3,3,3,3,18,3,
474,2407,Ahmedabad,474,Ahmadabad,Ahmadabad,18,Ahmedabad,"[""Ahmedabad""]",2863700000,2863700000,2863700000,3,3,3,3,3,3,18,3,
603,3302,Chennai,603,Chennai,Chennai,18,Chennai,"[""Chennai""]",3279800000,3279800000,3279800000,3,3,3,3,3,3,18,3,
521,2725,Pune,521,Pune,Pune,18,Pune,"[""Pune""]",3935500000,3935500000,3935500000,3,3,3,3,3,3,18,3,
519,2723,Mumbai,519,Mumbai,Mumbai,18,Mumbai,"[""Mumbai City"",""Mumbai""]",5058000000,5058000000,5058000000,3,3,3,3,3,3,18,3,
